Workbook

Sheet Instructions
A1: The Archon (v1.5l)
A2: The official tournament tracking system for "Vampire: The Eternal Struggle" | E2: originally from the V:TES Rulemonger Website (http://www.geocities.com/vtesrep), updated with genetic results: https://www.vekn.net/forum/generic-v-tes-discussion/77200
A4: The Archon was written by Stephen "The Evil One" Buonocore, and maintained by L. Scott Johnson.
A5: The Archon is currently maintained by Vincent Ripoll.
A6: With updates by Robert Goudie and Pascal Bertrand. Additional seatings provided by Lionel Panhaleux.
A8: The latest version of The Archon is available for download at
A9: https://www.vekn.net/downloads
A11: What's New:
B12: V1.5l | C12: Fixed GW flag on the final round when there is a tie. Added seatings for 3R+F up to 300 players.
B13: V1.5k | C13: Added Grand Prix level
B14: V1.5j | C14: Improved seating charts for 3R+F 9-57 players (thanks to Lionel Panhaleux).
B15: V1.5i | C15: Fixed error in 3R+F for 19 players (players 13 and 14 were inverted during R1) and 2R+F for 44 players (the seating introduced in v1.5h was worse).
B16: V1.5h | C16: Fixed unoptimal seatings for 3R+F for 49 players to 200 players, and added seatings for 201-220 players. Reverted to optimal seating for 17 players. Fixed unoptimal seatings for 2R+F for 21 players to 50 players, and added seatings for 51-1210 players.
B17: V1.5g | C17: Fixed unoptimal seatings for 2R+F and 3R+F
B18: V1.5f | C18: Fixed unoptimal seatings introduced in V1.5e due to a flaw in the validation of the new results and some mistakes when reporting the results.
B19: V1.5e | C19: The Archon is now available in xslx (Microsoft Excel) and ods (Libroffice) formats. The old xls format must not be used anymore. Updated the urls. Fixed reversed predator-prey relationships that are authorized by rules 1 and 6, but that should be more important than rule 8 for instance. This applies to the following 3R+F seatings: 17, 19, 20, 21, 23, 27, 31 players
B20: V1.5d | C20: Now using the optimised seatings computed by Vincent (calculations ongoing, current date: 28/06/2015)
B21: V1.5c | C21: Increased the max number of players for 2R+F events, fixed a bug in the 3rd round page in 2R+F events. (Vincent Ripoll). Upgraded the seating for 21-25 players in 2R+F events (Pascal Bertrand) (currently working on the remaining)
B22: V1.5b | C22: Fixed a bug in the chart that made Optimal Seating charts fail to update in OpenOffice.org or LibreOffice. (Jussi Hattara)
B23: V1.5a | C23: Tournament Info sheet made more similar to the Event Registration page of the vekn.net website, where the Event should be registered. Added coefficient for National Qualifiers (0).
... B36: v1.1 | C36: Use Game Wins per the January 2002 update of the V:EKN rules. Enhanced support of optimal seating charts. Corrected 18-player chart.
A39: Instructions for use:
A41: General Instructions
B42: 1 | C42: Welcome to The Archon, the official tournament tracking system for "Vampire: The Eternal Struggle" ("V:TES"). When your tournament is completed and all information within The Archon has been entered, you should immediately send this entire completed workbook to the V:EKN (the "Vampire: Elder Kindred Network"), which is the Official International Players' Organization for V:TES. By sending this to the V:EKN, your players' official V:TES ratings will be updated. See the "Post-Tournament Procedures" below for submitting the results.
C44: Please visit the VEKN web site for all the official information about V:TES and the V:EKN:
C45: https://www.vekn.net/
C47: For information on how to run an officially sanctioned V:TES tournament, including the "Request for Sanctioning", "Request for Prize Support", and all other relevant information, please visit the V:TES website, and go to this page:
C48: https://www.vekn.net/how-to-run-a-v-tes-tournament
C50: Officially sanctioned V:TES Tournaments are run according to the V:EKN Tournament Rules. Also, all current V:TES Rules, Rulings, Errata, and Clarifications must be followed. These can be found on the VEKN website on these pages:
C51: https://www.vekn.net/tournament-rules
C52: https://www.vekn.net/rulebook
C53: https://www.vekn.net/general-rulings
C54: https://www.vekn.net/card-rulings
B56: =B42+1 -> 2 | C56: The archon is available in XSLX and ODS format. If you use Microsoft Excel, use the XSLX format; otherwise use the ODS format. Do not save it under another format (eg. If you use the XSLX format, save it only in that format).
B58: =B56+1 -> 3 | C58: Helpful instructions have been embedded in some cells of this spreadsheet, so that you do not have to refer back to this page often. Please point the cursor to the "little red triangle" in the upper-right corner of some cells for help. To see how this works, point to the triangle to the left of this paragraph.
B60: =B58+1 -> 4 | C60: You should save this spreadsheet file under a new name (like the name of your tournament) before beginning to use it. By doing so, you can use this blank spreadsheet again for future tournaments. Use the Menu Bar selection, FILE, then select SAVE AS and enter a new name. After doing this, you can continue to use this spreadsheet to track your V:TES tournament.
B62: =B60+1 -> 5 | C62: This system implements the V:EKN Sanctioned Tournament Rules, and therefore makes certain assumptions (e.g. all tables will have 4 or (optimally) 5 players). Use V:EKN Tournament Rules when utilizing this system.
A65: Setting up and Tracking Your Tournament
B66: =B62+1 -> 6 | C66: Enter the tournament information into the "Tournament Info" sheet.
B67: - | C67: This is freeform text, but is used in other sheets, so please be accurate. The VEKN numbers of the organizer and judges are used for qualification.
B69: =B66+1 -> 7 | C69: Enter all Player information into the "Methuselahs" sheet.
B70: - | C70: 'Player #' = From 1 to N, where N is the number of players in the tournament. Assign a random number to each of the players. This number will be used throughout this program to track the players' ratings, monitor the players' tournament ranking, and determine table seating positions. This is a required field.
B71: - | C71: 'Player First Name' and 'Player Last Name' = Player's name, as listed on their V:EKN membership card. This is a required field. [NOTE: All players without V:EKN memberships must be registered at the tournament to participate in V:EKN events.]
B72: - | C72: 'Player City' = The city where the player lives.
B73: - | C73: V:EKN #' = required for reporting to the V:EKN. Each player must have a V:EKN ID number and be registered on the official V:EKN registry on the V:EKN's website. If a registered player forgets his V:EKN number at the tournament, you must find it in the registry and insert it in the archon prior to reporting tournament results. If a player is new to tournaments (great!), then issue the new player a V:EKN membership card at the tournament and assign the new player a V:EKN ID number either by creating a unique 7-digit number using your 3-digit prince prefix followed by a 4-digit number of your choosing (just making sure you never assign the same 4 digits to more than one new player) if you're a prince (and then enter that information in the player registry online after the tournament) or by going on-line after the tournament and enter the new player into the player registry (letting the system generate a new V:EKN ID number for the new player) and mail the new player a membership card with the V:EKN ID# generated on the website filled in on the membership card.
C74: https://www.vekn.net/player-registry
B76: =B69+1 -> 8 | C76: The Coordinator uses the "Methuselahs" sheet to monitor the progress of the tournament.
C77: Also, additional information may need to be entered on the "Methuselahs" tab as the tournament progresses.
B78: - | C78: DQ Flag = Place ANY text in this field if a Player is removed from the tournament (for whatever reason). This will eliminate the Player from contention for the Final Round. If the player is removed in the middle of a game, you may wind up with fewer VPs awarded than the Archon is expecting. If so, just enter the round and table into the "Override" sheet to let the Archon know that the table is indeed complete. See additional Comments in the DQ Flag column.
B79: - | C79: Status for Final = This will indicate "DQ" (if the DQ Flag has been entered) or "TIE" if 2 or more players are tied for one of the top 5 slots (the Final Round slots). If "TIE" is indicated, a "coin toss" must be made. See "Coin Ranking" field.
B80: - | C80: Coin Ranking = If "TIE" is indicated in the "Status for Final" field, then 2 or more players are tied for one of the Final Round slots. Break each tie individually, using some random method (like a coin toss or a die roll). Once this is done, indicate the results of the "coin toss" by ranking them in this field. For example, if Players A and B were tied, and Player A won the "coin toss", place a 1 in the "Coin Ranking" field for Player A and a 2 in the "Coin Ranking" field for Player B.
B81: - | C81: Adjusted Rank = After any ties have been broken via a "coin toss" (and the "Coin Ranking" has been entered), this column will indicate the results at the end of 3 Rounds. The top 5 Players will automatically be entered into the "Finalists" section of the "Final Round" sheet. Seating for the Final Round (and the entry of this information into the "Final Round" sheet still needs to be done. See Final Round sheet Comments.
B82: - | C82: Final Rank = This will indicate the Final Rank for all Players in the tournament once the Final Round has been completed.
B84: =B76+1 -> 9 | C84: The Players can be shown the "Standings" sheet so that they can monitor their progress in the tournament.
B85: - | C85: The "Standings" sheet is a subset of the information from the "Methuselahs" sheet, and it is more easily readable. It is also fully 'protected', so that a Player cannot accidently change any data. The "Standings" sheet may also be printed for the players between rounds, if a printer is available.
B87: =B84+1 -> 10 | C87: Enter the round-specific information into the "Round" sheets (for each round, as the rounds are played):
B88: - | C88: # = Player Number, to be used to seat players for each round. These are the Player Numbers from the "Methuselahs" sheet, and should be entered manually for each round. [Note: If you have are running a 3+F tournament, the player seating will be automatically entered from the "Optimal Seating" sheet. You can override these values (to handle ejections or additions) by entering the numbers manually. ]
B89: - | C89: Player First Name and Player Last Name = This will be filled in automatically from the "Methuselah" sheet information.
B90: - | C90: Table Number = The number of the table for this group of 5 (or 4) players. As many tables as possible should have 5 players, with all others having 4 players. 3 player and 6 player tables are not permitted under V:EKN rules. This will fill in automatically.
B91: - | C91: GW = Game Win. This is calculated automatically, using V:EKN rules.
B92: - | C92: VPs = Victory Points. These must be entered manually upon completion of the round, and will flow automatically to the "Methuselahs" sheet. [Note: You may leave VPs blank for a player who scores no VPs.]
B93: - | C93: TPs = Tournament Points. These will be calculated for you automatically, using V:EKN rules, and will take into consideration the difference between 4 and 5 player table TP calculations. This is used as a tie breaker for entering the Final Round, and will flow automatically to the "Methuselahs" sheet.
B94: - | C94: Table Rank = The player's Ranking at the table after the completion of the round (after Victory Points [VPs] are manually entered). This is calculated automatically, and it is used to calculate Tournament Points (TPs) automatically.
B95: - | C95: Round Start Time and End Time = These fields are provided so that you may track the length of each round. This is useful when the tournament rounds have time limits.
B97: =B87+1 -> 11 | C97: Seat the Players for the Final Round and enter the Player numbers on the "Final Round" sheet.
B98: - | C98: The "Final Round" sheet is different from the other "Round" sheets. There are two sections for the Players on this sheet:
B99: a. | C99: "Current Leaders"/"Finalists" section: The top section lists the Current Leaders in the tournament. This will change to Finalists when all preliminary rounds have been posted. No changes can be made to this section. If a Finalist becomes ineligible for any reason (disqualification or self-withdrawal), use the DQ Flag on the "Methuselahs" sheet to eliminate the Player from contention. Disqualified players will not show up on the "Final Round" sheet.
B100: b. | C100: "Table Seating" section: Upon completion of the preliminary rounds (and a "coin toss" if necessary), the top 5 Players in the tournament (based on GWs, VPs, and TPs) will be listed in the above "Finalists" section. These 5 players should now be seated in this section. Seating should be done according to the V:EKN Rules. After the seating has been determined, enter the Player numbers into the "Final Round" sheet.
B101: - | C101: Player First Name, Player Last Name, and Table Number (1) will be completed automatically.
B102: - | C102: At the end of the round, enter the VPs for each Player.
C103: [Note: The "Methuselahs" sheet will now accurately reflect the Final Rank of all Players in the tournament.]
A106: Post-Tournament Procedures
B107: =B97+1 -> 12 | C107: Enter any notes, warnings, or miscellaneous information into the "Notes" sheet.
B108: - | C108: On the "Notes" sheet, you may enter any freeform information. It can be used to track warnings, create notes on the tournament and/or the decks for a later tournament report, or to remind yourself of things to do after the tournament. Consider writing notes about questions that you need to ask to Vincent Ripoll, the V:TES Net Rep (vtesratings@gmail.com) about rulings that you made during the tournament.
B110: =B107+1 -> 13 | C110: Review The Archon to ensure accuracy. This is very important!
B111: - | C111: Perform a thorough check of The Archon to ensure that you have entered all the data correctly. Look particularly at the "Methuselahs" sheet, the "Round" sheets (all of them), and the "Standings" sheet. We want to report good data!
B112: - | C112: When you are sure that The Archon data is correct, submit the Archon on the V:EKN Event module through your event page ( https://www.vekn.net/event-calendar ). The module can detect a few errors, so be sure to read the error messages it reports in red. Only after this will the rankings of the players be updated. If you have any trouble submitting the archon, please contact the Ratings Coordinator at vtesratings@gmail.com
B114: 14 | C114: Send comments about this system to Vincent Ripoll, the current maintainer of the Archon.
B115: - | C115: I would greatly appreciate any comments that you might have, either positive or negative, regarding this system. After you have used this system at a tournament, please send an email to me at vtesratings@gmail.com, and let me know what you thought. Good suggestions may find their way into a later version of The Archon.

Sheet Tournament Info
A1: =IF(ISBLANK(B3),"Vampire: The Eternal Struggle Tournament",B3) -> Russian Nationals 2026
A3: Event Name: | B3: Russian Nationals 2026
A4: Event Date (DD-MON-YY): | B4: 46235
A5: Date Report due at V:EKN: | B5: =IF(B4="","",B4+8) -> 46243
A6: Organizer: | B6: Anatoly Chuhvicheff | C6: 2220012
A7: City: | B7: Sankt-Petersburg
A8: Format (Constructed/Limited): | B8: Constructed | D8: Constructed | E8: Limited
A9: Level (Normal/Qualifier/Championship/Nationals) | B9: National Championship | D9: Standard Constructed | E9: National Qualifier | F9: National Championship | G9: Continental Qualifier | H9: Continental Championship | I9: Grand Prix | J9: Storyline | K9: Limited | L9: Demo | M9: Unsanctioned Tournament
A10: Number of Players: | B10: =Methuselahs!$A$4 -> 16 | D10: 0 | E10: 0 | F10: 0.25 | G10: 0.25 | H10: 1 | I10: 0 | J10: 0 | K10: 0 | L10: 0 | M10: 0
A11: Number of Rounds (including final): | B11: 3 | D11: 3 | E11: 4
A12: Number of Event Matches: | B12: =MAX('Round 1'!D7:D206)+MAX('Round 2'!D7:D206)+MAX('Round 3'!D7:D206)+1 -> 9
A13: Number of New Members: | B13: 4
A14: Number of Warnings Issued:
A15: Number of Disqualifications:
A16: Multi-Judge System Used? | C16: no
A17: Head Judge: | B17: Denis Privalov | C17: 2220014
A18: Assistant Judges: | C18: =IF(ISBLANK(B18),"","VEKN id")
C19: =IF(ISBLANK(B19),"","VEKN id")
C20: =IF(ISBLANK(B20),"","VEKN id")
C21: =IF(ISBLANK(B21),"","VEKN id")
C22: =IF(ISBLANK(B22),"","VEKN id")
C23: =IF(ISBLANK(B23),"","VEKN id")
C24: =IF(ISBLANK(B24),"","VEKN id")
C25: =IF(ISBLANK(B25),"","VEKN id")
C26: =IF(ISBLANK(B26),"","VEKN id")

Sheet Methuselahs
A1: =IF(ISBLANK('Tournament Info'!B3),"Vampire: The Eternal Struggle Tournament",'Tournament Info'!B3) -> Russian Nationals 2026 | Z1: =HLOOKUP('Tournament Info'!$B$9,'Tournament Info'!$D$9:$M$10,2,FALSE()) -> 0.25 | AA1: 90
P2: champ | Q2: nat | R2: norm | S2: qual | T2: reg | Y2: Coef: | Z2: =LOG(MAX($A$4*$A$4,1),15)-1+$Z$1 -> 1.2976642 | AA2: 30
A3: Player Information | O3: 0 | P3: 1 | Q3: 0.25 | R3: 0 | S3: 0.25 | T3: 0 | AA3: 30
A4: =COUNT($A$7:$A$306) -> 16 | B4: players entered | AA4: 30
A5: Player | B5: Player | C5: Player | D5: Player | E5: V:EKN | G5: DQ | H5: Results - Rnds 1, 2, 3 | L5: Status | M5: Coin | N5: Adjusted | O5: VP | P5: TP | Q5: Coin | R5: Real | S5: Flag | T5: Player | U5: Final | V5: CurRank | W5: P# ties | X5: Distinct | Y5: Player | Z5: Final | AA5: 30 | AB5: Rating
A6: Num. | B6: First Name | C6: Last Name | D6: City | E6: Num. | F6: # rnds | G6: Flag | H6: GWs | I6: VPs | J6: TPs | K6: Rank | L6: for Final | M6: Ranking | N6: Rank | O6: =IF(ISERR(MAX($I$7:$I$306)),1,MAX($I$7:$I$306)+1) -> 9 | P6: =IF(ISERR(MAX($J$7:$J$306)),1,MAX($J$7:$J$306)+1) -> 121 | Q6: =IF(ISERR(MAX($M$7:$M$306)),1,MAX($M$7:$M$306)+1) -> 1 | R6: Rank | S6: Ties | T6: Num | U6: Rank | V6: =IF(ISERR(MAX($V$7:$V$306)),1,MAX($V$7:$V$306)+1) -> 17 | W6: =MAX(MPlayerNo)+1 -> 17 | X6: Rank | Y6: Num | Z6: Rank | AA6: Bonus | AB6: Points
A7: 15 | E7: 15 | F7: =IF(ISBLANK($A7),"",SUM(IF(ISNA(IF(VLOOKUP($A7,'Round 1'!$A$7:$J$306,COLUMN('Round 1'!$H$7),FALSE()),1,NA())),0,1),IF(ISNA(IF(VLOOKUP($A7,'Round 2'!$A$7:$J$306,COLUMN('Round 1'!$H$7),FALSE()),1,NA())),0,1),IF(ISNA(IF(VLOOKUP($A7,'Round 3'!$A$7:$J$306,COLUMN('Round 1'!$H$7),FALSE()),1,NA())),0,1),IF(ISNA(IF(VLOOKUP($A7,'Final Round'!$A$14:$K$18,1,FALSE()),1,NA())),0,1))) -> 3 | H7: =IF(ISBLANK($A7),"",IF(ISERROR(VLOOKUP($A7,'Round 1'!$A$7:$I$306,COLUMN('Round 1'!$G$7),FALSE())),0,VLOOKUP($A7,'Round 1'!$A$7:$I$306,COLUMN('Round 1'!$G$7),FALSE()))+IF(ISERROR(VLOOKUP($A7,'Round 2'!$A$7:$I$306,COLUMN('Round 2'!$G$7),FALSE())),0,VLOOKUP($A7,'Round 2'!$A$7:$I$306,COLUMN('Round 2'!$G$7),FALSE()))+IF(ISERROR(VLOOKUP($A7,'Round 3'!$A$7:$I$306,COLUMN('Round 3'!$G$7),FALSE())),0,VLOOKUP($A7,'Round 3'!$A$7:$I$306,COLUMN('Round 3'!$G$7),FALSE()))) -> 1 | I7: =IF(ISBLANK($A7),"",IF(ISERROR(VLOOKUP($A7,'Round 1'!$A$7:$I$306,COLUMN('Round 1'!$F$7),FALSE())),0,VLOOKUP($A7,'Round 1'!$A$7:$I$306,COLUMN('Round 1'!$F$7),FALSE()))+IF(ISERROR(VLOOKUP($A7,'Round 2'!$A$7:$I$306,COLUMN('Round 2'!$F$7),FALSE())),0,VLOOKUP($A7,'Round 2'!$A$7:$I$306,COLUMN('Round 2'!$F$7),FALSE()))+IF(ISERROR(VLOOKUP($A7,'Round 3'!$A$7:$I$306,COLUMN('Round 3'!$F$7),FALSE())),0,VLOOKUP($A7,'Round 3'!$A$7:$I$306,COLUMN('Round 3'!$F$7),FALSE()))) -> 3 | J7: =IF(ISBLANK($A7),"",IF(ISERROR(VLOOKUP($A7,'Round 1'!$A$7:$I$306,COLUMN('Round 1'!$H$7),FALSE())),0,VLOOKUP($A7,'Round 1'!$A$7:$I$306,COLUMN('Round 1'!$H$7),FALSE()))+IF(ISERROR(VLOOKUP($A7,'Round 2'!$A$7:$I$306,COLUMN('Round 2'!$H$7),FALSE())),0,VLOOKUP($A7,'Round 2'!$A$7:$I$306,COLUMN('Round 2'!$H$7),FALSE()))+IF(ISERROR(VLOOKUP($A7,'Round 3'!$A$7:$I$306,COLUMN('Round 3'!$H$7),FALSE())),0,VLOOKUP($A7,'Round 3'!$A$7:$I$306,COLUMN('Round 3'!$H$7),FALSE()))) -> 78 | K7: =IF(ISBLANK(A7),"",RANK(P7,$P$7:$P$306)) -> 5 | L7: =IF(ISBLANK($G7),IF($K7>5,"",IF(AND(ISNA(MATCH(K7+1,$K$7:$K$306,0)),$K7<$A$4),"TIE","")),"DQ") | N7: =IF(ISBLANK($G7),$R7,"DQ") -> 5 | O7: =IF(ISBLANK(A7),"",$H7*$O$6+$I7) -> 12 | P7: =IF(ISBLANK(A7),"",$O7*10*$P$6+$J7) -> 14598 | Q7: =IF(ISBLANK($G7),IF(ISBLANK($A7),-10,$P7*$Q$6+IF($M7>0,$Q$6-1-$M7,0)),-1) -> 14598 | R7: =IF(ISBLANK($A7),"",RANK($Q7,$Q$7:$Q$306)) -> 5 | S7: =IF(ISNA(MATCH($R7+1,$R$7:$R$306,0)),IF($R7=MAX($A$7:$A$306),$R7,-1),$R7) -> 5 | T7: =$A7 -> 15 | U7: =IF(N('Final Round'!$J$14)>0,IF(ISBLANK($A7),"",IF($N7>5,$N7,VLOOKUP($A7,'Final Round'!$A$14:$K$18,COLUMN('Final Round'!$J$1),FALSE()))),"") -> 2 | V7: =IF(ISNUMBER($U7),$U7,$R7) -> 2 | W7: =IF(ISBLANK($A7),"",($V$6-$V7)*$W$6+$W$6-$A7) -> 257 | X7: =IF(ISBLANK($A7),"",RANK($W7,$W$7:$W$306)) -> 5 | Y7: =$A7 -> 15 | Z7: =IF($U7="",$N7,$U7) -> 2 | AA7: =IF($U7<6,INDEX($AA$1:$AA$5,$Z7)*$Z$2,0) -> 38.929926 | AB7: =IF(ISBLANK($A7),"",5+4*(I7+IF(AA7=0,0,VLOOKUP($A7,'Final Round'!$A$14:$K$18,COLUMN('Final Round'!$G$1),FALSE())))+8*(H7+IF(AA7=0,0,IF(VLOOKUP($A7,'Final Round'!$A$14:$K$18,COLUMN('Final Round'!$J$1),FALSE())=1,1,0)))+$AA7) -> 63.929926
A8: 13 | E8: 13 | F8: =IF(ISBLANK($A8),"",SUM(IF(ISNA(IF(VLOOKUP($A8,'Round 1'!$A$7:$J$306,COLUMN('Round 1'!$H$7),FALSE()),1,NA())),0,1),IF(ISNA(IF(VLOOKUP($A8,'Round 2'!$A$7:$J$306,COLUMN('Round 1'!$H$7),FALSE()),1,NA())),0,1),IF(ISNA(IF(VLOOKUP($A8,'Round 3'!$A$7:$J$306,COLUMN('Round 1'!$H$7),FALSE()),1,NA())),0,1),IF(ISNA(IF(VLOOKUP($A8,'Final Round'!$A$14:$K$18,1,FALSE()),1,NA())),0,1))) -> 2 | H8: =IF(ISBLANK($A8),"",IF(ISERROR(VLOOKUP($A8,'Round 1'!$A$7:$I$306,COLUMN('Round 1'!$G$7),FALSE())),0,VLOOKUP($A8,'Round 1'!$A$7:$I$306,COLUMN('Round 1'!$G$7),FALSE()))+IF(ISERROR(VLOOKUP($A8,'Round 2'!$A$7:$I$306,COLUMN('Round 2'!$G$7),FALSE())),0,VLOOKUP($A8,'Round 2'!$A$7:$I$306,COLUMN('Round 2'!$G$7),FALSE()))+IF(ISERROR(VLOOKUP($A8,'Round 3'!$A$7:$I$306,COLUMN('Round 3'!$G$7),FALSE())),0,VLOOKUP($A8,'Round 3'!$A$7:$I$306,COLUMN('Round 3'!$G$7),FALSE()))) -> 0 | I8: =IF(ISBLANK($A8),"",IF(ISERROR(VLOOKUP($A8,'Round 1'!$A$7:$I$306,COLUMN('Round 1'!$F$7),FALSE())),0,VLOOKUP($A8,'Round 1'!$A$7:$I$306,COLUMN('Round 1'!$F$7),FALSE()))+IF(ISERROR(VLOOKUP($A8,'Round 2'!$A$7:$I$306,COLUMN('Round 2'!$F$7),FALSE())),0,VLOOKUP($A8,'Round 2'!$A$7:$I$306,COLUMN('Round 2'!$F$7),FALSE()))+IF(ISERROR(VLOOKUP($A8,'Round 3'!$A$7:$I$306,COLUMN('Round 3'!$F$7),FALSE())),0,VLOOKUP($A8,'Round 3'!$A$7:$I$306,COLUMN('Round 3'!$F$7),FALSE()))) -> 0 | J8: =IF(ISBLANK($A8),"",IF(ISERROR(VLOOKUP($A8,'Round 1'!$A$7:$I$306,COLUMN('Round 1'!$H$7),FALSE())),0,VLOOKUP($A8,'Round 1'!$A$7:$I$306,COLUMN('Round 1'!$H$7),FALSE()))+IF(ISERROR(VLOOKUP($A8,'Round 2'!$A$7:$I$306,COLUMN('Round 2'!$H$7),FALSE())),0,VLOOKUP($A8,'Round 2'!$A$7:$I$306,COLUMN('Round 2'!$H$7),FALSE()))+IF(ISERROR(VLOOKUP($A8,'Round 3'!$A$7:$I$306,COLUMN('Round 3'!$H$7),FALSE())),0,VLOOKUP($A8,'Round 3'!$A$7:$I$306,COLUMN('Round 3'!$H$7),FALSE()))) -> 46 | K8: =IF(ISBLANK(A8),"",RANK(P8,$P$7:$P$306)) -> 13 | L8: =IF(ISBLANK($G8),IF($K8>5,"",IF(AND(ISNA(MATCH(K8+1,$K$7:$K$306,0)),$K8<$A$4),"TIE","")),"DQ") | N8: =IF(ISBLANK($G8),$R8,"DQ") -> 13 | O8: =IF(ISBLANK(A8),"",$H8*$O$6+$I8) -> 0 | P8: =IF(ISBLANK(A8),"",$O8*10*$P$6+$J8) -> 46 | Q8: =IF(ISBLANK($G8),IF(ISBLANK($A8),-10,$P8*$Q$6+IF($M8>0,$Q$6-1-$M8,0)),-1) -> 46 | R8: =IF(ISBLANK($A8),"",RANK($Q8,$Q$7:$Q$306)) -> 13 | S8: =IF(ISNA(MATCH($R8+1,$R$7:$R$306,0)),IF($R8=MAX($A$7:$A$306),$R8,-1),$R8) -> -1 | T8: =$A8 -> 13 | U8: =IF(N('Final Round'!$J$14)>0,IF(ISBLANK($A8),"",IF($N8>5,$N8,VLOOKUP($A8,'Final Round'!$A$14:$K$18,COLUMN('Final Round'!$J$1),FALSE()))),"") -> 13 | V8: =IF(ISNUMBER($U8),$U8,$R8) -> 13 | W8: =IF(ISBLANK($A8),"",($V$6-$V8)*$W$6+$W$6-$A8) -> 72 | X8: =IF(ISBLANK($A8),"",RANK($W8,$W$7:$W$306)) -> 14 | Y8: =$A8 -> 13 | Z8: =IF($U8="",$N8,$U8) -> 13 | AA8: =IF($U8<6,INDEX($AA$1:$AA$5,$Z8)*$Z$2,0) -> 0 | AB8: =IF(ISBLANK($A8),"",5+4*(I8+IF(AA8=0,0,VLOOKUP($A8,'Final Round'!$A$14:$K$18,COLUMN('Final Round'!$G$1),FALSE())))+8*(H8+IF(AA8=0,0,IF(VLOOKUP($A8,'Final Round'!$A$14:$K$18,COLUMN('Final Round'!$J$1),FALSE())=1,1,0)))+$AA8) -> 5
A9: 10 | E9: 10 | F9: =IF(ISBLANK($A9),"",SUM(IF(ISNA(IF(VLOOKUP($A9,'Round 1'!$A$7:$J$306,COLUMN('Round 1'!$H$7),FALSE()),1,NA())),0,1),IF(ISNA(IF(VLOOKUP($A9,'Round 2'!$A$7:$J$306,COLUMN('Round 1'!$H$7),FALSE()),1,NA())),0,1),IF(ISNA(IF(VLOOKUP($A9,'Round 3'!$A$7:$J$306,COLUMN('Round 1'!$H$7),FALSE()),1,NA())),0,1),IF(ISNA(IF(VLOOKUP($A9,'Final Round'!$A$14:$K$18,1,FALSE()),1,NA())),0,1))) -> 2 | H9: =IF(ISBLANK($A9),"",IF(ISERROR(VLOOKUP($A9,'Round 1'!$A$7:$I$306,COLUMN('Round 1'!$G$7),FALSE())),0,VLOOKUP($A9,'Round 1'!$A$7:$I$306,COLUMN('Round 1'!$G$7),FALSE()))+IF(ISERROR(VLOOKUP($A9,'Round 2'!$A$7:$I$306,COLUMN('Round 2'!$G$7),FALSE())),0,VLOOKUP($A9,'Round 2'!$A$7:$I$306,COLUMN('Round 2'!$G$7),FALSE()))+IF(ISERROR(VLOOKUP($A9,'Round 3'!$A$7:$I$306,COLUMN('Round 3'!$G$7),FALSE())),0,VLOOKUP($A9,'Round 3'!$A$7:$I$306,COLUMN('Round 3'!$G$7),FALSE()))) -> 0 | I9: =IF(ISBLANK($A9),"",IF(ISERROR(VLOOKUP($A9,'Round 1'!$A$7:$I$306,COLUMN('Round 1'!$F$7),FALSE())),0,VLOOKUP($A9,'Round 1'!$A$7:$I$306,COLUMN('Round 1'!$F$7),FALSE()))+IF(ISERROR(VLOOKUP($A9,'Round 2'!$A$7:$I$306,COLUMN('Round 2'!$F$7),FALSE())),0,VLOOKUP($A9,'Round 2'!$A$7:$I$306,COLUMN('Round 2'!$F$7),FALSE()))+IF(ISERROR(VLOOKUP($A9,'Round 3'!$A$7:$I$306,COLUMN('Round 3'!$F$7),FALSE())),0,VLOOKUP($A9,'Round 3'!$A$7:$I$306,COLUMN('Round 3'!$F$7),FALSE()))) -> 0 | J9: =IF(ISBLANK($A9),"",IF(ISERROR(VLOOKUP($A9,'Round 1'!$A$7:$I$306,COLUMN('Round 1'!$H$7),FALSE())),0,VLOOKUP($A9,'Round 1'!$A$7:$I$306,COLUMN('Round 1'!$H$7),FALSE()))+IF(ISERROR(VLOOKUP($A9,'Round 2'!$A$7:$I$306,COLUMN('Round 2'!$H$7),FALSE())),0,VLOOKUP($A9,'Round 2'!$A$7:$I$306,COLUMN('Round 2'!$H$7),FALSE()))+IF(ISERROR(VLOOKUP($A9,'Round 3'!$A$7:$I$306,COLUMN('Round 3'!$H$7),FALSE())),0,VLOOKUP($A9,'Round 3'!$A$7:$I$306,COLUMN('Round 3'!$H$7),FALSE()))) -> 56 | K9: =IF(ISBLANK(A9),"",RANK(P9,$P$7:$P$306)) -> 12 | L9: =IF(ISBLANK($G9),IF($K9>5,"",IF(AND(ISNA(MATCH(K9+1,$K$7:$K$306,0)),$K9<$A$4),"TIE","")),"DQ") | N9: =IF(ISBLANK($G9),$R9,"DQ") -> 12 | O9: =IF(ISBLANK(A9),"",$H9*$O$6+$I9) -> 0 | P9: =IF(ISBLANK(A9),"",$O9*10*$P$6+$J9) -> 56 | Q9: =IF(ISBLANK($G9),IF(ISBLANK($A9),-10,$P9*$Q$6+IF($M9>0,$Q$6-1-$M9,0)),-1) -> 56 | R9: =IF(ISBLANK($A9),"",RANK($Q9,$Q$7:$Q$306)) -> 12 | S9: =IF(ISNA(MATCH($R9+1,$R$7:$R$306,0)),IF($R9=MAX($A$7:$A$306),$R9,-1),$R9) -> 12 | T9: =$A9 -> 10 | U9: =IF(N('Final Round'!$J$14)>0,IF(ISBLANK($A9),"",IF($N9>5,$N9,VLOOKUP($A9,'Final Round'!$A$14:$K$18,COLUMN('Final Round'!$J$1),FALSE()))),"") -> 12 | V9: =IF(ISNUMBER($U9),$U9,$R9) -> 12 | W9: =IF(ISBLANK($A9),"",($V$6-$V9)*$W$6+$W$6-$A9) -> 92 | X9: =IF(ISBLANK($A9),"",RANK($W9,$W$7:$W$306)) -> 12 | Y9: =$A9 -> 10 | Z9: =IF($U9="",$N9,$U9) -> 12 | AA9: =IF($U9<6,INDEX($AA$1:$AA$5,$Z9)*$Z$2,0) -> 0 | AB9: =IF(ISBLANK($A9),"",5+4*(I9+IF(AA9=0,0,VLOOKUP($A9,'Final Round'!$A$14:$K$18,COLUMN('Final Round'!$G$1),FALSE())))+8*(H9+IF(AA9=0,0,IF(VLOOKUP($A9,'Final Round'!$A$14:$K$18,COLUMN('Final Round'!$J$1),FALSE())=1,1,0)))+$AA9) -> 5
A10: 16 | E10: 16 | F10: =IF(ISBLANK($A10),"",SUM(IF(ISNA(IF(VLOOKUP($A10,'Round 1'!$A$7:$J$306,COLUMN('Round 1'!$H$7),FALSE()),1,NA())),0,1),IF(ISNA(IF(VLOOKUP($A10,'Round 2'!$A$7:$J$306,COLUMN('Round 1'!$H$7),FALSE()),1,NA())),0,1),IF(ISNA(IF(VLOOKUP($A10,'Round 3'!$A$7:$J$306,COLUMN('Round 1'!$H$7),FALSE()),1,NA())),0,1),IF(ISNA(IF(VLOOKUP($A10,'Final Round'!$A$14:$K$18,1,FALSE()),1,NA())),0,1))) -> 2 | H10: =IF(ISBLANK($A10),"",IF(ISERROR(VLOOKUP($A10,'Round 1'!$A$7:$I$306,COLUMN('Round 1'!$G$7),FALSE())),0,VLOOKUP($A10,'Round 1'!$A$7:$I$306,COLUMN('Round 1'!$G$7),FALSE()))+IF(ISERROR(VLOOKUP($A10,'Round 2'!$A$7:$I$306,COLUMN('Round 2'!$G$7),FALSE())),0,VLOOKUP($A10,'Round 2'!$A$7:$I$306,COLUMN('Round 2'!$G$7),FALSE()))+IF(ISERROR(VLOOKUP($A10,'Round 3'!$A$7:$I$306,COLUMN('Round 3'!$G$7),FALSE())),0,VLOOKUP($A10,'Round 3'!$A$7:$I$306,COLUMN('Round 3'!$G$7),FALSE()))) -> 0 | I10: =IF(ISBLANK($A10),"",IF(ISERROR(VLOOKUP($A10,'Round 1'!$A$7:$I$306,COLUMN('Round 1'!$F$7),FALSE())),0,VLOOKUP($A10,'Round 1'!$A$7:$I$306,COLUMN('Round 1'!$F$7),FALSE()))+IF(ISERROR(VLOOKUP($A10,'Round 2'!$A$7:$I$306,COLUMN('Round 2'!$F$7),FALSE())),0,VLOOKUP($A10,'Round 2'!$A$7:$I$306,COLUMN('Round 2'!$F$7),FALSE()))+IF(ISERROR(VLOOKUP($A10,'Round 3'!$A$7:$I$306,COLUMN('Round 3'!$F$7),FALSE())),0,VLOOKUP($A10,'Round 3'!$A$7:$I$306,COLUMN('Round 3'!$F$7),FALSE()))) -> 1 | J10: =IF(ISBLANK($A10),"",IF(ISERROR(VLOOKUP($A10,'Round 1'!$A$7:$I$306,COLUMN('Round 1'!$H$7),FALSE())),0,VLOOKUP($A10,'Round 1'!$A$7:$I$306,COLUMN('Round 1'!$H$7),FALSE()))+IF(ISERROR(VLOOKUP($A10,'Round 2'!$A$7:$I$306,COLUMN('Round 2'!$H$7),FALSE())),0,VLOOKUP($A10,'Round 2'!$A$7:$I$306,COLUMN('Round 2'!$H$7),FALSE()))+IF(ISERROR(VLOOKUP($A10,'Round 3'!$A$7:$I$306,COLUMN('Round 3'!$H$7),FALSE())),0,VLOOKUP($A10,'Round 3'!$A$7:$I$306,COLUMN('Round 3'!$H$7),FALSE()))) -> 66 | K10: =IF(ISBLANK(A10),"",RANK(P10,$P$7:$P$306)) -> 11 | L10: =IF(ISBLANK($G10),IF($K10>5,"",IF(AND(ISNA(MATCH(K10+1,$K$7:$K$306,0)),$K10<$A$4),"TIE","")),"DQ") | N10: =IF(ISBLANK($G10),$R10,"DQ") -> 11 | O10: =IF(ISBLANK(A10),"",$H10*$O$6+$I10) -> 1 | P10: =IF(ISBLANK(A10),"",$O10*10*$P$6+$J10) -> 1276 | Q10: =IF(ISBLANK($G10),IF(ISBLANK($A10),-10,$P10*$Q$6+IF($M10>0,$Q$6-1-$M10,0)),-1) -> 1276 | R10: =IF(ISBLANK($A10),"",RANK($Q10,$Q$7:$Q$306)) -> 11 | S10: =IF(ISNA(MATCH($R10+1,$R$7:$R$306,0)),IF($R10=MAX($A$7:$A$306),$R10,-1),$R10) -> 11 | T10: =$A10 -> 16 | U10: =IF(N('Final Round'!$J$14)>0,IF(ISBLANK($A10),"",IF($N10>5,$N10,VLOOKUP($A10,'Final Round'!$A$14:$K$18,COLUMN('Final Round'!$J$1),FALSE()))),"") -> 11 | V10: =IF(ISNUMBER($U10),$U10,$R10) -> 11 | W10: =IF(ISBLANK($A10),"",($V$6-$V10)*$W$6+$W$6-$A10) -> 103 | X10: =IF(ISBLANK($A10),"",RANK($W10,$W$7:$W$306)) -> 11 | Y10: =$A10 -> 16 | Z10: =IF($U10="",$N10,$U10) -> 11 | AA10: =IF($U10<6,INDEX($AA$1:$AA$5,$Z10)*$Z$2,0) -> 0 | AB10: =IF(ISBLANK($A10),"",5+4*(I10+IF(AA10=0,0,VLOOKUP($A10,'Final Round'!$A$14:$K$18,COLUMN('Final Round'!$G$1),FALSE())))+8*(H10+IF(AA10=0,0,IF(VLOOKUP($A10,'Final Round'!$A$14:$K$18,COLUMN('Final Round'!$J$1),FALSE())=1,1,0)))+$AA10) -> 9
A11: 6 | E11: 6 | F11: =IF(ISBLANK($A11),"",SUM(IF(ISNA(IF(VLOOKUP($A11,'Round 1'!$A$7:$J$306,COLUMN('Round 1'!$H$7),FALSE()),1,NA())),0,1),IF(ISNA(IF(VLOOKUP($A11,'Round 2'!$A$7:$J$306,COLUMN('Round 1'!$H$7),FALSE()),1,NA())),0,1),IF(ISNA(IF(VLOOKUP($A11,'Round 3'!$A$7:$J$306,COLUMN('Round 1'!$H$7),FALSE()),1,NA())),0,1),IF(ISNA(IF(VLOOKUP($A11,'Final Round'!$A$14:$K$18,1,FALSE()),1,NA())),0,1))) -> 2 | H11: =IF(ISBLANK($A11),"",IF(ISERROR(VLOOKUP($A11,'Round 1'!$A$7:$I$306,COLUMN('Round 1'!$G$7),FALSE())),0,VLOOKUP($A11,'Round 1'!$A$7:$I$306,COLUMN('Round 1'!$G$7),FALSE()))+IF(ISERROR(VLOOKUP($A11,'Round 2'!$A$7:$I$306,COLUMN('Round 2'!$G$7),FALSE())),0,VLOOKUP($A11,'Round 2'!$A$7:$I$306,COLUMN('Round 2'!$G$7),FALSE()))+IF(ISERROR(VLOOKUP($A11,'Round 3'!$A$7:$I$306,COLUMN('Round 3'!$G$7),FALSE())),0,VLOOKUP($A11,'Round 3'!$A$7:$I$306,COLUMN('Round 3'!$G$7),FALSE()))) -> 0 | I11: =IF(ISBLANK($A11),"",IF(ISERROR(VLOOKUP($A11,'Round 1'!$A$7:$I$306,COLUMN('Round 1'!$F$7),FALSE())),0,VLOOKUP($A11,'Round 1'!$A$7:$I$306,COLUMN('Round 1'!$F$7),FALSE()))+IF(ISERROR(VLOOKUP($A11,'Round 2'!$A$7:$I$306,COLUMN('Round 2'!$F$7),FALSE())),0,VLOOKUP($A11,'Round 2'!$A$7:$I$306,COLUMN('Round 2'!$F$7),FALSE()))+IF(ISERROR(VLOOKUP($A11,'Round 3'!$A$7:$I$306,COLUMN('Round 3'!$F$7),FALSE())),0,VLOOKUP($A11,'Round 3'!$A$7:$I$306,COLUMN('Round 3'!$F$7),FALSE()))) -> 2 | J11: =IF(ISBLANK($A11),"",IF(ISERROR(VLOOKUP($A11,'Round 1'!$A$7:$I$306,COLUMN('Round 1'!$H$7),FALSE())),0,VLOOKUP($A11,'Round 1'!$A$7:$I$306,COLUMN('Round 1'!$H$7),FALSE()))+IF(ISERROR(VLOOKUP($A11,'Round 2'!$A$7:$I$306,COLUMN('Round 2'!$H$7),FALSE())),0,VLOOKUP($A11,'Round 2'!$A$7:$I$306,COLUMN('Round 2'!$H$7),FALSE()))+IF(ISERROR(VLOOKUP($A11,'Round 3'!$A$7:$I$306,COLUMN('Round 3'!$H$7),FALSE())),0,VLOOKUP($A11,'Round 3'!$A$7:$I$306,COLUMN('Round 3'!$H$7),FALSE()))) -> 82 | K11: =IF(ISBLANK(A11),"",RANK(P11,$P$7:$P$306)) -> 7 | L11: =IF(ISBLANK($G11),IF($K11>5,"",IF(AND(ISNA(MATCH(K11+1,$K$7:$K$306,0)),$K11<$A$4),"TIE","")),"DQ") | N11: =IF(ISBLANK($G11),$R11,"DQ") -> 7 | O11: =IF(ISBLANK(A11),"",$H11*$O$6+$I11) -> 2 | P11: =IF(ISBLANK(A11),"",$O11*10*$P$6+$J11) -> 2502 | Q11: =IF(ISBLANK($G11),IF(ISBLANK($A11),-10,$P11*$Q$6+IF($M11>0,$Q$6-1-$M11,0)),-1) -> 2502 | R11: =IF(ISBLANK($A11),"",RANK($Q11,$Q$7:$Q$306)) -> 7 | S11: =IF(ISNA(MATCH($R11+1,$R$7:$R$306,0)),IF($R11=MAX($A$7:$A$306),$R11,-1),$R11) -> 7 | T11: =$A11 -> 6 | U11: =IF(N('Final Round'!$J$14)>0,IF(ISBLANK($A11),"",IF($N11>5,$N11,VLOOKUP($A11,'Final Round'!$A$14:$K$18,COLUMN('Final Round'!$J$1),FALSE()))),"") -> 7 | V11: =IF(ISNUMBER($U11),$U11,$R11) -> 7 | W11: =IF(ISBLANK($A11),"",($V$6-$V11)*$W$6+$W$6-$A11) -> 181 | X11: =IF(ISBLANK($A11),"",RANK($W11,$W$7:$W$306)) -> 7 | Y11: =$A11 -> 6 | Z11: =IF($U11="",$N11,$U11) -> 7 | AA11: =IF($U11<6,INDEX($AA$1:$AA$5,$Z11)*$Z$2,0) -> 0 | AB11: =IF(ISBLANK($A11),"",5+4*(I11+IF(AA11=0,0,VLOOKUP($A11,'Final Round'!$A$14:$K$18,COLUMN('Final Round'!$G$1),FALSE())))+8*(H11+IF(AA11=0,0,IF(VLOOKUP($A11,'Final Round'!$A$14:$K$18,COLUMN('Final Round'!$J$1),FALSE())=1,1,0)))+$AA11) -> 13
A12: 14 | E12: 14 | F12: =IF(ISBLANK($A12),"",SUM(IF(ISNA(IF(VLOOKUP($A12,'Round 1'!$A$7:$J$306,COLUMN('Round 1'!$H$7),FALSE()),1,NA())),0,1),IF(ISNA(IF(VLOOKUP($A12,'Round 2'!$A$7:$J$306,COLUMN('Round 1'!$H$7),FALSE()),1,NA())),0,1),IF(ISNA(IF(VLOOKUP($A12,'Round 3'!$A$7:$J$306,COLUMN('Round 1'!$H$7),FALSE()),1,NA())),0,1),IF(ISNA(IF(VLOOKUP($A12,'Final Round'!$A$14:$K$18,1,FALSE()),1,NA())),0,1))) -> 3 | H12: =IF(ISBLANK($A12),"",IF(ISERROR(VLOOKUP($A12,'Round 1'!$A$7:$I$306,COLUMN('Round 1'!$G$7),FALSE())),0,VLOOKUP($A12,'Round 1'!$A$7:$I$306,COLUMN('Round 1'!$G$7),FALSE()))+IF(ISERROR(VLOOKUP($A12,'Round 2'!$A$7:$I$306,COLUMN('Round 2'!$G$7),FALSE())),0,VLOOKUP($A12,'Round 2'!$A$7:$I$306,COLUMN('Round 2'!$G$7),FALSE()))+IF(ISERROR(VLOOKUP($A12,'Round 3'!$A$7:$I$306,COLUMN('Round 3'!$G$7),FALSE())),0,VLOOKUP($A12,'Round 3'!$A$7:$I$306,COLUMN('Round 3'!$G$7),FALSE()))) -> 1 | I12: =IF(ISBLANK($A12),"",IF(ISERROR(VLOOKUP($A12,'Round 1'!$A$7:$I$306,COLUMN('Round 1'!$F$7),FALSE())),0,VLOOKUP($A12,'Round 1'!$A$7:$I$306,COLUMN('Round 1'!$F$7),FALSE()))+IF(ISERROR(VLOOKUP($A12,'Round 2'!$A$7:$I$306,COLUMN('Round 2'!$F$7),FALSE())),0,VLOOKUP($A12,'Round 2'!$A$7:$I$306,COLUMN('Round 2'!$F$7),FALSE()))+IF(ISERROR(VLOOKUP($A12,'Round 3'!$A$7:$I$306,COLUMN('Round 3'!$F$7),FALSE())),0,VLOOKUP($A12,'Round 3'!$A$7:$I$306,COLUMN('Round 3'!$F$7),FALSE()))) -> 3.5 | J12: =IF(ISBLANK($A12),"",IF(ISERROR(VLOOKUP($A12,'Round 1'!$A$7:$I$306,COLUMN('Round 1'!$H$7),FALSE())),0,VLOOKUP($A12,'Round 1'!$A$7:$I$306,COLUMN('Round 1'!$H$7),FALSE()))+IF(ISERROR(VLOOKUP($A12,'Round 2'!$A$7:$I$306,COLUMN('Round 2'!$H$7),FALSE())),0,VLOOKUP($A12,'Round 2'!$A$7:$I$306,COLUMN('Round 2'!$H$7),FALSE()))+IF(ISERROR(VLOOKUP($A12,'Round 3'!$A$7:$I$306,COLUMN('Round 3'!$H$7),FALSE())),0,VLOOKUP($A12,'Round 3'!$A$7:$I$306,COLUMN('Round 3'!$H$7),FALSE()))) -> 84 | K12: =IF(ISBLANK(A12),"",RANK(P12,$P$7:$P$306)) -> 3 | L12: =IF(ISBLANK($G12),IF($K12>5,"",IF(AND(ISNA(MATCH(K12+1,$K$7:$K$306,0)),$K12<$A$4),"TIE","")),"DQ") | N12: =IF(ISBLANK($G12),$R12,"DQ") -> 3 | O12: =IF(ISBLANK(A12),"",$H12*$O$6+$I12) -> 12.5 | P12: =IF(ISBLANK(A12),"",$O12*10*$P$6+$J12) -> 15209 | Q12: =IF(ISBLANK($G12),IF(ISBLANK($A12),-10,$P12*$Q$6+IF($M12>0,$Q$6-1-$M12,0)),-1) -> 15209 | R12: =IF(ISBLANK($A12),"",RANK($Q12,$Q$7:$Q$306)) -> 3 | S12: =IF(ISNA(MATCH($R12+1,$R$7:$R$306,0)),IF($R12=MAX($A$7:$A$306),$R12,-1),$R12) -> 3 | T12: =$A12 -> 14 | U12: =IF(N('Final Round'!$J$14)>0,IF(ISBLANK($A12),"",IF($N12>5,$N12,VLOOKUP($A12,'Final Round'!$A$14:$K$18,COLUMN('Final Round'!$J$1),FALSE()))),"") -> 2 | V12: =IF(ISNUMBER($U12),$U12,$R12) -> 2 | W12: =IF(ISBLANK($A12),"",($V$6-$V12)*$W$6+$W$6-$A12) -> 258 | X12: =IF(ISBLANK($A12),"",RANK($W12,$W$7:$W$306)) -> 4 | Y12: =$A12 -> 14 | Z12: =IF($U12="",$N12,$U12) -> 2 | AA12: =IF($U12<6,INDEX($AA$1:$AA$5,$Z12)*$Z$2,0) -> 38.929926 | AB12: =IF(ISBLANK($A12),"",5+4*(I12+IF(AA12=0,0,VLOOKUP($A12,'Final Round'!$A$14:$K$18,COLUMN('Final Round'!$G$1),FALSE())))+8*(H12+IF(AA12=0,0,IF(VLOOKUP($A12,'Final Round'!$A$14:$K$18,COLUMN('Final Round'!$J$1),FALSE())=1,1,0)))+$AA12) -> 65.929926
A13: 1 | E13: 1 | F13: =IF(ISBLANK($A13),"",SUM(IF(ISNA(IF(VLOOKUP($A13,'Round 1'!$A$7:$J$306,COLUMN('Round 1'!$H$7),FALSE()),1,NA())),0,1),IF(ISNA(IF(VLOOKUP($A13,'Round 2'!$A$7:$J$306,COLUMN('Round 1'!$H$7),FALSE()),1,NA())),0,1),IF(ISNA(IF(VLOOKUP($A13,'Round 3'!$A$7:$J$306,COLUMN('Round 1'!$H$7),FALSE()),1,NA())),0,1),IF(ISNA(IF(VLOOKUP($A13,'Final Round'!$A$14:$K$18,1,FALSE()),1,NA())),0,1))) -> 2 | H13: =IF(ISBLANK($A13),"",IF(ISERROR(VLOOKUP($A13,'Round 1'!$A$7:$I$306,COLUMN('Round 1'!$G$7),FALSE())),0,VLOOKUP($A13,'Round 1'!$A$7:$I$306,COLUMN('Round 1'!$G$7),FALSE()))+IF(ISERROR(VLOOKUP($A13,'Round 2'!$A$7:$I$306,COLUMN('Round 2'!$G$7),FALSE())),0,VLOOKUP($A13,'Round 2'!$A$7:$I$306,COLUMN('Round 2'!$G$7),FALSE()))+IF(ISERROR(VLOOKUP($A13,'Round 3'!$A$7:$I$306,COLUMN('Round 3'!$G$7),FALSE())),0,VLOOKUP($A13,'Round 3'!$A$7:$I$306,COLUMN('Round 3'!$G$7),FALSE()))) -> 0 | I13: =IF(ISBLANK($A13),"",IF(ISERROR(VLOOKUP($A13,'Round 1'!$A$7:$I$306,COLUMN('Round 1'!$F$7),FALSE())),0,VLOOKUP($A13,'Round 1'!$A$7:$I$306,COLUMN('Round 1'!$F$7),FALSE()))+IF(ISERROR(VLOOKUP($A13,'Round 2'!$A$7:$I$306,COLUMN('Round 2'!$F$7),FALSE())),0,VLOOKUP($A13,'Round 2'!$A$7:$I$306,COLUMN('Round 2'!$F$7),FALSE()))+IF(ISERROR(VLOOKUP($A13,'Round 3'!$A$7:$I$306,COLUMN('Round 3'!$F$7),FALSE())),0,VLOOKUP($A13,'Round 3'!$A$7:$I$306,COLUMN('Round 3'!$F$7),FALSE()))) -> 3 | J13: =IF(ISBLANK($A13),"",IF(ISERROR(VLOOKUP($A13,'Round 1'!$A$7:$I$306,COLUMN('Round 1'!$H$7),FALSE())),0,VLOOKUP($A13,'Round 1'!$A$7:$I$306,COLUMN('Round 1'!$H$7),FALSE()))+IF(ISERROR(VLOOKUP($A13,'Round 2'!$A$7:$I$306,COLUMN('Round 2'!$H$7),FALSE())),0,VLOOKUP($A13,'Round 2'!$A$7:$I$306,COLUMN('Round 2'!$H$7),FALSE()))+IF(ISERROR(VLOOKUP($A13,'Round 3'!$A$7:$I$306,COLUMN('Round 3'!$H$7),FALSE())),0,VLOOKUP($A13,'Round 3'!$A$7:$I$306,COLUMN('Round 3'!$H$7),FALSE()))) -> 102 | K13: =IF(ISBLANK(A13),"",RANK(P13,$P$7:$P$306)) -> 6 | L13: =IF(ISBLANK($G13),IF($K13>5,"",IF(AND(ISNA(MATCH(K13+1,$K$7:$K$306,0)),$K13<$A$4),"TIE","")),"DQ") | N13: =IF(ISBLANK($G13),$R13,"DQ") -> 6 | O13: =IF(ISBLANK(A13),"",$H13*$O$6+$I13) -> 3 | P13: =IF(ISBLANK(A13),"",$O13*10*$P$6+$J13) -> 3732 | Q13: =IF(ISBLANK($G13),IF(ISBLANK($A13),-10,$P13*$Q$6+IF($M13>0,$Q$6-1-$M13,0)),-1) -> 3732 | R13: =IF(ISBLANK($A13),"",RANK($Q13,$Q$7:$Q$306)) -> 6 | S13: =IF(ISNA(MATCH($R13+1,$R$7:$R$306,0)),IF($R13=MAX($A$7:$A$306),$R13,-1),$R13) -> 6 | T13: =$A13 -> 1 | U13: =IF(N('Final Round'!$J$14)>0,IF(ISBLANK($A13),"",IF($N13>5,$N13,VLOOKUP($A13,'Final Round'!$A$14:$K$18,COLUMN('Final Round'!$J$1),FALSE()))),"") -> 6 | V13: =IF(ISNUMBER($U13),$U13,$R13) -> 6 | W13: =IF(ISBLANK($A13),"",($V$6-$V13)*$W$6+$W$6-$A13) -> 203 | X13: =IF(ISBLANK($A13),"",RANK($W13,$W$7:$W$306)) -> 6 | Y13: =$A13 -> 1 | Z13: =IF($U13="",$N13,$U13) -> 6 | AA13: =IF($U13<6,INDEX($AA$1:$AA$5,$Z13)*$Z$2,0) -> 0 | AB13: =IF(ISBLANK($A13),"",5+4*(I13+IF(AA13=0,0,VLOOKUP($A13,'Final Round'!$A$14:$K$18,COLUMN('Final Round'!$G$1),FALSE())))+8*(H13+IF(AA13=0,0,IF(VLOOKUP($A13,'Final Round'!$A$14:$K$18,COLUMN('Final Round'!$J$1),FALSE())=1,1,0)))+$AA13) -> 17
A14: 11 | E14: 11 | F14: =IF(ISBLANK($A14),"",SUM(IF(ISNA(IF(VLOOKUP($A14,'Round 1'!$A$7:$J$306,COLUMN('Round 1'!$H$7),FALSE()),1,NA())),0,1),IF(ISNA(IF(VLOOKUP($A14,'Round 2'!$A$7:$J$306,COLUMN('Round 1'!$H$7),FALSE()),1,NA())),0,1),IF(ISNA(IF(VLOOKUP($A14,'Round 3'!$A$7:$J$306,COLUMN('Round 1'!$H$7),FALSE()),1,NA())),0,1),IF(ISNA(IF(VLOOKUP($A14,'Final Round'!$A$14:$K$18,1,FALSE()),1,NA())),0,1))) -> 3 | H14: =IF(ISBLANK($A14),"",IF(ISERROR(VLOOKUP($A14,'Round 1'!$A$7:$I$306,COLUMN('Round 1'!$G$7),FALSE())),0,VLOOKUP($A14,'Round 1'!$A$7:$I$306,COLUMN('Round 1'!$G$7),FALSE()))+IF(ISERROR(VLOOKUP($A14,'Round 2'!$A$7:$I$306,COLUMN('Round 2'!$G$7),FALSE())),0,VLOOKUP($A14,'Round 2'!$A$7:$I$306,COLUMN('Round 2'!$G$7),FALSE()))+IF(ISERROR(VLOOKUP($A14,'Round 3'!$A$7:$I$306,COLUMN('Round 3'!$G$7),FALSE())),0,VLOOKUP($A14,'Round 3'!$A$7:$I$306,COLUMN('Round 3'!$G$7),FALSE()))) -> 1 | I14: =IF(ISBLANK($A14),"",IF(ISERROR(VLOOKUP($A14,'Round 1'!$A$7:$I$306,COLUMN('Round 1'!$F$7),FALSE())),0,VLOOKUP($A14,'Round 1'!$A$7:$I$306,COLUMN('Round 1'!$F$7),FALSE()))+IF(ISERROR(VLOOKUP($A14,'Round 2'!$A$7:$I$306,COLUMN('Round 2'!$F$7),FALSE())),0,VLOOKUP($A14,'Round 2'!$A$7:$I$306,COLUMN('Round 2'!$F$7),FALSE()))+IF(ISERROR(VLOOKUP($A14,'Round 3'!$A$7:$I$306,COLUMN('Round 3'!$F$7),FALSE())),0,VLOOKUP($A14,'Round 3'!$A$7:$I$306,COLUMN('Round 3'!$F$7),FALSE()))) -> 4 | J14: =IF(ISBLANK($A14),"",IF(ISERROR(VLOOKUP($A14,'Round 1'!$A$7:$I$306,COLUMN('Round 1'!$H$7),FALSE())),0,VLOOKUP($A14,'Round 1'!$A$7:$I$306,COLUMN('Round 1'!$H$7),FALSE()))+IF(ISERROR(VLOOKUP($A14,'Round 2'!$A$7:$I$306,COLUMN('Round 2'!$H$7),FALSE())),0,VLOOKUP($A14,'Round 2'!$A$7:$I$306,COLUMN('Round 2'!$H$7),FALSE()))+IF(ISERROR(VLOOKUP($A14,'Round 3'!$A$7:$I$306,COLUMN('Round 3'!$H$7),FALSE())),0,VLOOKUP($A14,'Round 3'!$A$7:$I$306,COLUMN('Round 3'!$H$7),FALSE()))) -> 78 | K14: =IF(ISBLANK(A14),"",RANK(P14,$P$7:$P$306)) -> 2 | L14: =IF(ISBLANK($G14),IF($K14>5,"",IF(AND(ISNA(MATCH(K14+1,$K$7:$K$306,0)),$K14<$A$4),"TIE","")),"DQ") | N14: =IF(ISBLANK($G14),$R14,"DQ") -> 2 | O14: =IF(ISBLANK(A14),"",$H14*$O$6+$I14) -> 13 | P14: =IF(ISBLANK(A14),"",$O14*10*$P$6+$J14) -> 15808 | Q14: =IF(ISBLANK($G14),IF(ISBLANK($A14),-10,$P14*$Q$6+IF($M14>0,$Q$6-1-$M14,0)),-1) -> 15808 | R14: =IF(ISBLANK($A14),"",RANK($Q14,$Q$7:$Q$306)) -> 2 | S14: =IF(ISNA(MATCH($R14+1,$R$7:$R$306,0)),IF($R14=MAX($A$7:$A$306),$R14,-1),$R14) -> 2 | T14: =$A14 -> 11 | U14: =IF(N('Final Round'!$J$14)>0,IF(ISBLANK($A14),"",IF($N14>5,$N14,VLOOKUP($A14,'Final Round'!$A$14:$K$18,COLUMN('Final Round'!$J$1),FALSE()))),"") -> 2 | V14: =IF(ISNUMBER($U14),$U14,$R14) -> 2 | W14: =IF(ISBLANK($A14),"",($V$6-$V14)*$W$6+$W$6-$A14) -> 261 | X14: =IF(ISBLANK($A14),"",RANK($W14,$W$7:$W$306)) -> 3 | Y14: =$A14 -> 11 | Z14: =IF($U14="",$N14,$U14) -> 2 | AA14: =IF($U14<6,INDEX($AA$1:$AA$5,$Z14)*$Z$2,0) -> 38.929926 | AB14: =IF(ISBLANK($A14),"",5+4*(I14+IF(AA14=0,0,VLOOKUP($A14,'Final Round'!$A$14:$K$18,COLUMN('Final Round'!$G$1),FALSE())))+8*(H14+IF(AA14=0,0,IF(VLOOKUP($A14,'Final Round'!$A$14:$K$18,COLUMN('Final Round'!$J$1),FALSE())=1,1,0)))+$AA14) -> 67.929926
A15: 2 | E15: 2 | F15: =IF(ISBLANK($A15),"",SUM(IF(ISNA(IF(VLOOKUP($A15,'Round 1'!$A$7:$J$306,COLUMN('Round 1'!$H$7),FALSE()),1,NA())),0,1),IF(ISNA(IF(VLOOKUP($A15,'Round 2'!$A$7:$J$306,COLUMN('Round 1'!$H$7),FALSE()),1,NA())),0,1),IF(ISNA(IF(VLOOKUP($A15,'Round 3'!$A$7:$J$306,COLUMN('Round 1'!$H$7),FALSE()),1,NA())),0,1),IF(ISNA(IF(VLOOKUP($A15,'Final Round'!$A$14:$K$18,1,FALSE()),1,NA())),0,1))) -> 2 | H15: =IF(ISBLANK($A15),"",IF(ISERROR(VLOOKUP($A15,'Round 1'!$A$7:$I$306,COLUMN('Round 1'!$G$7),FALSE())),0,VLOOKUP($A15,'Round 1'!$A$7:$I$306,COLUMN('Round 1'!$G$7),FALSE()))+IF(ISERROR(VLOOKUP($A15,'Round 2'!$A$7:$I$306,COLUMN('Round 2'!$G$7),FALSE())),0,VLOOKUP($A15,'Round 2'!$A$7:$I$306,COLUMN('Round 2'!$G$7),FALSE()))+IF(ISERROR(VLOOKUP($A15,'Round 3'!$A$7:$I$306,COLUMN('Round 3'!$G$7),FALSE())),0,VLOOKUP($A15,'Round 3'!$A$7:$I$306,COLUMN('Round 3'!$G$7),FALSE()))) -> 0 | I15: =IF(ISBLANK($A15),"",IF(ISERROR(VLOOKUP($A15,'Round 1'!$A$7:$I$306,COLUMN('Round 1'!$F$7),FALSE())),0,VLOOKUP($A15,'Round 1'!$A$7:$I$306,COLUMN('Round 1'!$F$7),FALSE()))+IF(ISERROR(VLOOKUP($A15,'Round 2'!$A$7:$I$306,COLUMN('Round 2'!$F$7),FALSE())),0,VLOOKUP($A15,'Round 2'!$A$7:$I$306,COLUMN('Round 2'!$F$7),FALSE()))+IF(ISERROR(VLOOKUP($A15,'Round 3'!$A$7:$I$306,COLUMN('Round 3'!$F$7),FALSE())),0,VLOOKUP($A15,'Round 3'!$A$7:$I$306,COLUMN('Round 3'!$F$7),FALSE()))) -> 0 | J15: =IF(ISBLANK($A15),"",IF(ISERROR(VLOOKUP($A15,'Round 1'!$A$7:$I$306,COLUMN('Round 1'!$H$7),FALSE())),0,VLOOKUP($A15,'Round 1'!$A$7:$I$306,COLUMN('Round 1'!$H$7),FALSE()))+IF(ISERROR(VLOOKUP($A15,'Round 2'!$A$7:$I$306,COLUMN('Round 2'!$H$7),FALSE())),0,VLOOKUP($A15,'Round 2'!$A$7:$I$306,COLUMN('Round 2'!$H$7),FALSE()))+IF(ISERROR(VLOOKUP($A15,'Round 3'!$A$7:$I$306,COLUMN('Round 3'!$H$7),FALSE())),0,VLOOKUP($A15,'Round 3'!$A$7:$I$306,COLUMN('Round 3'!$H$7),FALSE()))) -> 36 | K15: =IF(ISBLANK(A15),"",RANK(P15,$P$7:$P$306)) -> 15 | L15: =IF(ISBLANK($G15),IF($K15>5,"",IF(AND(ISNA(MATCH(K15+1,$K$7:$K$306,0)),$K15<$A$4),"TIE","")),"DQ") | N15: =IF(ISBLANK($G15),$R15,"DQ") -> 15 | O15: =IF(ISBLANK(A15),"",$H15*$O$6+$I15) -> 0 | P15: =IF(ISBLANK(A15),"",$O15*10*$P$6+$J15) -> 36 | Q15: =IF(ISBLANK($G15),IF(ISBLANK($A15),-10,$P15*$Q$6+IF($M15>0,$Q$6-1-$M15,0)),-1) -> 36 | R15: =IF(ISBLANK($A15),"",RANK($Q15,$Q$7:$Q$306)) -> 15 | S15: =IF(ISNA(MATCH($R15+1,$R$7:$R$306,0)),IF($R15=MAX($A$7:$A$306),$R15,-1),$R15) -> 15 | T15: =$A15 -> 2 | U15: =IF(N('Final Round'!$J$14)>0,IF(ISBLANK($A15),"",IF($N15>5,$N15,VLOOKUP($A15,'Final Round'!$A$14:$K$18,COLUMN('Final Round'!$J$1),FALSE()))),"") -> 15 | V15: =IF(ISNUMBER($U15),$U15,$R15) -> 15 | W15: =IF(ISBLANK($A15),"",($V$6-$V15)*$W$6+$W$6-$A15) -> 49 | X15: =IF(ISBLANK($A15),"",RANK($W15,$W$7:$W$306)) -> 15 | Y15: =$A15 -> 2 | Z15: =IF($U15="",$N15,$U15) -> 15 | AA15: =IF($U15<6,INDEX($AA$1:$AA$5,$Z15)*$Z$2,0) -> 0 | AB15: =IF(ISBLANK($A15),"",5+4*(I15+IF(AA15=0,0,VLOOKUP($A15,'Final Round'!$A$14:$K$18,COLUMN('Final Round'!$G$1),FALSE())))+8*(H15+IF(AA15=0,0,IF(VLOOKUP($A15,'Final Round'!$A$14:$K$18,COLUMN('Final Round'!$J$1),FALSE())=1,1,0)))+$AA15) -> 5
A16: 7 | E16: 7 | F16: =IF(ISBLANK($A16),"",SUM(IF(ISNA(IF(VLOOKUP($A16,'Round 1'!$A$7:$J$306,COLUMN('Round 1'!$H$7),FALSE()),1,NA())),0,1),IF(ISNA(IF(VLOOKUP($A16,'Round 2'!$A$7:$J$306,COLUMN('Round 1'!$H$7),FALSE()),1,NA())),0,1),IF(ISNA(IF(VLOOKUP($A16,'Round 3'!$A$7:$J$306,COLUMN('Round 1'!$H$7),FALSE()),1,NA())),0,1),IF(ISNA(IF(VLOOKUP($A16,'Final Round'!$A$14:$K$18,1,FALSE()),1,NA())),0,1))) -> 3 | H16: =IF(ISBLANK($A16),"",IF(ISERROR(VLOOKUP($A16,'Round 1'!$A$7:$I$306,COLUMN('Round 1'!$G$7),FALSE())),0,VLOOKUP($A16,'Round 1'!$A$7:$I$306,COLUMN('Round 1'!$G$7),FALSE()))+IF(ISERROR(VLOOKUP($A16,'Round 2'!$A$7:$I$306,COLUMN('Round 2'!$G$7),FALSE())),0,VLOOKUP($A16,'Round 2'!$A$7:$I$306,COLUMN('Round 2'!$G$7),FALSE()))+IF(ISERROR(VLOOKUP($A16,'Round 3'!$A$7:$I$306,COLUMN('Round 3'!$G$7),FALSE())),0,VLOOKUP($A16,'Round 3'!$A$7:$I$306,COLUMN('Round 3'!$G$7),FALSE()))) -> 2 | I16: =IF(ISBLANK($A16),"",IF(ISERROR(VLOOKUP($A16,'Round 1'!$A$7:$I$306,COLUMN('Round 1'!$F$7),FALSE())),0,VLOOKUP($A16,'Round 1'!$A$7:$I$306,COLUMN('Round 1'!$F$7),FALSE()))+IF(ISERROR(VLOOKUP($A16,'Round 2'!$A$7:$I$306,COLUMN('Round 2'!$F$7),FALSE())),0,VLOOKUP($A16,'Round 2'!$A$7:$I$306,COLUMN('Round 2'!$F$7),FALSE()))+IF(ISERROR(VLOOKUP($A16,'Round 3'!$A$7:$I$306,COLUMN('Round 3'!$F$7),FALSE())),0,VLOOKUP($A16,'Round 3'!$A$7:$I$306,COLUMN('Round 3'!$F$7),FALSE()))) -> 8 | J16: =IF(ISBLANK($A16),"",IF(ISERROR(VLOOKUP($A16,'Round 1'!$A$7:$I$306,COLUMN('Round 1'!$H$7),FALSE())),0,VLOOKUP($A16,'Round 1'!$A$7:$I$306,COLUMN('Round 1'!$H$7),FALSE()))+IF(ISERROR(VLOOKUP($A16,'Round 2'!$A$7:$I$306,COLUMN('Round 2'!$H$7),FALSE())),0,VLOOKUP($A16,'Round 2'!$A$7:$I$306,COLUMN('Round 2'!$H$7),FALSE()))+IF(ISERROR(VLOOKUP($A16,'Round 3'!$A$7:$I$306,COLUMN('Round 3'!$H$7),FALSE())),0,VLOOKUP($A16,'Round 3'!$A$7:$I$306,COLUMN('Round 3'!$H$7),FALSE()))) -> 120 | K16: =IF(ISBLANK(A16),"",RANK(P16,$P$7:$P$306)) -> 1 | L16: =IF(ISBLANK($G16),IF($K16>5,"",IF(AND(ISNA(MATCH(K16+1,$K$7:$K$306,0)),$K16<$A$4),"TIE","")),"DQ") | N16: =IF(ISBLANK($G16),$R16,"DQ") -> 1 | O16: =IF(ISBLANK(A16),"",$H16*$O$6+$I16) -> 26 | P16: =IF(ISBLANK(A16),"",$O16*10*$P$6+$J16) -> 31580 | Q16: =IF(ISBLANK($G16),IF(ISBLANK($A16),-10,$P16*$Q$6+IF($M16>0,$Q$6-1-$M16,0)),-1) -> 31580 | R16: =IF(ISBLANK($A16),"",RANK($Q16,$Q$7:$Q$306)) -> 1 | S16: =IF(ISNA(MATCH($R16+1,$R$7:$R$306,0)),IF($R16=MAX($A$7:$A$306),$R16,-1),$R16) -> 1 | T16: =$A16 -> 7 | U16: =IF(N('Final Round'!$J$14)>0,IF(ISBLANK($A16),"",IF($N16>5,$N16,VLOOKUP($A16,'Final Round'!$A$14:$K$18,COLUMN('Final Round'!$J$1),FALSE()))),"") -> 1 | V16: =IF(ISNUMBER($U16),$U16,$R16) -> 1 | W16: =IF(ISBLANK($A16),"",($V$6-$V16)*$W$6+$W$6-$A16) -> 282 | X16: =IF(ISBLANK($A16),"",RANK($W16,$W$7:$W$306)) -> 1 | Y16: =$A16 -> 7 | Z16: =IF($U16="",$N16,$U16) -> 1 | AA16: =IF($U16<6,INDEX($AA$1:$AA$5,$Z16)*$Z$2,0) -> 116.78978 | AB16: =IF(ISBLANK($A16),"",5+4*(I16+IF(AA16=0,0,VLOOKUP($A16,'Final Round'!$A$14:$K$18,COLUMN('Final Round'!$G$1),FALSE())))+8*(H16+IF(AA16=0,0,IF(VLOOKUP($A16,'Final Round'!$A$14:$K$18,COLUMN('Final Round'!$J$1),FALSE())=1,1,0)))+$AA16) -> 181.78978
A17: 5 | E17: 5 | F17: =IF(ISBLANK($A17),"",SUM(IF(ISNA(IF(VLOOKUP($A17,'Round 1'!$A$7:$J$306,COLUMN('Round 1'!$H$7),FALSE()),1,NA())),0,1),IF(ISNA(IF(VLOOKUP($A17,'Round 2'!$A$7:$J$306,COLUMN('Round 1'!$H$7),FALSE()),1,NA())),0,1),IF(ISNA(IF(VLOOKUP($A17,'Round 3'!$A$7:$J$306,COLUMN('Round 1'!$H$7),FALSE()),1,NA())),0,1),IF(ISNA(IF(VLOOKUP($A17,'Final Round'!$A$14:$K$18,1,FALSE()),1,NA())),0,1))) -> 2 | H17: =IF(ISBLANK($A17),"",IF(ISERROR(VLOOKUP($A17,'Round 1'!$A$7:$I$306,COLUMN('Round 1'!$G$7),FALSE())),0,VLOOKUP($A17,'Round 1'!$A$7:$I$306,COLUMN('Round 1'!$G$7),FALSE()))+IF(ISERROR(VLOOKUP($A17,'Round 2'!$A$7:$I$306,COLUMN('Round 2'!$G$7),FALSE())),0,VLOOKUP($A17,'Round 2'!$A$7:$I$306,COLUMN('Round 2'!$G$7),FALSE()))+IF(ISERROR(VLOOKUP($A17,'Round 3'!$A$7:$I$306,COLUMN('Round 3'!$G$7),FALSE())),0,VLOOKUP($A17,'Round 3'!$A$7:$I$306,COLUMN('Round 3'!$G$7),FALSE()))) -> 0 | I17: =IF(ISBLANK($A17),"",IF(ISERROR(VLOOKUP($A17,'Round 1'!$A$7:$I$306,COLUMN('Round 1'!$F$7),FALSE())),0,VLOOKUP($A17,'Round 1'!$A$7:$I$306,COLUMN('Round 1'!$F$7),FALSE()))+IF(ISERROR(VLOOKUP($A17,'Round 2'!$A$7:$I$306,COLUMN('Round 2'!$F$7),FALSE())),0,VLOOKUP($A17,'Round 2'!$A$7:$I$306,COLUMN('Round 2'!$F$7),FALSE()))+IF(ISERROR(VLOOKUP($A17,'Round 3'!$A$7:$I$306,COLUMN('Round 3'!$F$7),FALSE())),0,VLOOKUP($A17,'Round 3'!$A$7:$I$306,COLUMN('Round 3'!$F$7),FALSE()))) -> 1 | J17: =IF(ISBLANK($A17),"",IF(ISERROR(VLOOKUP($A17,'Round 1'!$A$7:$I$306,COLUMN('Round 1'!$H$7),FALSE())),0,VLOOKUP($A17,'Round 1'!$A$7:$I$306,COLUMN('Round 1'!$H$7),FALSE()))+IF(ISERROR(VLOOKUP($A17,'Round 2'!$A$7:$I$306,COLUMN('Round 2'!$H$7),FALSE())),0,VLOOKUP($A17,'Round 2'!$A$7:$I$306,COLUMN('Round 2'!$H$7),FALSE()))+IF(ISERROR(VLOOKUP($A17,'Round 3'!$A$7:$I$306,COLUMN('Round 3'!$H$7),FALSE())),0,VLOOKUP($A17,'Round 3'!$A$7:$I$306,COLUMN('Round 3'!$H$7),FALSE()))) -> 76 | K17: =IF(ISBLANK(A17),"",RANK(P17,$P$7:$P$306)) -> 9 | L17: =IF(ISBLANK($G17),IF($K17>5,"",IF(AND(ISNA(MATCH(K17+1,$K$7:$K$306,0)),$K17<$A$4),"TIE","")),"DQ") | N17: =IF(ISBLANK($G17),$R17,"DQ") -> 9 | O17: =IF(ISBLANK(A17),"",$H17*$O$6+$I17) -> 1 | P17: =IF(ISBLANK(A17),"",$O17*10*$P$6+$J17) -> 1286 | Q17: =IF(ISBLANK($G17),IF(ISBLANK($A17),-10,$P17*$Q$6+IF($M17>0,$Q$6-1-$M17,0)),-1) -> 1286 | R17: =IF(ISBLANK($A17),"",RANK($Q17,$Q$7:$Q$306)) -> 9 | S17: =IF(ISNA(MATCH($R17+1,$R$7:$R$306,0)),IF($R17=MAX($A$7:$A$306),$R17,-1),$R17) -> -1 | T17: =$A17 -> 5 | U17: =IF(N('Final Round'!$J$14)>0,IF(ISBLANK($A17),"",IF($N17>5,$N17,VLOOKUP($A17,'Final Round'!$A$14:$K$18,COLUMN('Final Round'!$J$1),FALSE()))),"") -> 9 | V17: =IF(ISNUMBER($U17),$U17,$R17) -> 9 | W17: =IF(ISBLANK($A17),"",($V$6-$V17)*$W$6+$W$6-$A17) -> 148 | X17: =IF(ISBLANK($A17),"",RANK($W17,$W$7:$W$306)) -> 9 | Y17: =$A17 -> 5 | Z17: =IF($U17="",$N17,$U17) -> 9 | AA17: =IF($U17<6,INDEX($AA$1:$AA$5,$Z17)*$Z$2,0) -> 0 | AB17: =IF(ISBLANK($A17),"",5+4*(I17+IF(AA17=0,0,VLOOKUP($A17,'Final Round'!$A$14:$K$18,COLUMN('Final Round'!$G$1),FALSE())))+8*(H17+IF(AA17=0,0,IF(VLOOKUP($A17,'Final Round'!$A$14:$K$18,COLUMN('Final Round'!$J$1),FALSE())=1,1,0)))+$AA17) -> 9
A18: 8 | E18: 8 | F18: =IF(ISBLANK($A18),"",SUM(IF(ISNA(IF(VLOOKUP($A18,'Round 1'!$A$7:$J$306,COLUMN('Round 1'!$H$7),FALSE()),1,NA())),0,1),IF(ISNA(IF(VLOOKUP($A18,'Round 2'!$A$7:$J$306,COLUMN('Round 1'!$H$7),FALSE()),1,NA())),0,1),IF(ISNA(IF(VLOOKUP($A18,'Round 3'!$A$7:$J$306,COLUMN('Round 1'!$H$7),FALSE()),1,NA())),0,1),IF(ISNA(IF(VLOOKUP($A18,'Final Round'!$A$14:$K$18,1,FALSE()),1,NA())),0,1))) -> 2 | H18: =IF(ISBLANK($A18),"",IF(ISERROR(VLOOKUP($A18,'Round 1'!$A$7:$I$306,COLUMN('Round 1'!$G$7),FALSE())),0,VLOOKUP($A18,'Round 1'!$A$7:$I$306,COLUMN('Round 1'!$G$7),FALSE()))+IF(ISERROR(VLOOKUP($A18,'Round 2'!$A$7:$I$306,COLUMN('Round 2'!$G$7),FALSE())),0,VLOOKUP($A18,'Round 2'!$A$7:$I$306,COLUMN('Round 2'!$G$7),FALSE()))+IF(ISERROR(VLOOKUP($A18,'Round 3'!$A$7:$I$306,COLUMN('Round 3'!$G$7),FALSE())),0,VLOOKUP($A18,'Round 3'!$A$7:$I$306,COLUMN('Round 3'!$G$7),FALSE()))) -> 0 | I18: =IF(ISBLANK($A18),"",IF(ISERROR(VLOOKUP($A18,'Round 1'!$A$7:$I$306,COLUMN('Round 1'!$F$7),FALSE())),0,VLOOKUP($A18,'Round 1'!$A$7:$I$306,COLUMN('Round 1'!$F$7),FALSE()))+IF(ISERROR(VLOOKUP($A18,'Round 2'!$A$7:$I$306,COLUMN('Round 2'!$F$7),FALSE())),0,VLOOKUP($A18,'Round 2'!$A$7:$I$306,COLUMN('Round 2'!$F$7),FALSE()))+IF(ISERROR(VLOOKUP($A18,'Round 3'!$A$7:$I$306,COLUMN('Round 3'!$F$7),FALSE())),0,VLOOKUP($A18,'Round 3'!$A$7:$I$306,COLUMN('Round 3'!$F$7),FALSE()))) -> 1 | J18: =IF(ISBLANK($A18),"",IF(ISERROR(VLOOKUP($A18,'Round 1'!$A$7:$I$306,COLUMN('Round 1'!$H$7),FALSE())),0,VLOOKUP($A18,'Round 1'!$A$7:$I$306,COLUMN('Round 1'!$H$7),FALSE()))+IF(ISERROR(VLOOKUP($A18,'Round 2'!$A$7:$I$306,COLUMN('Round 2'!$H$7),FALSE())),0,VLOOKUP($A18,'Round 2'!$A$7:$I$306,COLUMN('Round 2'!$H$7),FALSE()))+IF(ISERROR(VLOOKUP($A18,'Round 3'!$A$7:$I$306,COLUMN('Round 3'!$H$7),FALSE())),0,VLOOKUP($A18,'Round 3'!$A$7:$I$306,COLUMN('Round 3'!$H$7),FALSE()))) -> 76 | K18: =IF(ISBLANK(A18),"",RANK(P18,$P$7:$P$306)) -> 9 | L18: =IF(ISBLANK($G18),IF($K18>5,"",IF(AND(ISNA(MATCH(K18+1,$K$7:$K$306,0)),$K18<$A$4),"TIE","")),"DQ") | N18: =IF(ISBLANK($G18),$R18,"DQ") -> 9 | O18: =IF(ISBLANK(A18),"",$H18*$O$6+$I18) -> 1 | P18: =IF(ISBLANK(A18),"",$O18*10*$P$6+$J18) -> 1286 | Q18: =IF(ISBLANK($G18),IF(ISBLANK($A18),-10,$P18*$Q$6+IF($M18>0,$Q$6-1-$M18,0)),-1) -> 1286 | R18: =IF(ISBLANK($A18),"",RANK($Q18,$Q$7:$Q$306)) -> 9 | S18: =IF(ISNA(MATCH($R18+1,$R$7:$R$306,0)),IF($R18=MAX($A$7:$A$306),$R18,-1),$R18) -> -1 | T18: =$A18 -> 8 | U18: =IF(N('Final Round'!$J$14)>0,IF(ISBLANK($A18),"",IF($N18>5,$N18,VLOOKUP($A18,'Final Round'!$A$14:$K$18,COLUMN('Final Round'!$J$1),FALSE()))),"") -> 9 | V18: =IF(ISNUMBER($U18),$U18,$R18) -> 9 | W18: =IF(ISBLANK($A18),"",($V$6-$V18)*$W$6+$W$6-$A18) -> 145 | X18: =IF(ISBLANK($A18),"",RANK($W18,$W$7:$W$306)) -> 10 | Y18: =$A18 -> 8 | Z18: =IF($U18="",$N18,$U18) -> 9 | AA18: =IF($U18<6,INDEX($AA$1:$AA$5,$Z18)*$Z$2,0) -> 0 | AB18: =IF(ISBLANK($A18),"",5+4*(I18+IF(AA18=0,0,VLOOKUP($A18,'Final Round'!$A$14:$K$18,COLUMN('Final Round'!$G$1),FALSE())))+8*(H18+IF(AA18=0,0,IF(VLOOKUP($A18,'Final Round'!$A$14:$K$18,COLUMN('Final Round'!$J$1),FALSE())=1,1,0)))+$AA18) -> 9
... A22: 12 | E22: 12 | F22: =IF(ISBLANK($A22),"",SUM(IF(ISNA(IF(VLOOKUP($A22,'Round 1'!$A$7:$J$306,COLUMN('Round 1'!$H$7),FALSE()),1,NA())),0,1),IF(ISNA(IF(VLOOKUP($A22,'Round 2'!$A$7:$J$306,COLUMN('Round 1'!$H$7),FALSE()),1,NA())),0,1),IF(ISNA(IF(VLOOKUP($A22,'Round 3'!$A$7:$J$306,COLUMN('Round 1'!$H$7),FALSE()),1,NA())),0,1),IF(ISNA(IF(VLOOKUP($A22,'Final Round'!$A$14:$K$18,1,FALSE()),1,NA())),0,1))) -> 2 | H22: =IF(ISBLANK($A22),"",IF(ISERROR(VLOOKUP($A22,'Round 1'!$A$7:$I$306,COLUMN('Round 1'!$G$7),FALSE())),0,VLOOKUP($A22,'Round 1'!$A$7:$I$306,COLUMN('Round 1'!$G$7),FALSE()))+IF(ISERROR(VLOOKUP($A22,'Round 2'!$A$7:$I$306,COLUMN('Round 2'!$G$7),FALSE())),0,VLOOKUP($A22,'Round 2'!$A$7:$I$306,COLUMN('Round 2'!$G$7),FALSE()))+IF(ISERROR(VLOOKUP($A22,'Round 3'!$A$7:$I$306,COLUMN('Round 3'!$G$7),FALSE())),0,VLOOKUP($A22,'Round 3'!$A$7:$I$306,COLUMN('Round 3'!$G$7),FALSE()))) -> 0 | I22: =IF(ISBLANK($A22),"",IF(ISERROR(VLOOKUP($A22,'Round 1'!$A$7:$I$306,COLUMN('Round 1'!$F$7),FALSE())),0,VLOOKUP($A22,'Round 1'!$A$7:$I$306,COLUMN('Round 1'!$F$7),FALSE()))+IF(ISERROR(VLOOKUP($A22,'Round 2'!$A$7:$I$306,COLUMN('Round 2'!$F$7),FALSE())),0,VLOOKUP($A22,'Round 2'!$A$7:$I$306,COLUMN('Round 2'!$F$7),FALSE()))+IF(ISERROR(VLOOKUP($A22,'Round 3'!$A$7:$I$306,COLUMN('Round 3'!$F$7),FALSE())),0,VLOOKUP($A22,'Round 3'!$A$7:$I$306,COLUMN('Round 3'!$F$7),FALSE()))) -> 0 | J22: =IF(ISBLANK($A22),"",IF(ISERROR(VLOOKUP($A22,'Round 1'!$A$7:$I$306,COLUMN('Round 1'!$H$7),FALSE())),0,VLOOKUP($A22,'Round 1'!$A$7:$I$306,COLUMN('Round 1'!$H$7),FALSE()))+IF(ISERROR(VLOOKUP($A22,'Round 2'!$A$7:$I$306,COLUMN('Round 2'!$H$7),FALSE())),0,VLOOKUP($A22,'Round 2'!$A$7:$I$306,COLUMN('Round 2'!$H$7),FALSE()))+IF(ISERROR(VLOOKUP($A22,'Round 3'!$A$7:$I$306,COLUMN('Round 3'!$H$7),FALSE())),0,VLOOKUP($A22,'Round 3'!$A$7:$I$306,COLUMN('Round 3'!$H$7),FALSE()))) -> 46 | K22: =IF(ISBLANK(A22),"",RANK(P22,$P$7:$P$306)) -> 13 | L22: =IF(ISBLANK($G22),IF($K22>5,"",IF(AND(ISNA(MATCH(K22+1,$K$7:$K$306,0)),$K22<$A$4),"TIE","")),"DQ") | N22: =IF(ISBLANK($G22),$R22,"DQ") -> 13 | O22: =IF(ISBLANK(A22),"",$H22*$O$6+$I22) -> 0 | P22: =IF(ISBLANK(A22),"",$O22*10*$P$6+$J22) -> 46 | Q22: =IF(ISBLANK($G22),IF(ISBLANK($A22),-10,$P22*$Q$6+IF($M22>0,$Q$6-1-$M22,0)),-1) -> 46 | R22: =IF(ISBLANK($A22),"",RANK($Q22,$Q$7:$Q$306)) -> 13 | S22: =IF(ISNA(MATCH($R22+1,$R$7:$R$306,0)),IF($R22=MAX($A$7:$A$306),$R22,-1),$R22) -> -1 | T22: =$A22 -> 12 | U22: =IF(N('Final Round'!$J$14)>0,IF(ISBLANK($A22),"",IF($N22>5,$N22,VLOOKUP($A22,'Final Round'!$A$14:$K$18,COLUMN('Final Round'!$J$1),FALSE()))),"") -> 13 | V22: =IF(ISNUMBER($U22),$U22,$R22) -> 13 | W22: =IF(ISBLANK($A22),"",($V$6-$V22)*$W$6+$W$6-$A22) -> 73 | X22: =IF(ISBLANK($A22),"",RANK($W22,$W$7:$W$306)) -> 13 | Y22: =$A22 -> 12 | Z22: =IF($U22="",$N22,$U22) -> 13 | AA22: =IF($U22<6,INDEX($AA$1:$AA$5,$Z22)*$Z$2,0) -> 0 | AB22: =IF(ISBLANK($A22),"",5+4*(I22+IF(AA22=0,0,VLOOKUP($A22,'Final Round'!$A$14:$K$18,COLUMN('Final Round'!$G$1),FALSE())))+8*(H22+IF(AA22=0,0,IF(VLOOKUP($A22,'Final Round'!$A$14:$K$18,COLUMN('Final Round'!$J$1),FALSE())=1,1,0)))+$AA22) -> 5
F23: =IF(ISBLANK($A23),"",SUM(IF(ISNA(IF(VLOOKUP($A23,'Round 1'!$A$7:$J$306,COLUMN('Round 1'!$H$7),FALSE()),1,NA())),0,1),IF(ISNA(IF(VLOOKUP($A23,'Round 2'!$A$7:$J$306,COLUMN('Round 1'!$H$7),FALSE()),1,NA())),0,1),IF(ISNA(IF(VLOOKUP($A23,'Round 3'!$A$7:$J$306,COLUMN('Round 1'!$H$7),FALSE()),1,NA())),0,1),IF(ISNA(IF(VLOOKUP($A23,'Final Round'!$A$14:$K$18,1,FALSE()),1,NA())),0,1))) | H23: =IF(ISBLANK($A23),"",IF(ISERROR(VLOOKUP($A23,'Round 1'!$A$7:$I$306,COLUMN('Round 1'!$G$7),FALSE())),0,VLOOKUP($A23,'Round 1'!$A$7:$I$306,COLUMN('Round 1'!$G$7),FALSE()))+IF(ISERROR(VLOOKUP($A23,'Round 2'!$A$7:$I$306,COLUMN('Round 2'!$G$7),FALSE())),0,VLOOKUP($A23,'Round 2'!$A$7:$I$306,COLUMN('Round 2'!$G$7),FALSE()))+IF(ISERROR(VLOOKUP($A23,'Round 3'!$A$7:$I$306,COLUMN('Round 3'!$G$7),FALSE())),0,VLOOKUP($A23,'Round 3'!$A$7:$I$306,COLUMN('Round 3'!$G$7),FALSE()))) | I23: =IF(ISBLANK($A23),"",IF(ISERROR(VLOOKUP($A23,'Round 1'!$A$7:$I$306,COLUMN('Round 1'!$F$7),FALSE())),0,VLOOKUP($A23,'Round 1'!$A$7:$I$306,COLUMN('Round 1'!$F$7),FALSE()))+IF(ISERROR(VLOOKUP($A23,'Round 2'!$A$7:$I$306,COLUMN('Round 2'!$F$7),FALSE())),0,VLOOKUP($A23,'Round 2'!$A$7:$I$306,COLUMN('Round 2'!$F$7),FALSE()))+IF(ISERROR(VLOOKUP($A23,'Round 3'!$A$7:$I$306,COLUMN('Round 3'!$F$7),FALSE())),0,VLOOKUP($A23,'Round 3'!$A$7:$I$306,COLUMN('Round 3'!$F$7),FALSE()))) | J23: =IF(ISBLANK($A23),"",IF(ISERROR(VLOOKUP($A23,'Round 1'!$A$7:$I$306,COLUMN('Round 1'!$H$7),FALSE())),0,VLOOKUP($A23,'Round 1'!$A$7:$I$306,COLUMN('Round 1'!$H$7),FALSE()))+IF(ISERROR(VLOOKUP($A23,'Round 2'!$A$7:$I$306,COLUMN('Round 2'!$H$7),FALSE())),0,VLOOKUP($A23,'Round 2'!$A$7:$I$306,COLUMN('Round 2'!$H$7),FALSE()))+IF(ISERROR(VLOOKUP($A23,'Round 3'!$A$7:$I$306,COLUMN('Round 3'!$H$7),FALSE())),0,VLOOKUP($A23,'Round 3'!$A$7:$I$306,COLUMN('Round 3'!$H$7),FALSE()))) | K23: =IF(ISBLANK(A23),"",RANK(P23,$P$7:$P$306)) | L23: =IF(ISBLANK($G23),IF($K23>5,"",IF(AND(ISNA(MATCH(K23+1,$K$7:$K$306,0)),$K23<$A$4),"TIE","")),"DQ") | N23: =IF(ISBLANK($G23),$R23,"DQ") | O23: =IF(ISBLANK(A23),"",$H23*$O$6+$I23) | P23: =IF(ISBLANK(A23),"",$O23*10*$P$6+$J23) | Q23: =IF(ISBLANK($G23),IF(ISBLANK($A23),-10,$P23*$Q$6+IF($M23>0,$Q$6-1-$M23,0)),-1) -> -10 | R23: =IF(ISBLANK($A23),"",RANK($Q23,$Q$7:$Q$306)) | S23: =IF(ISNA(MATCH($R23+1,$R$7:$R$306,0)),IF($R23=MAX($A$7:$A$306),$R23,-1),$R23) | T23: =$A23 -> 0 | U23: =IF(N('Final Round'!$J$14)>0,IF(ISBLANK($A23),"",IF($N23>5,$N23,VLOOKUP($A23,'Final Round'!$A$14:$K$18,COLUMN('Final Round'!$J$1),FALSE()))),"") | V23: =IF(ISNUMBER($U23),$U23,$R23) | W23: =IF(ISBLANK($A23),"",($V$6-$V23)*$W$6+$W$6-$A23) | X23: =IF(ISBLANK($A23),"",RANK($W23,$W$7:$W$306)) | Y23: =$A23 -> 0 | Z23: =IF($U23="",$N23,$U23) | AA23: =IF($U23<6,INDEX($AA$1:$AA$5,$Z23)*$Z$2,0) -> 0 | AB23: =IF(ISBLANK($A23),"",5+4*(I23+IF(AA23=0,0,VLOOKUP($A23,'Final Round'!$A$14:$K$18,COLUMN('Final Round'!$G$1),FALSE())))+8*(H23+IF(AA23=0,0,IF(VLOOKUP($A23,'Final Round'!$A$14:$K$18,COLUMN('Final Round'!$J$1),FALSE())=1,1,0)))+$AA23)
F24: =IF(ISBLANK($A24),"",SUM(IF(ISNA(IF(VLOOKUP($A24,'Round 1'!$A$7:$J$306,COLUMN('Round 1'!$H$7),FALSE()),1,NA())),0,1),IF(ISNA(IF(VLOOKUP($A24,'Round 2'!$A$7:$J$306,COLUMN('Round 1'!$H$7),FALSE()),1,NA())),0,1),IF(ISNA(IF(VLOOKUP($A24,'Round 3'!$A$7:$J$306,COLUMN('Round 1'!$H$7),FALSE()),1,NA())),0,1),IF(ISNA(IF(VLOOKUP($A24,'Final Round'!$A$14:$K$18,1,FALSE()),1,NA())),0,1))) | H24: =IF(ISBLANK($A24),"",IF(ISERROR(VLOOKUP($A24,'Round 1'!$A$7:$I$306,COLUMN('Round 1'!$G$7),FALSE())),0,VLOOKUP($A24,'Round 1'!$A$7:$I$306,COLUMN('Round 1'!$G$7),FALSE()))+IF(ISERROR(VLOOKUP($A24,'Round 2'!$A$7:$I$306,COLUMN('Round 2'!$G$7),FALSE())),0,VLOOKUP($A24,'Round 2'!$A$7:$I$306,COLUMN('Round 2'!$G$7),FALSE()))+IF(ISERROR(VLOOKUP($A24,'Round 3'!$A$7:$I$306,COLUMN('Round 3'!$G$7),FALSE())),0,VLOOKUP($A24,'Round 3'!$A$7:$I$306,COLUMN('Round 3'!$G$7),FALSE()))) | I24: =IF(ISBLANK($A24),"",IF(ISERROR(VLOOKUP($A24,'Round 1'!$A$7:$I$306,COLUMN('Round 1'!$F$7),FALSE())),0,VLOOKUP($A24,'Round 1'!$A$7:$I$306,COLUMN('Round 1'!$F$7),FALSE()))+IF(ISERROR(VLOOKUP($A24,'Round 2'!$A$7:$I$306,COLUMN('Round 2'!$F$7),FALSE())),0,VLOOKUP($A24,'Round 2'!$A$7:$I$306,COLUMN('Round 2'!$F$7),FALSE()))+IF(ISERROR(VLOOKUP($A24,'Round 3'!$A$7:$I$306,COLUMN('Round 3'!$F$7),FALSE())),0,VLOOKUP($A24,'Round 3'!$A$7:$I$306,COLUMN('Round 3'!$F$7),FALSE()))) | J24: =IF(ISBLANK($A24),"",IF(ISERROR(VLOOKUP($A24,'Round 1'!$A$7:$I$306,COLUMN('Round 1'!$H$7),FALSE())),0,VLOOKUP($A24,'Round 1'!$A$7:$I$306,COLUMN('Round 1'!$H$7),FALSE()))+IF(ISERROR(VLOOKUP($A24,'Round 2'!$A$7:$I$306,COLUMN('Round 2'!$H$7),FALSE())),0,VLOOKUP($A24,'Round 2'!$A$7:$I$306,COLUMN('Round 2'!$H$7),FALSE()))+IF(ISERROR(VLOOKUP($A24,'Round 3'!$A$7:$I$306,COLUMN('Round 3'!$H$7),FALSE())),0,VLOOKUP($A24,'Round 3'!$A$7:$I$306,COLUMN('Round 3'!$H$7),FALSE()))) | K24: =IF(ISBLANK(A24),"",RANK(P24,$P$7:$P$306)) | L24: =IF(ISBLANK($G24),IF($K24>5,"",IF(AND(ISNA(MATCH(K24+1,$K$7:$K$306,0)),$K24<$A$4),"TIE","")),"DQ") | N24: =IF(ISBLANK($G24),$R24,"DQ") | O24: =IF(ISBLANK(A24),"",$H24*$O$6+$I24) | P24: =IF(ISBLANK(A24),"",$O24*10*$P$6+$J24) | Q24: =IF(ISBLANK($G24),IF(ISBLANK($A24),-10,$P24*$Q$6+IF($M24>0,$Q$6-1-$M24,0)),-1) -> -10 | R24: =IF(ISBLANK($A24),"",RANK($Q24,$Q$7:$Q$306)) | S24: =IF(ISNA(MATCH($R24+1,$R$7:$R$306,0)),IF($R24=MAX($A$7:$A$306),$R24,-1),$R24) | T24: =$A24 -> 0 | U24: =IF(N('Final Round'!$J$14)>0,IF(ISBLANK($A24),"",IF($N24>5,$N24,VLOOKUP($A24,'Final Round'!$A$14:$K$18,COLUMN('Final Round'!$J$1),FALSE()))),"") | V24: =IF(ISNUMBER($U24),$U24,$R24) | W24: =IF(ISBLANK($A24),"",($V$6-$V24)*$W$6+$W$6-$A24) | X24: =IF(ISBLANK($A24),"",RANK($W24,$W$7:$W$306)) | Y24: =$A24 -> 0 | Z24: =IF($U24="",$N24,$U24) | AA24: =IF($U24<6,INDEX($AA$1:$AA$5,$Z24)*$Z$2,0) -> 0 | AB24: =IF(ISBLANK($A24),"",5+4*(I24+IF(AA24=0,0,VLOOKUP($A24,'Final Round'!$A$14:$K$18,COLUMN('Final Round'!$G$1),FALSE())))+8*(H24+IF(AA24=0,0,IF(VLOOKUP($A24,'Final Round'!$A$14:$K$18,COLUMN('Final Round'!$J$1),FALSE())=1,1,0)))+$AA24)
F25: =IF(ISBLANK($A25),"",SUM(IF(ISNA(IF(VLOOKUP($A25,'Round 1'!$A$7:$J$306,COLUMN('Round 1'!$H$7),FALSE()),1,NA())),0,1),IF(ISNA(IF(VLOOKUP($A25,'Round 2'!$A$7:$J$306,COLUMN('Round 1'!$H$7),FALSE()),1,NA())),0,1),IF(ISNA(IF(VLOOKUP($A25,'Round 3'!$A$7:$J$306,COLUMN('Round 1'!$H$7),FALSE()),1,NA())),0,1),IF(ISNA(IF(VLOOKUP($A25,'Final Round'!$A$14:$K$18,1,FALSE()),1,NA())),0,1))) | H25: =IF(ISBLANK($A25),"",IF(ISERROR(VLOOKUP($A25,'Round 1'!$A$7:$I$306,COLUMN('Round 1'!$G$7),FALSE())),0,VLOOKUP($A25,'Round 1'!$A$7:$I$306,COLUMN('Round 1'!$G$7),FALSE()))+IF(ISERROR(VLOOKUP($A25,'Round 2'!$A$7:$I$306,COLUMN('Round 2'!$G$7),FALSE())),0,VLOOKUP($A25,'Round 2'!$A$7:$I$306,COLUMN('Round 2'!$G$7),FALSE()))+IF(ISERROR(VLOOKUP($A25,'Round 3'!$A$7:$I$306,COLUMN('Round 3'!$G$7),FALSE())),0,VLOOKUP($A25,'Round 3'!$A$7:$I$306,COLUMN('Round 3'!$G$7),FALSE()))) | I25: =IF(ISBLANK($A25),"",IF(ISERROR(VLOOKUP($A25,'Round 1'!$A$7:$I$306,COLUMN('Round 1'!$F$7),FALSE())),0,VLOOKUP($A25,'Round 1'!$A$7:$I$306,COLUMN('Round 1'!$F$7),FALSE()))+IF(ISERROR(VLOOKUP($A25,'Round 2'!$A$7:$I$306,COLUMN('Round 2'!$F$7),FALSE())),0,VLOOKUP($A25,'Round 2'!$A$7:$I$306,COLUMN('Round 2'!$F$7),FALSE()))+IF(ISERROR(VLOOKUP($A25,'Round 3'!$A$7:$I$306,COLUMN('Round 3'!$F$7),FALSE())),0,VLOOKUP($A25,'Round 3'!$A$7:$I$306,COLUMN('Round 3'!$F$7),FALSE()))) | J25: =IF(ISBLANK($A25),"",IF(ISERROR(VLOOKUP($A25,'Round 1'!$A$7:$I$306,COLUMN('Round 1'!$H$7),FALSE())),0,VLOOKUP($A25,'Round 1'!$A$7:$I$306,COLUMN('Round 1'!$H$7),FALSE()))+IF(ISERROR(VLOOKUP($A25,'Round 2'!$A$7:$I$306,COLUMN('Round 2'!$H$7),FALSE())),0,VLOOKUP($A25,'Round 2'!$A$7:$I$306,COLUMN('Round 2'!$H$7),FALSE()))+IF(ISERROR(VLOOKUP($A25,'Round 3'!$A$7:$I$306,COLUMN('Round 3'!$H$7),FALSE())),0,VLOOKUP($A25,'Round 3'!$A$7:$I$306,COLUMN('Round 3'!$H$7),FALSE()))) | K25: =IF(ISBLANK(A25),"",RANK(P25,$P$7:$P$306)) | L25: =IF(ISBLANK($G25),IF($K25>5,"",IF(AND(ISNA(MATCH(K25+1,$K$7:$K$306,0)),$K25<$A$4),"TIE","")),"DQ") | N25: =IF(ISBLANK($G25),$R25,"DQ") | O25: =IF(ISBLANK(A25),"",$H25*$O$6+$I25) | P25: =IF(ISBLANK(A25),"",$O25*10*$P$6+$J25) | Q25: =IF(ISBLANK($G25),IF(ISBLANK($A25),-10,$P25*$Q$6+IF($M25>0,$Q$6-1-$M25,0)),-1) -> -10 | R25: =IF(ISBLANK($A25),"",RANK($Q25,$Q$7:$Q$306)) | S25: =IF(ISNA(MATCH($R25+1,$R$7:$R$306,0)),IF($R25=MAX($A$7:$A$306),$R25,-1),$R25) | T25: =$A25 -> 0 | U25: =IF(N('Final Round'!$J$14)>0,IF(ISBLANK($A25),"",IF($N25>5,$N25,VLOOKUP($A25,'Final Round'!$A$14:$K$18,COLUMN('Final Round'!$J$1),FALSE()))),"") | V25: =IF(ISNUMBER($U25),$U25,$R25) | W25: =IF(ISBLANK($A25),"",($V$6-$V25)*$W$6+$W$6-$A25) | X25: =IF(ISBLANK($A25),"",RANK($W25,$W$7:$W$306)) | Y25: =$A25 -> 0 | Z25: =IF($U25="",$N25,$U25) | AA25: =IF($U25<6,INDEX($AA$1:$AA$5,$Z25)*$Z$2,0) -> 0 | AB25: =IF(ISBLANK($A25),"",5+4*(I25+IF(AA25=0,0,VLOOKUP($A25,'Final Round'!$A$14:$K$18,COLUMN('Final Round'!$G$1),FALSE())))+8*(H25+IF(AA25=0,0,IF(VLOOKUP($A25,'Final Round'!$A$14:$K$18,COLUMN('Final Round'!$J$1),FALSE())=1,1,0)))+$AA25)
F26: =IF(ISBLANK($A26),"",SUM(IF(ISNA(IF(VLOOKUP($A26,'Round 1'!$A$7:$J$306,COLUMN('Round 1'!$H$7),FALSE()),1,NA())),0,1),IF(ISNA(IF(VLOOKUP($A26,'Round 2'!$A$7:$J$306,COLUMN('Round 1'!$H$7),FALSE()),1,NA())),0,1),IF(ISNA(IF(VLOOKUP($A26,'Round 3'!$A$7:$J$306,COLUMN('Round 1'!$H$7),FALSE()),1,NA())),0,1),IF(ISNA(IF(VLOOKUP($A26,'Final Round'!$A$14:$K$18,1,FALSE()),1,NA())),0,1))) | H26: =IF(ISBLANK($A26),"",IF(ISERROR(VLOOKUP($A26,'Round 1'!$A$7:$I$306,COLUMN('Round 1'!$G$7),FALSE())),0,VLOOKUP($A26,'Round 1'!$A$7:$I$306,COLUMN('Round 1'!$G$7),FALSE()))+IF(ISERROR(VLOOKUP($A26,'Round 2'!$A$7:$I$306,COLUMN('Round 2'!$G$7),FALSE())),0,VLOOKUP($A26,'Round 2'!$A$7:$I$306,COLUMN('Round 2'!$G$7),FALSE()))+IF(ISERROR(VLOOKUP($A26,'Round 3'!$A$7:$I$306,COLUMN('Round 3'!$G$7),FALSE())),0,VLOOKUP($A26,'Round 3'!$A$7:$I$306,COLUMN('Round 3'!$G$7),FALSE()))) | I26: =IF(ISBLANK($A26),"",IF(ISERROR(VLOOKUP($A26,'Round 1'!$A$7:$I$306,COLUMN('Round 1'!$F$7),FALSE())),0,VLOOKUP($A26,'Round 1'!$A$7:$I$306,COLUMN('Round 1'!$F$7),FALSE()))+IF(ISERROR(VLOOKUP($A26,'Round 2'!$A$7:$I$306,COLUMN('Round 2'!$F$7),FALSE())),0,VLOOKUP($A26,'Round 2'!$A$7:$I$306,COLUMN('Round 2'!$F$7),FALSE()))+IF(ISERROR(VLOOKUP($A26,'Round 3'!$A$7:$I$306,COLUMN('Round 3'!$F$7),FALSE())),0,VLOOKUP($A26,'Round 3'!$A$7:$I$306,COLUMN('Round 3'!$F$7),FALSE()))) | J26: =IF(ISBLANK($A26),"",IF(ISERROR(VLOOKUP($A26,'Round 1'!$A$7:$I$306,COLUMN('Round 1'!$H$7),FALSE())),0,VLOOKUP($A26,'Round 1'!$A$7:$I$306,COLUMN('Round 1'!$H$7),FALSE()))+IF(ISERROR(VLOOKUP($A26,'Round 2'!$A$7:$I$306,COLUMN('Round 2'!$H$7),FALSE())),0,VLOOKUP($A26,'Round 2'!$A$7:$I$306,COLUMN('Round 2'!$H$7),FALSE()))+IF(ISERROR(VLOOKUP($A26,'Round 3'!$A$7:$I$306,COLUMN('Round 3'!$H$7),FALSE())),0,VLOOKUP($A26,'Round 3'!$A$7:$I$306,COLUMN('Round 3'!$H$7),FALSE()))) | K26: =IF(ISBLANK(A26),"",RANK(P26,$P$7:$P$306)) | L26: =IF(ISBLANK($G26),IF($K26>5,"",IF(AND(ISNA(MATCH(K26+1,$K$7:$K$306,0)),$K26<$A$4),"TIE","")),"DQ") | N26: =IF(ISBLANK($G26),$R26,"DQ") | O26: =IF(ISBLANK(A26),"",$H26*$O$6+$I26) | P26: =IF(ISBLANK(A26),"",$O26*10*$P$6+$J26) | Q26: =IF(ISBLANK($G26),IF(ISBLANK($A26),-10,$P26*$Q$6+IF($M26>0,$Q$6-1-$M26,0)),-1) -> -10 | R26: =IF(ISBLANK($A26),"",RANK($Q26,$Q$7:$Q$306)) | S26: =IF(ISNA(MATCH($R26+1,$R$7:$R$306,0)),IF($R26=MAX($A$7:$A$306),$R26,-1),$R26) | T26: =$A26 -> 0 | U26: =IF(N('Final Round'!$J$14)>0,IF(ISBLANK($A26),"",IF($N26>5,$N26,VLOOKUP($A26,'Final Round'!$A$14:$K$18,COLUMN('Final Round'!$J$1),FALSE()))),"") | V26: =IF(ISNUMBER($U26),$U26,$R26) | W26: =IF(ISBLANK($A26),"",($V$6-$V26)*$W$6+$W$6-$A26) | X26: =IF(ISBLANK($A26),"",RANK($W26,$W$7:$W$306)) | Y26: =$A26 -> 0 | Z26: =IF($U26="",$N26,$U26) | AA26: =IF($U26<6,INDEX($AA$1:$AA$5,$Z26)*$Z$2,0) -> 0 | AB26: =IF(ISBLANK($A26),"",5+4*(I26+IF(AA26=0,0,VLOOKUP($A26,'Final Round'!$A$14:$K$18,COLUMN('Final Round'!$G$1),FALSE())))+8*(H26+IF(AA26=0,0,IF(VLOOKUP($A26,'Final Round'!$A$14:$K$18,COLUMN('Final Round'!$J$1),FALSE())=1,1,0)))+$AA26)
F27: =IF(ISBLANK($A27),"",SUM(IF(ISNA(IF(VLOOKUP($A27,'Round 1'!$A$7:$J$306,COLUMN('Round 1'!$H$7),FALSE()),1,NA())),0,1),IF(ISNA(IF(VLOOKUP($A27,'Round 2'!$A$7:$J$306,COLUMN('Round 1'!$H$7),FALSE()),1,NA())),0,1),IF(ISNA(IF(VLOOKUP($A27,'Round 3'!$A$7:$J$306,COLUMN('Round 1'!$H$7),FALSE()),1,NA())),0,1),IF(ISNA(IF(VLOOKUP($A27,'Final Round'!$A$14:$K$18,1,FALSE()),1,NA())),0,1))) | H27: =IF(ISBLANK($A27),"",IF(ISERROR(VLOOKUP($A27,'Round 1'!$A$7:$I$306,COLUMN('Round 1'!$G$7),FALSE())),0,VLOOKUP($A27,'Round 1'!$A$7:$I$306,COLUMN('Round 1'!$G$7),FALSE()))+IF(ISERROR(VLOOKUP($A27,'Round 2'!$A$7:$I$306,COLUMN('Round 2'!$G$7),FALSE())),0,VLOOKUP($A27,'Round 2'!$A$7:$I$306,COLUMN('Round 2'!$G$7),FALSE()))+IF(ISERROR(VLOOKUP($A27,'Round 3'!$A$7:$I$306,COLUMN('Round 3'!$G$7),FALSE())),0,VLOOKUP($A27,'Round 3'!$A$7:$I$306,COLUMN('Round 3'!$G$7),FALSE()))) | I27: =IF(ISBLANK($A27),"",IF(ISERROR(VLOOKUP($A27,'Round 1'!$A$7:$I$306,COLUMN('Round 1'!$F$7),FALSE())),0,VLOOKUP($A27,'Round 1'!$A$7:$I$306,COLUMN('Round 1'!$F$7),FALSE()))+IF(ISERROR(VLOOKUP($A27,'Round 2'!$A$7:$I$306,COLUMN('Round 2'!$F$7),FALSE())),0,VLOOKUP($A27,'Round 2'!$A$7:$I$306,COLUMN('Round 2'!$F$7),FALSE()))+IF(ISERROR(VLOOKUP($A27,'Round 3'!$A$7:$I$306,COLUMN('Round 3'!$F$7),FALSE())),0,VLOOKUP($A27,'Round 3'!$A$7:$I$306,COLUMN('Round 3'!$F$7),FALSE()))) | J27: =IF(ISBLANK($A27),"",IF(ISERROR(VLOOKUP($A27,'Round 1'!$A$7:$I$306,COLUMN('Round 1'!$H$7),FALSE())),0,VLOOKUP($A27,'Round 1'!$A$7:$I$306,COLUMN('Round 1'!$H$7),FALSE()))+IF(ISERROR(VLOOKUP($A27,'Round 2'!$A$7:$I$306,COLUMN('Round 2'!$H$7),FALSE())),0,VLOOKUP($A27,'Round 2'!$A$7:$I$306,COLUMN('Round 2'!$H$7),FALSE()))+IF(ISERROR(VLOOKUP($A27,'Round 3'!$A$7:$I$306,COLUMN('Round 3'!$H$7),FALSE())),0,VLOOKUP($A27,'Round 3'!$A$7:$I$306,COLUMN('Round 3'!$H$7),FALSE()))) | K27: =IF(ISBLANK(A27),"",RANK(P27,$P$7:$P$306)) | L27: =IF(ISBLANK($G27),IF($K27>5,"",IF(AND(ISNA(MATCH(K27+1,$K$7:$K$306,0)),$K27<$A$4),"TIE","")),"DQ") | N27: =IF(ISBLANK($G27),$R27,"DQ") | O27: =IF(ISBLANK(A27),"",$H27*$O$6+$I27) | P27: =IF(ISBLANK(A27),"",$O27*10*$P$6+$J27) | Q27: =IF(ISBLANK($G27),IF(ISBLANK($A27),-10,$P27*$Q$6+IF($M27>0,$Q$6-1-$M27,0)),-1) -> -10 | R27: =IF(ISBLANK($A27),"",RANK($Q27,$Q$7:$Q$306)) | S27: =IF(ISNA(MATCH($R27+1,$R$7:$R$306,0)),IF($R27=MAX($A$7:$A$306),$R27,-1),$R27) | T27: =$A27 -> 0 | U27: =IF(N('Final Round'!$J$14)>0,IF(ISBLANK($A27),"",IF($N27>5,$N27,VLOOKUP($A27,'Final Round'!$A$14:$K$18,COLUMN('Final Round'!$J$1),FALSE()))),"") | V27: =IF(ISNUMBER($U27),$U27,$R27) | W27: =IF(ISBLANK($A27),"",($V$6-$V27)*$W$6+$W$6-$A27) | X27: =IF(ISBLANK($A27),"",RANK($W27,$W$7:$W$306)) | Y27: =$A27 -> 0 | Z27: =IF($U27="",$N27,$U27) | AA27: =IF($U27<6,INDEX($AA$1:$AA$5,$Z27)*$Z$2,0) -> 0 | AB27: =IF(ISBLANK($A27),"",5+4*(I27+IF(AA27=0,0,VLOOKUP($A27,'Final Round'!$A$14:$K$18,COLUMN('Final Round'!$G$1),FALSE())))+8*(H27+IF(AA27=0,0,IF(VLOOKUP($A27,'Final Round'!$A$14:$K$18,COLUMN('Final Round'!$J$1),FALSE())=1,1,0)))+$AA27)
F28: =IF(ISBLANK($A28),"",SUM(IF(ISNA(IF(VLOOKUP($A28,'Round 1'!$A$7:$J$306,COLUMN('Round 1'!$H$7),FALSE()),1,NA())),0,1),IF(ISNA(IF(VLOOKUP($A28,'Round 2'!$A$7:$J$306,COLUMN('Round 1'!$H$7),FALSE()),1,NA())),0,1),IF(ISNA(IF(VLOOKUP($A28,'Round 3'!$A$7:$J$306,COLUMN('Round 1'!$H$7),FALSE()),1,NA())),0,1),IF(ISNA(IF(VLOOKUP($A28,'Final Round'!$A$14:$K$18,1,FALSE()),1,NA())),0,1))) | H28: =IF(ISBLANK($A28),"",IF(ISERROR(VLOOKUP($A28,'Round 1'!$A$7:$I$306,COLUMN('Round 1'!$G$7),FALSE())),0,VLOOKUP($A28,'Round 1'!$A$7:$I$306,COLUMN('Round 1'!$G$7),FALSE()))+IF(ISERROR(VLOOKUP($A28,'Round 2'!$A$7:$I$306,COLUMN('Round 2'!$G$7),FALSE())),0,VLOOKUP($A28,'Round 2'!$A$7:$I$306,COLUMN('Round 2'!$G$7),FALSE()))+IF(ISERROR(VLOOKUP($A28,'Round 3'!$A$7:$I$306,COLUMN('Round 3'!$G$7),FALSE())),0,VLOOKUP($A28,'Round 3'!$A$7:$I$306,COLUMN('Round 3'!$G$7),FALSE()))) | I28: =IF(ISBLANK($A28),"",IF(ISERROR(VLOOKUP($A28,'Round 1'!$A$7:$I$306,COLUMN('Round 1'!$F$7),FALSE())),0,VLOOKUP($A28,'Round 1'!$A$7:$I$306,COLUMN('Round 1'!$F$7),FALSE()))+IF(ISERROR(VLOOKUP($A28,'Round 2'!$A$7:$I$306,COLUMN('Round 2'!$F$7),FALSE())),0,VLOOKUP($A28,'Round 2'!$A$7:$I$306,COLUMN('Round 2'!$F$7),FALSE()))+IF(ISERROR(VLOOKUP($A28,'Round 3'!$A$7:$I$306,COLUMN('Round 3'!$F$7),FALSE())),0,VLOOKUP($A28,'Round 3'!$A$7:$I$306,COLUMN('Round 3'!$F$7),FALSE()))) | J28: =IF(ISBLANK($A28),"",IF(ISERROR(VLOOKUP($A28,'Round 1'!$A$7:$I$306,COLUMN('Round 1'!$H$7),FALSE())),0,VLOOKUP($A28,'Round 1'!$A$7:$I$306,COLUMN('Round 1'!$H$7),FALSE()))+IF(ISERROR(VLOOKUP($A28,'Round 2'!$A$7:$I$306,COLUMN('Round 2'!$H$7),FALSE())),0,VLOOKUP($A28,'Round 2'!$A$7:$I$306,COLUMN('Round 2'!$H$7),FALSE()))+IF(ISERROR(VLOOKUP($A28,'Round 3'!$A$7:$I$306,COLUMN('Round 3'!$H$7),FALSE())),0,VLOOKUP($A28,'Round 3'!$A$7:$I$306,COLUMN('Round 3'!$H$7),FALSE()))) | K28: =IF(ISBLANK(A28),"",RANK(P28,$P$7:$P$306)) | L28: =IF(ISBLANK($G28),IF($K28>5,"",IF(AND(ISNA(MATCH(K28+1,$K$7:$K$306,0)),$K28<$A$4),"TIE","")),"DQ") | N28: =IF(ISBLANK($G28),$R28,"DQ") | O28: =IF(ISBLANK(A28),"",$H28*$O$6+$I28) | P28: =IF(ISBLANK(A28),"",$O28*10*$P$6+$J28) | Q28: =IF(ISBLANK($G28),IF(ISBLANK($A28),-10,$P28*$Q$6+IF($M28>0,$Q$6-1-$M28,0)),-1) -> -10 | R28: =IF(ISBLANK($A28),"",RANK($Q28,$Q$7:$Q$306)) | S28: =IF(ISNA(MATCH($R28+1,$R$7:$R$306,0)),IF($R28=MAX($A$7:$A$306),$R28,-1),$R28) | T28: =$A28 -> 0 | U28: =IF(N('Final Round'!$J$14)>0,IF(ISBLANK($A28),"",IF($N28>5,$N28,VLOOKUP($A28,'Final Round'!$A$14:$K$18,COLUMN('Final Round'!$J$1),FALSE()))),"") | V28: =IF(ISNUMBER($U28),$U28,$R28) | W28: =IF(ISBLANK($A28),"",($V$6-$V28)*$W$6+$W$6-$A28) | X28: =IF(ISBLANK($A28),"",RANK($W28,$W$7:$W$306)) | Y28: =$A28 -> 0 | Z28: =IF($U28="",$N28,$U28) | AA28: =IF($U28<6,INDEX($AA$1:$AA$5,$Z28)*$Z$2,0) -> 0 | AB28: =IF(ISBLANK($A28),"",5+4*(I28+IF(AA28=0,0,VLOOKUP($A28,'Final Round'!$A$14:$K$18,COLUMN('Final Round'!$G$1),FALSE())))+8*(H28+IF(AA28=0,0,IF(VLOOKUP($A28,'Final Round'!$A$14:$K$18,COLUMN('Final Round'!$J$1),FALSE())=1,1,0)))+$AA28)
F29: =IF(ISBLANK($A29),"",SUM(IF(ISNA(IF(VLOOKUP($A29,'Round 1'!$A$7:$J$306,COLUMN('Round 1'!$H$7),FALSE()),1,NA())),0,1),IF(ISNA(IF(VLOOKUP($A29,'Round 2'!$A$7:$J$306,COLUMN('Round 1'!$H$7),FALSE()),1,NA())),0,1),IF(ISNA(IF(VLOOKUP($A29,'Round 3'!$A$7:$J$306,COLUMN('Round 1'!$H$7),FALSE()),1,NA())),0,1),IF(ISNA(IF(VLOOKUP($A29,'Final Round'!$A$14:$K$18,1,FALSE()),1,NA())),0,1))) | H29: =IF(ISBLANK($A29),"",IF(ISERROR(VLOOKUP($A29,'Round 1'!$A$7:$I$306,COLUMN('Round 1'!$G$7),FALSE())),0,VLOOKUP($A29,'Round 1'!$A$7:$I$306,COLUMN('Round 1'!$G$7),FALSE()))+IF(ISERROR(VLOOKUP($A29,'Round 2'!$A$7:$I$306,COLUMN('Round 2'!$G$7),FALSE())),0,VLOOKUP($A29,'Round 2'!$A$7:$I$306,COLUMN('Round 2'!$G$7),FALSE()))+IF(ISERROR(VLOOKUP($A29,'Round 3'!$A$7:$I$306,COLUMN('Round 3'!$G$7),FALSE())),0,VLOOKUP($A29,'Round 3'!$A$7:$I$306,COLUMN('Round 3'!$G$7),FALSE()))) | I29: =IF(ISBLANK($A29),"",IF(ISERROR(VLOOKUP($A29,'Round 1'!$A$7:$I$306,COLUMN('Round 1'!$F$7),FALSE())),0,VLOOKUP($A29,'Round 1'!$A$7:$I$306,COLUMN('Round 1'!$F$7),FALSE()))+IF(ISERROR(VLOOKUP($A29,'Round 2'!$A$7:$I$306,COLUMN('Round 2'!$F$7),FALSE())),0,VLOOKUP($A29,'Round 2'!$A$7:$I$306,COLUMN('Round 2'!$F$7),FALSE()))+IF(ISERROR(VLOOKUP($A29,'Round 3'!$A$7:$I$306,COLUMN('Round 3'!$F$7),FALSE())),0,VLOOKUP($A29,'Round 3'!$A$7:$I$306,COLUMN('Round 3'!$F$7),FALSE()))) | J29: =IF(ISBLANK($A29),"",IF(ISERROR(VLOOKUP($A29,'Round 1'!$A$7:$I$306,COLUMN('Round 1'!$H$7),FALSE())),0,VLOOKUP($A29,'Round 1'!$A$7:$I$306,COLUMN('Round 1'!$H$7),FALSE()))+IF(ISERROR(VLOOKUP($A29,'Round 2'!$A$7:$I$306,COLUMN('Round 2'!$H$7),FALSE())),0,VLOOKUP($A29,'Round 2'!$A$7:$I$306,COLUMN('Round 2'!$H$7),FALSE()))+IF(ISERROR(VLOOKUP($A29,'Round 3'!$A$7:$I$306,COLUMN('Round 3'!$H$7),FALSE())),0,VLOOKUP($A29,'Round 3'!$A$7:$I$306,COLUMN('Round 3'!$H$7),FALSE()))) | K29: =IF(ISBLANK(A29),"",RANK(P29,$P$7:$P$306)) | L29: =IF(ISBLANK($G29),IF($K29>5,"",IF(AND(ISNA(MATCH(K29+1,$K$7:$K$306,0)),$K29<$A$4),"TIE","")),"DQ") | N29: =IF(ISBLANK($G29),$R29,"DQ") | O29: =IF(ISBLANK(A29),"",$H29*$O$6+$I29) | P29: =IF(ISBLANK(A29),"",$O29*10*$P$6+$J29) | Q29: =IF(ISBLANK($G29),IF(ISBLANK($A29),-10,$P29*$Q$6+IF($M29>0,$Q$6-1-$M29,0)),-1) -> -10 | R29: =IF(ISBLANK($A29),"",RANK($Q29,$Q$7:$Q$306)) | S29: =IF(ISNA(MATCH($R29+1,$R$7:$R$306,0)),IF($R29=MAX($A$7:$A$306),$R29,-1),$R29) | T29: =$A29 -> 0 | U29: =IF(N('Final Round'!$J$14)>0,IF(ISBLANK($A29),"",IF($N29>5,$N29,VLOOKUP($A29,'Final Round'!$A$14:$K$18,COLUMN('Final Round'!$J$1),FALSE()))),"") | V29: =IF(ISNUMBER($U29),$U29,$R29) | W29: =IF(ISBLANK($A29),"",($V$6-$V29)*$W$6+$W$6-$A29) | X29: =IF(ISBLANK($A29),"",RANK($W29,$W$7:$W$306)) | Y29: =$A29 -> 0 | Z29: =IF($U29="",$N29,$U29) | AA29: =IF($U29<6,INDEX($AA$1:$AA$5,$Z29)*$Z$2,0) -> 0 | AB29: =IF(ISBLANK($A29),"",5+4*(I29+IF(AA29=0,0,VLOOKUP($A29,'Final Round'!$A$14:$K$18,COLUMN('Final Round'!$G$1),FALSE())))+8*(H29+IF(AA29=0,0,IF(VLOOKUP($A29,'Final Round'!$A$14:$K$18,COLUMN('Final Round'!$J$1),FALSE())=1,1,0)))+$AA29)
F30: =IF(ISBLANK($A30),"",SUM(IF(ISNA(IF(VLOOKUP($A30,'Round 1'!$A$7:$J$306,COLUMN('Round 1'!$H$7),FALSE()),1,NA())),0,1),IF(ISNA(IF(VLOOKUP($A30,'Round 2'!$A$7:$J$306,COLUMN('Round 1'!$H$7),FALSE()),1,NA())),0,1),IF(ISNA(IF(VLOOKUP($A30,'Round 3'!$A$7:$J$306,COLUMN('Round 1'!$H$7),FALSE()),1,NA())),0,1),IF(ISNA(IF(VLOOKUP($A30,'Final Round'!$A$14:$K$18,1,FALSE()),1,NA())),0,1))) | H30: =IF(ISBLANK($A30),"",IF(ISERROR(VLOOKUP($A30,'Round 1'!$A$7:$I$306,COLUMN('Round 1'!$G$7),FALSE())),0,VLOOKUP($A30,'Round 1'!$A$7:$I$306,COLUMN('Round 1'!$G$7),FALSE()))+IF(ISERROR(VLOOKUP($A30,'Round 2'!$A$7:$I$306,COLUMN('Round 2'!$G$7),FALSE())),0,VLOOKUP($A30,'Round 2'!$A$7:$I$306,COLUMN('Round 2'!$G$7),FALSE()))+IF(ISERROR(VLOOKUP($A30,'Round 3'!$A$7:$I$306,COLUMN('Round 3'!$G$7),FALSE())),0,VLOOKUP($A30,'Round 3'!$A$7:$I$306,COLUMN('Round 3'!$G$7),FALSE()))) | I30: =IF(ISBLANK($A30),"",IF(ISERROR(VLOOKUP($A30,'Round 1'!$A$7:$I$306,COLUMN('Round 1'!$F$7),FALSE())),0,VLOOKUP($A30,'Round 1'!$A$7:$I$306,COLUMN('Round 1'!$F$7),FALSE()))+IF(ISERROR(VLOOKUP($A30,'Round 2'!$A$7:$I$306,COLUMN('Round 2'!$F$7),FALSE())),0,VLOOKUP($A30,'Round 2'!$A$7:$I$306,COLUMN('Round 2'!$F$7),FALSE()))+IF(ISERROR(VLOOKUP($A30,'Round 3'!$A$7:$I$306,COLUMN('Round 3'!$F$7),FALSE())),0,VLOOKUP($A30,'Round 3'!$A$7:$I$306,COLUMN('Round 3'!$F$7),FALSE()))) | J30: =IF(ISBLANK($A30),"",IF(ISERROR(VLOOKUP($A30,'Round 1'!$A$7:$I$306,COLUMN('Round 1'!$H$7),FALSE())),0,VLOOKUP($A30,'Round 1'!$A$7:$I$306,COLUMN('Round 1'!$H$7),FALSE()))+IF(ISERROR(VLOOKUP($A30,'Round 2'!$A$7:$I$306,COLUMN('Round 2'!$H$7),FALSE())),0,VLOOKUP($A30,'Round 2'!$A$7:$I$306,COLUMN('Round 2'!$H$7),FALSE()))+IF(ISERROR(VLOOKUP($A30,'Round 3'!$A$7:$I$306,COLUMN('Round 3'!$H$7),FALSE())),0,VLOOKUP($A30,'Round 3'!$A$7:$I$306,COLUMN('Round 3'!$H$7),FALSE()))) | K30: =IF(ISBLANK(A30),"",RANK(P30,$P$7:$P$306)) | L30: =IF(ISBLANK($G30),IF($K30>5,"",IF(AND(ISNA(MATCH(K30+1,$K$7:$K$306,0)),$K30<$A$4),"TIE","")),"DQ") | N30: =IF(ISBLANK($G30),$R30,"DQ") | O30: =IF(ISBLANK(A30),"",$H30*$O$6+$I30) | P30: =IF(ISBLANK(A30),"",$O30*10*$P$6+$J30) | Q30: =IF(ISBLANK($G30),IF(ISBLANK($A30),-10,$P30*$Q$6+IF($M30>0,$Q$6-1-$M30,0)),-1) -> -10 | R30: =IF(ISBLANK($A30),"",RANK($Q30,$Q$7:$Q$306)) | S30: =IF(ISNA(MATCH($R30+1,$R$7:$R$306,0)),IF($R30=MAX($A$7:$A$306),$R30,-1),$R30) | T30: =$A30 -> 0 | U30: =IF(N('Final Round'!$J$14)>0,IF(ISBLANK($A30),"",IF($N30>5,$N30,VLOOKUP($A30,'Final Round'!$A$14:$K$18,COLUMN('Final Round'!$J$1),FALSE()))),"") | V30: =IF(ISNUMBER($U30),$U30,$R30) | W30: =IF(ISBLANK($A30),"",($V$6-$V30)*$W$6+$W$6-$A30) | X30: =IF(ISBLANK($A30),"",RANK($W30,$W$7:$W$306)) | Y30: =$A30 -> 0 | Z30: =IF($U30="",$N30,$U30) | AA30: =IF($U30<6,INDEX($AA$1:$AA$5,$Z30)*$Z$2,0) -> 0 | AB30: =IF(ISBLANK($A30),"",5+4*(I30+IF(AA30=0,0,VLOOKUP($A30,'Final Round'!$A$14:$K$18,COLUMN('Final Round'!$G$1),FALSE())))+8*(H30+IF(AA30=0,0,IF(VLOOKUP($A30,'Final Round'!$A$14:$K$18,COLUMN('Final Round'!$J$1),FALSE())=1,1,0)))+$AA30)
F31: =IF(ISBLANK($A31),"",SUM(IF(ISNA(IF(VLOOKUP($A31,'Round 1'!$A$7:$J$306,COLUMN('Round 1'!$H$7),FALSE()),1,NA())),0,1),IF(ISNA(IF(VLOOKUP($A31,'Round 2'!$A$7:$J$306,COLUMN('Round 1'!$H$7),FALSE()),1,NA())),0,1),IF(ISNA(IF(VLOOKUP($A31,'Round 3'!$A$7:$J$306,COLUMN('Round 1'!$H$7),FALSE()),1,NA())),0,1),IF(ISNA(IF(VLOOKUP($A31,'Final Round'!$A$14:$K$18,1,FALSE()),1,NA())),0,1))) | H31: =IF(ISBLANK($A31),"",IF(ISERROR(VLOOKUP($A31,'Round 1'!$A$7:$I$306,COLUMN('Round 1'!$G$7),FALSE())),0,VLOOKUP($A31,'Round 1'!$A$7:$I$306,COLUMN('Round 1'!$G$7),FALSE()))+IF(ISERROR(VLOOKUP($A31,'Round 2'!$A$7:$I$306,COLUMN('Round 2'!$G$7),FALSE())),0,VLOOKUP($A31,'Round 2'!$A$7:$I$306,COLUMN('Round 2'!$G$7),FALSE()))+IF(ISERROR(VLOOKUP($A31,'Round 3'!$A$7:$I$306,COLUMN('Round 3'!$G$7),FALSE())),0,VLOOKUP($A31,'Round 3'!$A$7:$I$306,COLUMN('Round 3'!$G$7),FALSE()))) | I31: =IF(ISBLANK($A31),"",IF(ISERROR(VLOOKUP($A31,'Round 1'!$A$7:$I$306,COLUMN('Round 1'!$F$7),FALSE())),0,VLOOKUP($A31,'Round 1'!$A$7:$I$306,COLUMN('Round 1'!$F$7),FALSE()))+IF(ISERROR(VLOOKUP($A31,'Round 2'!$A$7:$I$306,COLUMN('Round 2'!$F$7),FALSE())),0,VLOOKUP($A31,'Round 2'!$A$7:$I$306,COLUMN('Round 2'!$F$7),FALSE()))+IF(ISERROR(VLOOKUP($A31,'Round 3'!$A$7:$I$306,COLUMN('Round 3'!$F$7),FALSE())),0,VLOOKUP($A31,'Round 3'!$A$7:$I$306,COLUMN('Round 3'!$F$7),FALSE()))) | J31: =IF(ISBLANK($A31),"",IF(ISERROR(VLOOKUP($A31,'Round 1'!$A$7:$I$306,COLUMN('Round 1'!$H$7),FALSE())),0,VLOOKUP($A31,'Round 1'!$A$7:$I$306,COLUMN('Round 1'!$H$7),FALSE()))+IF(ISERROR(VLOOKUP($A31,'Round 2'!$A$7:$I$306,COLUMN('Round 2'!$H$7),FALSE())),0,VLOOKUP($A31,'Round 2'!$A$7:$I$306,COLUMN('Round 2'!$H$7),FALSE()))+IF(ISERROR(VLOOKUP($A31,'Round 3'!$A$7:$I$306,COLUMN('Round 3'!$H$7),FALSE())),0,VLOOKUP($A31,'Round 3'!$A$7:$I$306,COLUMN('Round 3'!$H$7),FALSE()))) | K31: =IF(ISBLANK(A31),"",RANK(P31,$P$7:$P$306)) | L31: =IF(ISBLANK($G31),IF($K31>5,"",IF(AND(ISNA(MATCH(K31+1,$K$7:$K$306,0)),$K31<$A$4),"TIE","")),"DQ") | N31: =IF(ISBLANK($G31),$R31,"DQ") | O31: =IF(ISBLANK(A31),"",$H31*$O$6+$I31) | P31: =IF(ISBLANK(A31),"",$O31*10*$P$6+$J31) | Q31: =IF(ISBLANK($G31),IF(ISBLANK($A31),-10,$P31*$Q$6+IF($M31>0,$Q$6-1-$M31,0)),-1) -> -10 | R31: =IF(ISBLANK($A31),"",RANK($Q31,$Q$7:$Q$306)) | S31: =IF(ISNA(MATCH($R31+1,$R$7:$R$306,0)),IF($R31=MAX($A$7:$A$306),$R31,-1),$R31) | T31: =$A31 -> 0 | U31: =IF(N('Final Round'!$J$14)>0,IF(ISBLANK($A31),"",IF($N31>5,$N31,VLOOKUP($A31,'Final Round'!$A$14:$K$18,COLUMN('Final Round'!$J$1),FALSE()))),"") | V31: =IF(ISNUMBER($U31),$U31,$R31) | W31: =IF(ISBLANK($A31),"",($V$6-$V31)*$W$6+$W$6-$A31) | X31: =IF(ISBLANK($A31),"",RANK($W31,$W$7:$W$306)) | Y31: =$A31 -> 0 | Z31: =IF($U31="",$N31,$U31) | AA31: =IF($U31<6,INDEX($AA$1:$AA$5,$Z31)*$Z$2,0) -> 0 | AB31: =IF(ISBLANK($A31),"",5+4*(I31+IF(AA31=0,0,VLOOKUP($A31,'Final Round'!$A$14:$K$18,COLUMN('Final Round'!$G$1),FALSE())))+8*(H31+IF(AA31=0,0,IF(VLOOKUP($A31,'Final Round'!$A$14:$K$18,COLUMN('Final Round'!$J$1),FALSE())=1,1,0)))+$AA31)
F32: =IF(ISBLANK($A32),"",SUM(IF(ISNA(IF(VLOOKUP($A32,'Round 1'!$A$7:$J$306,COLUMN('Round 1'!$H$7),FALSE()),1,NA())),0,1),IF(ISNA(IF(VLOOKUP($A32,'Round 2'!$A$7:$J$306,COLUMN('Round 1'!$H$7),FALSE()),1,NA())),0,1),IF(ISNA(IF(VLOOKUP($A32,'Round 3'!$A$7:$J$306,COLUMN('Round 1'!$H$7),FALSE()),1,NA())),0,1),IF(ISNA(IF(VLOOKUP($A32,'Final Round'!$A$14:$K$18,1,FALSE()),1,NA())),0,1))) | H32: =IF(ISBLANK($A32),"",IF(ISERROR(VLOOKUP($A32,'Round 1'!$A$7:$I$306,COLUMN('Round 1'!$G$7),FALSE())),0,VLOOKUP($A32,'Round 1'!$A$7:$I$306,COLUMN('Round 1'!$G$7),FALSE()))+IF(ISERROR(VLOOKUP($A32,'Round 2'!$A$7:$I$306,COLUMN('Round 2'!$G$7),FALSE())),0,VLOOKUP($A32,'Round 2'!$A$7:$I$306,COLUMN('Round 2'!$G$7),FALSE()))+IF(ISERROR(VLOOKUP($A32,'Round 3'!$A$7:$I$306,COLUMN('Round 3'!$G$7),FALSE())),0,VLOOKUP($A32,'Round 3'!$A$7:$I$306,COLUMN('Round 3'!$G$7),FALSE()))) | I32: =IF(ISBLANK($A32),"",IF(ISERROR(VLOOKUP($A32,'Round 1'!$A$7:$I$306,COLUMN('Round 1'!$F$7),FALSE())),0,VLOOKUP($A32,'Round 1'!$A$7:$I$306,COLUMN('Round 1'!$F$7),FALSE()))+IF(ISERROR(VLOOKUP($A32,'Round 2'!$A$7:$I$306,COLUMN('Round 2'!$F$7),FALSE())),0,VLOOKUP($A32,'Round 2'!$A$7:$I$306,COLUMN('Round 2'!$F$7),FALSE()))+IF(ISERROR(VLOOKUP($A32,'Round 3'!$A$7:$I$306,COLUMN('Round 3'!$F$7),FALSE())),0,VLOOKUP($A32,'Round 3'!$A$7:$I$306,COLUMN('Round 3'!$F$7),FALSE()))) | J32: =IF(ISBLANK($A32),"",IF(ISERROR(VLOOKUP($A32,'Round 1'!$A$7:$I$306,COLUMN('Round 1'!$H$7),FALSE())),0,VLOOKUP($A32,'Round 1'!$A$7:$I$306,COLUMN('Round 1'!$H$7),FALSE()))+IF(ISERROR(VLOOKUP($A32,'Round 2'!$A$7:$I$306,COLUMN('Round 2'!$H$7),FALSE())),0,VLOOKUP($A32,'Round 2'!$A$7:$I$306,COLUMN('Round 2'!$H$7),FALSE()))+IF(ISERROR(VLOOKUP($A32,'Round 3'!$A$7:$I$306,COLUMN('Round 3'!$H$7),FALSE())),0,VLOOKUP($A32,'Round 3'!$A$7:$I$306,COLUMN('Round 3'!$H$7),FALSE()))) | K32: =IF(ISBLANK(A32),"",RANK(P32,$P$7:$P$306)) | L32: =IF(ISBLANK($G32),IF($K32>5,"",IF(AND(ISNA(MATCH(K32+1,$K$7:$K$306,0)),$K32<$A$4),"TIE","")),"DQ") | N32: =IF(ISBLANK($G32),$R32,"DQ") | O32: =IF(ISBLANK(A32),"",$H32*$O$6+$I32) | P32: =IF(ISBLANK(A32),"",$O32*10*$P$6+$J32) | Q32: =IF(ISBLANK($G32),IF(ISBLANK($A32),-10,$P32*$Q$6+IF($M32>0,$Q$6-1-$M32,0)),-1) -> -10 | R32: =IF(ISBLANK($A32),"",RANK($Q32,$Q$7:$Q$306)) | S32: =IF(ISNA(MATCH($R32+1,$R$7:$R$306,0)),IF($R32=MAX($A$7:$A$306),$R32,-1),$R32) | T32: =$A32 -> 0 | U32: =IF(N('Final Round'!$J$14)>0,IF(ISBLANK($A32),"",IF($N32>5,$N32,VLOOKUP($A32,'Final Round'!$A$14:$K$18,COLUMN('Final Round'!$J$1),FALSE()))),"") | V32: =IF(ISNUMBER($U32),$U32,$R32) | W32: =IF(ISBLANK($A32),"",($V$6-$V32)*$W$6+$W$6-$A32) | X32: =IF(ISBLANK($A32),"",RANK($W32,$W$7:$W$306)) | Y32: =$A32 -> 0 | Z32: =IF($U32="",$N32,$U32) | AA32: =IF($U32<6,INDEX($AA$1:$AA$5,$Z32)*$Z$2,0) -> 0 | AB32: =IF(ISBLANK($A32),"",5+4*(I32+IF(AA32=0,0,VLOOKUP($A32,'Final Round'!$A$14:$K$18,COLUMN('Final Round'!$G$1),FALSE())))+8*(H32+IF(AA32=0,0,IF(VLOOKUP($A32,'Final Round'!$A$14:$K$18,COLUMN('Final Round'!$J$1),FALSE())=1,1,0)))+$AA32)
F33: =IF(ISBLANK($A33),"",SUM(IF(ISNA(IF(VLOOKUP($A33,'Round 1'!$A$7:$J$306,COLUMN('Round 1'!$H$7),FALSE()),1,NA())),0,1),IF(ISNA(IF(VLOOKUP($A33,'Round 2'!$A$7:$J$306,COLUMN('Round 1'!$H$7),FALSE()),1,NA())),0,1),IF(ISNA(IF(VLOOKUP($A33,'Round 3'!$A$7:$J$306,COLUMN('Round 1'!$H$7),FALSE()),1,NA())),0,1),IF(ISNA(IF(VLOOKUP($A33,'Final Round'!$A$14:$K$18,1,FALSE()),1,NA())),0,1))) | H33: =IF(ISBLANK($A33),"",IF(ISERROR(VLOOKUP($A33,'Round 1'!$A$7:$I$306,COLUMN('Round 1'!$G$7),FALSE())),0,VLOOKUP($A33,'Round 1'!$A$7:$I$306,COLUMN('Round 1'!$G$7),FALSE()))+IF(ISERROR(VLOOKUP($A33,'Round 2'!$A$7:$I$306,COLUMN('Round 2'!$G$7),FALSE())),0,VLOOKUP($A33,'Round 2'!$A$7:$I$306,COLUMN('Round 2'!$G$7),FALSE()))+IF(ISERROR(VLOOKUP($A33,'Round 3'!$A$7:$I$306,COLUMN('Round 3'!$G$7),FALSE())),0,VLOOKUP($A33,'Round 3'!$A$7:$I$306,COLUMN('Round 3'!$G$7),FALSE()))) | I33: =IF(ISBLANK($A33),"",IF(ISERROR(VLOOKUP($A33,'Round 1'!$A$7:$I$306,COLUMN('Round 1'!$F$7),FALSE())),0,VLOOKUP($A33,'Round 1'!$A$7:$I$306,COLUMN('Round 1'!$F$7),FALSE()))+IF(ISERROR(VLOOKUP($A33,'Round 2'!$A$7:$I$306,COLUMN('Round 2'!$F$7),FALSE())),0,VLOOKUP($A33,'Round 2'!$A$7:$I$306,COLUMN('Round 2'!$F$7),FALSE()))+IF(ISERROR(VLOOKUP($A33,'Round 3'!$A$7:$I$306,COLUMN('Round 3'!$F$7),FALSE())),0,VLOOKUP($A33,'Round 3'!$A$7:$I$306,COLUMN('Round 3'!$F$7),FALSE()))) | J33: =IF(ISBLANK($A33),"",IF(ISERROR(VLOOKUP($A33,'Round 1'!$A$7:$I$306,COLUMN('Round 1'!$H$7),FALSE())),0,VLOOKUP($A33,'Round 1'!$A$7:$I$306,COLUMN('Round 1'!$H$7),FALSE()))+IF(ISERROR(VLOOKUP($A33,'Round 2'!$A$7:$I$306,COLUMN('Round 2'!$H$7),FALSE())),0,VLOOKUP($A33,'Round 2'!$A$7:$I$306,COLUMN('Round 2'!$H$7),FALSE()))+IF(ISERROR(VLOOKUP($A33,'Round 3'!$A$7:$I$306,COLUMN('Round 3'!$H$7),FALSE())),0,VLOOKUP($A33,'Round 3'!$A$7:$I$306,COLUMN('Round 3'!$H$7),FALSE()))) | K33: =IF(ISBLANK(A33),"",RANK(P33,$P$7:$P$306)) | L33: =IF(ISBLANK($G33),IF($K33>5,"",IF(AND(ISNA(MATCH(K33+1,$K$7:$K$306,0)),$K33<$A$4),"TIE","")),"DQ") | N33: =IF(ISBLANK($G33),$R33,"DQ") | O33: =IF(ISBLANK(A33),"",$H33*$O$6+$I33) | P33: =IF(ISBLANK(A33),"",$O33*10*$P$6+$J33) | Q33: =IF(ISBLANK($G33),IF(ISBLANK($A33),-10,$P33*$Q$6+IF($M33>0,$Q$6-1-$M33,0)),-1) -> -10 | R33: =IF(ISBLANK($A33),"",RANK($Q33,$Q$7:$Q$306)) | S33: =IF(ISNA(MATCH($R33+1,$R$7:$R$306,0)),IF($R33=MAX($A$7:$A$306),$R33,-1),$R33) | T33: =$A33 -> 0 | U33: =IF(N('Final Round'!$J$14)>0,IF(ISBLANK($A33),"",IF($N33>5,$N33,VLOOKUP($A33,'Final Round'!$A$14:$K$18,COLUMN('Final Round'!$J$1),FALSE()))),"") | V33: =IF(ISNUMBER($U33),$U33,$R33) | W33: =IF(ISBLANK($A33),"",($V$6-$V33)*$W$6+$W$6-$A33) | X33: =IF(ISBLANK($A33),"",RANK($W33,$W$7:$W$306)) | Y33: =$A33 -> 0 | Z33: =IF($U33="",$N33,$U33) | AA33: =IF($U33<6,INDEX($AA$1:$AA$5,$Z33)*$Z$2,0) -> 0 | AB33: =IF(ISBLANK($A33),"",5+4*(I33+IF(AA33=0,0,VLOOKUP($A33,'Final Round'!$A$14:$K$18,COLUMN('Final Round'!$G$1),FALSE())))+8*(H33+IF(AA33=0,0,IF(VLOOKUP($A33,'Final Round'!$A$14:$K$18,COLUMN('Final Round'!$J$1),FALSE())=1,1,0)))+$AA33)
F34: =IF(ISBLANK($A34),"",SUM(IF(ISNA(IF(VLOOKUP($A34,'Round 1'!$A$7:$J$306,COLUMN('Round 1'!$H$7),FALSE()),1,NA())),0,1),IF(ISNA(IF(VLOOKUP($A34,'Round 2'!$A$7:$J$306,COLUMN('Round 1'!$H$7),FALSE()),1,NA())),0,1),IF(ISNA(IF(VLOOKUP($A34,'Round 3'!$A$7:$J$306,COLUMN('Round 1'!$H$7),FALSE()),1,NA())),0,1),IF(ISNA(IF(VLOOKUP($A34,'Final Round'!$A$14:$K$18,1,FALSE()),1,NA())),0,1))) | H34: =IF(ISBLANK($A34),"",IF(ISERROR(VLOOKUP($A34,'Round 1'!$A$7:$I$306,COLUMN('Round 1'!$G$7),FALSE())),0,VLOOKUP($A34,'Round 1'!$A$7:$I$306,COLUMN('Round 1'!$G$7),FALSE()))+IF(ISERROR(VLOOKUP($A34,'Round 2'!$A$7:$I$306,COLUMN('Round 2'!$G$7),FALSE())),0,VLOOKUP($A34,'Round 2'!$A$7:$I$306,COLUMN('Round 2'!$G$7),FALSE()))+IF(ISERROR(VLOOKUP($A34,'Round 3'!$A$7:$I$306,COLUMN('Round 3'!$G$7),FALSE())),0,VLOOKUP($A34,'Round 3'!$A$7:$I$306,COLUMN('Round 3'!$G$7),FALSE()))) | I34: =IF(ISBLANK($A34),"",IF(ISERROR(VLOOKUP($A34,'Round 1'!$A$7:$I$306,COLUMN('Round 1'!$F$7),FALSE())),0,VLOOKUP($A34,'Round 1'!$A$7:$I$306,COLUMN('Round 1'!$F$7),FALSE()))+IF(ISERROR(VLOOKUP($A34,'Round 2'!$A$7:$I$306,COLUMN('Round 2'!$F$7),FALSE())),0,VLOOKUP($A34,'Round 2'!$A$7:$I$306,COLUMN('Round 2'!$F$7),FALSE()))+IF(ISERROR(VLOOKUP($A34,'Round 3'!$A$7:$I$306,COLUMN('Round 3'!$F$7),FALSE())),0,VLOOKUP($A34,'Round 3'!$A$7:$I$306,COLUMN('Round 3'!$F$7),FALSE()))) | J34: =IF(ISBLANK($A34),"",IF(ISERROR(VLOOKUP($A34,'Round 1'!$A$7:$I$306,COLUMN('Round 1'!$H$7),FALSE())),0,VLOOKUP($A34,'Round 1'!$A$7:$I$306,COLUMN('Round 1'!$H$7),FALSE()))+IF(ISERROR(VLOOKUP($A34,'Round 2'!$A$7:$I$306,COLUMN('Round 2'!$H$7),FALSE())),0,VLOOKUP($A34,'Round 2'!$A$7:$I$306,COLUMN('Round 2'!$H$7),FALSE()))+IF(ISERROR(VLOOKUP($A34,'Round 3'!$A$7:$I$306,COLUMN('Round 3'!$H$7),FALSE())),0,VLOOKUP($A34,'Round 3'!$A$7:$I$306,COLUMN('Round 3'!$H$7),FALSE()))) | K34: =IF(ISBLANK(A34),"",RANK(P34,$P$7:$P$306)) | L34: =IF(ISBLANK($G34),IF($K34>5,"",IF(AND(ISNA(MATCH(K34+1,$K$7:$K$306,0)),$K34<$A$4),"TIE","")),"DQ") | N34: =IF(ISBLANK($G34),$R34,"DQ") | O34: =IF(ISBLANK(A34),"",$H34*$O$6+$I34) | P34: =IF(ISBLANK(A34),"",$O34*10*$P$6+$J34) | Q34: =IF(ISBLANK($G34),IF(ISBLANK($A34),-10,$P34*$Q$6+IF($M34>0,$Q$6-1-$M34,0)),-1) -> -10 | R34: =IF(ISBLANK($A34),"",RANK($Q34,$Q$7:$Q$306)) | S34: =IF(ISNA(MATCH($R34+1,$R$7:$R$306,0)),IF($R34=MAX($A$7:$A$306),$R34,-1),$R34) | T34: =$A34 -> 0 | U34: =IF(N('Final Round'!$J$14)>0,IF(ISBLANK($A34),"",IF($N34>5,$N34,VLOOKUP($A34,'Final Round'!$A$14:$K$18,COLUMN('Final Round'!$J$1),FALSE()))),"") | V34: =IF(ISNUMBER($U34),$U34,$R34) | W34: =IF(ISBLANK($A34),"",($V$6-$V34)*$W$6+$W$6-$A34) | X34: =IF(ISBLANK($A34),"",RANK($W34,$W$7:$W$306)) | Y34: =$A34 -> 0 | Z34: =IF($U34="",$N34,$U34) | AA34: =IF($U34<6,INDEX($AA$1:$AA$5,$Z34)*$Z$2,0) -> 0 | AB34: =IF(ISBLANK($A34),"",5+4*(I34+IF(AA34=0,0,VLOOKUP($A34,'Final Round'!$A$14:$K$18,COLUMN('Final Round'!$G$1),FALSE())))+8*(H34+IF(AA34=0,0,IF(VLOOKUP($A34,'Final Round'!$A$14:$K$18,COLUMN('Final Round'!$J$1),FALSE())=1,1,0)))+$AA34)
... F306: =IF(ISBLANK($A306),"",SUM(IF(ISNA(IF(VLOOKUP($A306,'Round 1'!$A$7:$J$306,COLUMN('Round 1'!$H$7),FALSE()),1,NA())),0,1),IF(ISNA(IF(VLOOKUP($A306,'Round 2'!$A$7:$J$306,COLUMN('Round 1'!$H$7),FALSE()),1,NA())),0,1),IF(ISNA(IF(VLOOKUP($A306,'Round 3'!$A$7:$J$306,COLUMN('Round 1'!$H$7),FALSE()),1,NA())),0,1),IF(ISNA(IF(VLOOKUP($A306,'Final Round'!$A$14:$K$18,1,FALSE()),1,NA())),0,1))) | H306: =IF(ISBLANK($A306),"",IF(ISERROR(VLOOKUP($A306,'Round 1'!$A$7:$I$306,COLUMN('Round 1'!$G$7),FALSE())),0,VLOOKUP($A306,'Round 1'!$A$7:$I$306,COLUMN('Round 1'!$G$7),FALSE()))+IF(ISERROR(VLOOKUP($A306,'Round 2'!$A$7:$I$306,COLUMN('Round 2'!$G$7),FALSE())),0,VLOOKUP($A306,'Round 2'!$A$7:$I$306,COLUMN('Round 2'!$G$7),FALSE()))+IF(ISERROR(VLOOKUP($A306,'Round 3'!$A$7:$I$306,COLUMN('Round 3'!$G$7),FALSE())),0,VLOOKUP($A306,'Round 3'!$A$7:$I$306,COLUMN('Round 3'!$G$7),FALSE()))) | I306: =IF(ISBLANK($A306),"",IF(ISERROR(VLOOKUP($A306,'Round 1'!$A$7:$I$306,COLUMN('Round 1'!$F$7),FALSE())),0,VLOOKUP($A306,'Round 1'!$A$7:$I$306,COLUMN('Round 1'!$F$7),FALSE()))+IF(ISERROR(VLOOKUP($A306,'Round 2'!$A$7:$I$306,COLUMN('Round 2'!$F$7),FALSE())),0,VLOOKUP($A306,'Round 2'!$A$7:$I$306,COLUMN('Round 2'!$F$7),FALSE()))+IF(ISERROR(VLOOKUP($A306,'Round 3'!$A$7:$I$306,COLUMN('Round 3'!$F$7),FALSE())),0,VLOOKUP($A306,'Round 3'!$A$7:$I$306,COLUMN('Round 3'!$F$7),FALSE()))) | J306: =IF(ISBLANK($A306),"",IF(ISERROR(VLOOKUP($A306,'Round 1'!$A$7:$I$306,COLUMN('Round 1'!$H$7),FALSE())),0,VLOOKUP($A306,'Round 1'!$A$7:$I$306,COLUMN('Round 1'!$H$7),FALSE()))+IF(ISERROR(VLOOKUP($A306,'Round 2'!$A$7:$I$306,COLUMN('Round 2'!$H$7),FALSE())),0,VLOOKUP($A306,'Round 2'!$A$7:$I$306,COLUMN('Round 2'!$H$7),FALSE()))+IF(ISERROR(VLOOKUP($A306,'Round 3'!$A$7:$I$306,COLUMN('Round 3'!$H$7),FALSE())),0,VLOOKUP($A306,'Round 3'!$A$7:$I$306,COLUMN('Round 3'!$H$7),FALSE()))) | K306: =IF(ISBLANK(A306),"",RANK(P306,$P$7:$P$306)) | L306: =IF(ISBLANK($G306),IF($K306>5,"",IF(AND(ISNA(MATCH(K306+1,$K$7:$K$306,0)),$K306<$A$4),"TIE","")),"DQ") | N306: =IF(ISBLANK($G306),$R306,"DQ") | O306: =IF(ISBLANK(A306),"",$H306*$O$6+$I306) | P306: =IF(ISBLANK(A306),"",$O306*10*$P$6+$J306) | Q306: =IF(ISBLANK($G306),IF(ISBLANK($A306),-10,$P306*$Q$6+IF($M306>0,$Q$6-1-$M306,0)),-1) -> -10 | R306: =IF(ISBLANK($A306),"",RANK($Q306,$Q$7:$Q$306)) | S306: =IF(ISNA(MATCH($R306+1,$R$7:$R$306,0)),IF($R306=MAX($A$7:$A$306),$R306,-1),$R306) | T306: =$A306 -> 0 | U306: =IF(N('Final Round'!$J$14)>0,IF(ISBLANK($A306),"",IF($N306>5,$N306,VLOOKUP($A306,'Final Round'!$A$14:$K$18,COLUMN('Final Round'!$J$1),FALSE()))),"") | V306: =IF(ISNUMBER($U306),$U306,$R306) | W306: =IF(ISBLANK($A306),"",($V$6-$V306)*$W$6+$W$6-$A306) | X306: =IF(ISBLANK($A306),"",RANK($W306,$W$7:$W$306)) | Y306: =$A306 -> 0 | Z306: =IF($U306="",$N306,$U306) | AA306: =IF($U306<6,INDEX($AA$1:$AA$5,$Z306)*$Z$2,0) -> 0 | AB306: =IF(ISBLANK($A306),"",5+4*(I306+IF(AA306=0,0,VLOOKUP($A306,'Final Round'!$A$14:$K$18,COLUMN('Final Round'!$G$1),FALSE())))+8*(H306+IF(AA306=0,0,IF(VLOOKUP($A306,'Final Round'!$A$14:$K$18,COLUMN('Final Round'!$J$1),FALSE())=1,1,0)))+$AA306)

Sheet Standings
A1: =IF(ISBLANK('Tournament Info'!B3),"Vampire: The Eternal Struggle Tournament",'Tournament Info'!B3) -> Russian Nationals 2026
A3: =IF($B$4,"Final Standings","Current Standings") -> Final Standings
B4: =N('Final Round'!$J$14)>0 -> TRUE
A5: =IF($B$4,"Final Rank","Current Rank") -> Final Rank | B5: Target Rank | C5: # | D5: Name | E5: Prelim GWs | F5: Prelim VPs | G5: Final VPs | H5: TPs
A6: =IF(ISNUMBER($C6),VLOOKUP($C6,Methuselahs!$Y$7:$Z$306,2,FALSE()),"") -> 1 | B6: =IF(ROW()-ROW($A$6)<Methuselahs!$A$4,ROW()-ROW($A$5),"") -> 1 | C6: =IF(ISNUMBER($B6),VLOOKUP($B6,Methuselahs!$X$7:$Y$306,2,FALSE()),"") -> 7 | D6: =IF(ISNUMBER($C6),T(VLOOKUP($C6,Methuselahs!$A$7:$E$306,2,FALSE()))&" "&T(VLOOKUP($C6,Methuselahs!$A$7:$E$306,3,FALSE())),"") | E6: =IF(ISNUMBER($C6),VLOOKUP($C6,Methuselahs!$A$7:$I$306,COLUMN(Methuselahs!$H$6),FALSE()),"") -> 2 | F6: =IF(ISNUMBER($C6),VLOOKUP($C6,Methuselahs!$A$7:$I$306,COLUMN(Methuselahs!$I$6),FALSE()),"") -> 8 | G6: =IF(AND(ISNUMBER($C6),$B$4),VLOOKUP($C6,'Final Round'!$A$14:$G$18,6,FALSE()),"") -> 1 | H6: =IF(ISNUMBER($C6),VLOOKUP($C6,Methuselahs!$A$7:$J$306,COLUMN(Methuselahs!$J$6),FALSE()),"") -> 120
A7: =IF(ISNUMBER($C7),VLOOKUP($C7,Methuselahs!$Y$7:$Z$306,2,FALSE()),"") -> 2 | B7: =IF(ROW()-ROW($A$6)<Methuselahs!$A$4,ROW()-ROW($A$5),"") -> 2 | C7: =IF(ISNUMBER($B7),VLOOKUP($B7,Methuselahs!$X$7:$Y$306,2,FALSE()),"") -> 4 | D7: =IF(ISNUMBER($C7),T(VLOOKUP($C7,Methuselahs!$A$7:$E$306,2,FALSE()))&" "&T(VLOOKUP($C7,Methuselahs!$A$7:$E$306,3,FALSE())),"") | E7: =IF(ISNUMBER($C7),VLOOKUP($C7,Methuselahs!$A$7:$I$306,COLUMN(Methuselahs!$H$6),FALSE()),"") -> 1 | F7: =IF(ISNUMBER($C7),VLOOKUP($C7,Methuselahs!$A$7:$I$306,COLUMN(Methuselahs!$I$6),FALSE()),"") -> 3 | G7: =IF(AND(ISNUMBER($C7),$B$4),VLOOKUP($C7,'Final Round'!$A$14:$G$18,6,FALSE()),"") -> 0 | H7: =IF(ISNUMBER($C7),VLOOKUP($C7,Methuselahs!$A$7:$J$306,COLUMN(Methuselahs!$J$6),FALSE()),"") -> 88
A8: =IF(ISNUMBER($C8),VLOOKUP($C8,Methuselahs!$Y$7:$Z$306,2,FALSE()),"") -> 2 | B8: =IF(ROW()-ROW($A$6)<Methuselahs!$A$4,ROW()-ROW($A$5),"") -> 3 | C8: =IF(ISNUMBER($B8),VLOOKUP($B8,Methuselahs!$X$7:$Y$306,2,FALSE()),"") -> 11 | D8: =IF(ISNUMBER($C8),T(VLOOKUP($C8,Methuselahs!$A$7:$E$306,2,FALSE()))&" "&T(VLOOKUP($C8,Methuselahs!$A$7:$E$306,3,FALSE())),"") | E8: =IF(ISNUMBER($C8),VLOOKUP($C8,Methuselahs!$A$7:$I$306,COLUMN(Methuselahs!$H$6),FALSE()),"") -> 1 | F8: =IF(ISNUMBER($C8),VLOOKUP($C8,Methuselahs!$A$7:$I$306,COLUMN(Methuselahs!$I$6),FALSE()),"") -> 4 | G8: =IF(AND(ISNUMBER($C8),$B$4),VLOOKUP($C8,'Final Round'!$A$14:$G$18,6,FALSE()),"") -> 0 | H8: =IF(ISNUMBER($C8),VLOOKUP($C8,Methuselahs!$A$7:$J$306,COLUMN(Methuselahs!$J$6),FALSE()),"") -> 78
A9: =IF(ISNUMBER($C9),VLOOKUP($C9,Methuselahs!$Y$7:$Z$306,2,FALSE()),"") -> 2 | B9: =IF(ROW()-ROW($A$6)<Methuselahs!$A$4,ROW()-ROW($A$5),"") -> 4 | C9: =IF(ISNUMBER($B9),VLOOKUP($B9,Methuselahs!$X$7:$Y$306,2,FALSE()),"") -> 14 | D9: =IF(ISNUMBER($C9),T(VLOOKUP($C9,Methuselahs!$A$7:$E$306,2,FALSE()))&" "&T(VLOOKUP($C9,Methuselahs!$A$7:$E$306,3,FALSE())),"") | E9: =IF(ISNUMBER($C9),VLOOKUP($C9,Methuselahs!$A$7:$I$306,COLUMN(Methuselahs!$H$6),FALSE()),"") -> 1 | F9: =IF(ISNUMBER($C9),VLOOKUP($C9,Methuselahs!$A$7:$I$306,COLUMN(Methuselahs!$I$6),FALSE()),"") -> 3.5 | G9: =IF(AND(ISNUMBER($C9),$B$4),VLOOKUP($C9,'Final Round'!$A$14:$G$18,6,FALSE()),"") -> 0 | H9: =IF(ISNUMBER($C9),VLOOKUP($C9,Methuselahs!$A$7:$J$306,COLUMN(Methuselahs!$J$6),FALSE()),"") -> 84
A10: =IF(ISNUMBER($C10),VLOOKUP($C10,Methuselahs!$Y$7:$Z$306,2,FALSE()),"") -> 2 | B10: =IF(ROW()-ROW($A$6)<Methuselahs!$A$4,ROW()-ROW($A$5),"") -> 5 | C10: =IF(ISNUMBER($B10),VLOOKUP($B10,Methuselahs!$X$7:$Y$306,2,FALSE()),"") -> 15 | D10: =IF(ISNUMBER($C10),T(VLOOKUP($C10,Methuselahs!$A$7:$E$306,2,FALSE()))&" "&T(VLOOKUP($C10,Methuselahs!$A$7:$E$306,3,FALSE())),"") | E10: =IF(ISNUMBER($C10),VLOOKUP($C10,Methuselahs!$A$7:$I$306,COLUMN(Methuselahs!$H$6),FALSE()),"") -> 1 | F10: =IF(ISNUMBER($C10),VLOOKUP($C10,Methuselahs!$A$7:$I$306,COLUMN(Methuselahs!$I$6),FALSE()),"") -> 3 | G10: =IF(AND(ISNUMBER($C10),$B$4),VLOOKUP($C10,'Final Round'!$A$14:$G$18,6,FALSE()),"") -> 0 | H10: =IF(ISNUMBER($C10),VLOOKUP($C10,Methuselahs!$A$7:$J$306,COLUMN(Methuselahs!$J$6),FALSE()),"") -> 78
A11: =IF(ISNUMBER($C11),VLOOKUP($C11,Methuselahs!$Y$7:$Z$306,2,FALSE()),"") -> 6 | B11: =IF(ROW()-ROW($A$6)<Methuselahs!$A$4,ROW()-ROW($A$5),"") -> 6 | C11: =IF(ISNUMBER($B11),VLOOKUP($B11,Methuselahs!$X$7:$Y$306,2,FALSE()),"") -> 1 | D11: =IF(ISNUMBER($C11),T(VLOOKUP($C11,Methuselahs!$A$7:$E$306,2,FALSE()))&" "&T(VLOOKUP($C11,Methuselahs!$A$7:$E$306,3,FALSE())),"") | E11: =IF(ISNUMBER($C11),VLOOKUP($C11,Methuselahs!$A$7:$I$306,COLUMN(Methuselahs!$H$6),FALSE()),"") -> 0 | F11: =IF(ISNUMBER($C11),VLOOKUP($C11,Methuselahs!$A$7:$I$306,COLUMN(Methuselahs!$I$6),FALSE()),"") -> 3 | H11: =IF(ISNUMBER($C11),VLOOKUP($C11,Methuselahs!$A$7:$J$306,COLUMN(Methuselahs!$J$6),FALSE()),"") -> 102
A12: =IF(ISNUMBER($C12),VLOOKUP($C12,Methuselahs!$Y$7:$Z$306,2,FALSE()),"") -> 7 | B12: =IF(ROW()-ROW($A$6)<Methuselahs!$A$4,ROW()-ROW($A$5),"") -> 7 | C12: =IF(ISNUMBER($B12),VLOOKUP($B12,Methuselahs!$X$7:$Y$306,2,FALSE()),"") -> 6 | D12: =IF(ISNUMBER($C12),T(VLOOKUP($C12,Methuselahs!$A$7:$E$306,2,FALSE()))&" "&T(VLOOKUP($C12,Methuselahs!$A$7:$E$306,3,FALSE())),"") | E12: =IF(ISNUMBER($C12),VLOOKUP($C12,Methuselahs!$A$7:$I$306,COLUMN(Methuselahs!$H$6),FALSE()),"") -> 0 | F12: =IF(ISNUMBER($C12),VLOOKUP($C12,Methuselahs!$A$7:$I$306,COLUMN(Methuselahs!$I$6),FALSE()),"") -> 2 | H12: =IF(ISNUMBER($C12),VLOOKUP($C12,Methuselahs!$A$7:$J$306,COLUMN(Methuselahs!$J$6),FALSE()),"") -> 82
A13: =IF(ISNUMBER($C13),VLOOKUP($C13,Methuselahs!$Y$7:$Z$306,2,FALSE()),"") -> 8 | B13: =IF(ROW()-ROW($A$6)<Methuselahs!$A$4,ROW()-ROW($A$5),"") -> 8 | C13: =IF(ISNUMBER($B13),VLOOKUP($B13,Methuselahs!$X$7:$Y$306,2,FALSE()),"") -> 9 | D13: =IF(ISNUMBER($C13),T(VLOOKUP($C13,Methuselahs!$A$7:$E$306,2,FALSE()))&" "&T(VLOOKUP($C13,Methuselahs!$A$7:$E$306,3,FALSE())),"") | E13: =IF(ISNUMBER($C13),VLOOKUP($C13,Methuselahs!$A$7:$I$306,COLUMN(Methuselahs!$H$6),FALSE()),"") -> 0 | F13: =IF(ISNUMBER($C13),VLOOKUP($C13,Methuselahs!$A$7:$I$306,COLUMN(Methuselahs!$I$6),FALSE()),"") -> 1.5 | H13: =IF(ISNUMBER($C13),VLOOKUP($C13,Methuselahs!$A$7:$J$306,COLUMN(Methuselahs!$J$6),FALSE()),"") -> 88
A14: =IF(ISNUMBER($C14),VLOOKUP($C14,Methuselahs!$Y$7:$Z$306,2,FALSE()),"") -> 9 | B14: =IF(ROW()-ROW($A$6)<Methuselahs!$A$4,ROW()-ROW($A$5),"") -> 9 | C14: =IF(ISNUMBER($B14),VLOOKUP($B14,Methuselahs!$X$7:$Y$306,2,FALSE()),"") -> 5 | D14: =IF(ISNUMBER($C14),T(VLOOKUP($C14,Methuselahs!$A$7:$E$306,2,FALSE()))&" "&T(VLOOKUP($C14,Methuselahs!$A$7:$E$306,3,FALSE())),"") | E14: =IF(ISNUMBER($C14),VLOOKUP($C14,Methuselahs!$A$7:$I$306,COLUMN(Methuselahs!$H$6),FALSE()),"") -> 0 | F14: =IF(ISNUMBER($C14),VLOOKUP($C14,Methuselahs!$A$7:$I$306,COLUMN(Methuselahs!$I$6),FALSE()),"") -> 1 | H14: =IF(ISNUMBER($C14),VLOOKUP($C14,Methuselahs!$A$7:$J$306,COLUMN(Methuselahs!$J$6),FALSE()),"") -> 76
A15: =IF(ISNUMBER($C15),VLOOKUP($C15,Methuselahs!$Y$7:$Z$306,2,FALSE()),"") -> 9 | B15: =IF(ROW()-ROW($A$6)<Methuselahs!$A$4,ROW()-ROW($A$5),"") -> 10 | C15: =IF(ISNUMBER($B15),VLOOKUP($B15,Methuselahs!$X$7:$Y$306,2,FALSE()),"") -> 8 | D15: =IF(ISNUMBER($C15),T(VLOOKUP($C15,Methuselahs!$A$7:$E$306,2,FALSE()))&" "&T(VLOOKUP($C15,Methuselahs!$A$7:$E$306,3,FALSE())),"") | E15: =IF(ISNUMBER($C15),VLOOKUP($C15,Methuselahs!$A$7:$I$306,COLUMN(Methuselahs!$H$6),FALSE()),"") -> 0 | F15: =IF(ISNUMBER($C15),VLOOKUP($C15,Methuselahs!$A$7:$I$306,COLUMN(Methuselahs!$I$6),FALSE()),"") -> 1 | H15: =IF(ISNUMBER($C15),VLOOKUP($C15,Methuselahs!$A$7:$J$306,COLUMN(Methuselahs!$J$6),FALSE()),"") -> 76
A16: =IF(ISNUMBER($C16),VLOOKUP($C16,Methuselahs!$Y$7:$Z$306,2,FALSE()),"") -> 11 | B16: =IF(ROW()-ROW($A$6)<Methuselahs!$A$4,ROW()-ROW($A$5),"") -> 11 | C16: =IF(ISNUMBER($B16),VLOOKUP($B16,Methuselahs!$X$7:$Y$306,2,FALSE()),"") -> 16 | D16: =IF(ISNUMBER($C16),T(VLOOKUP($C16,Methuselahs!$A$7:$E$306,2,FALSE()))&" "&T(VLOOKUP($C16,Methuselahs!$A$7:$E$306,3,FALSE())),"") | E16: =IF(ISNUMBER($C16),VLOOKUP($C16,Methuselahs!$A$7:$I$306,COLUMN(Methuselahs!$H$6),FALSE()),"") -> 0 | F16: =IF(ISNUMBER($C16),VLOOKUP($C16,Methuselahs!$A$7:$I$306,COLUMN(Methuselahs!$I$6),FALSE()),"") -> 1 | H16: =IF(ISNUMBER($C16),VLOOKUP($C16,Methuselahs!$A$7:$J$306,COLUMN(Methuselahs!$J$6),FALSE()),"") -> 66
A17: =IF(ISNUMBER($C17),VLOOKUP($C17,Methuselahs!$Y$7:$Z$306,2,FALSE()),"") -> 12 | B17: =IF(ROW()-ROW($A$6)<Methuselahs!$A$4,ROW()-ROW($A$5),"") -> 12 | C17: =IF(ISNUMBER($B17),VLOOKUP($B17,Methuselahs!$X$7:$Y$306,2,FALSE()),"") -> 10 | D17: =IF(ISNUMBER($C17),T(VLOOKUP($C17,Methuselahs!$A$7:$E$306,2,FALSE()))&" "&T(VLOOKUP($C17,Methuselahs!$A$7:$E$306,3,FALSE())),"") | E17: =IF(ISNUMBER($C17),VLOOKUP($C17,Methuselahs!$A$7:$I$306,COLUMN(Methuselahs!$H$6),FALSE()),"") -> 0 | F17: =IF(ISNUMBER($C17),VLOOKUP($C17,Methuselahs!$A$7:$I$306,COLUMN(Methuselahs!$I$6),FALSE()),"") -> 0 | H17: =IF(ISNUMBER($C17),VLOOKUP($C17,Methuselahs!$A$7:$J$306,COLUMN(Methuselahs!$J$6),FALSE()),"") -> 56
A18: =IF(ISNUMBER($C18),VLOOKUP($C18,Methuselahs!$Y$7:$Z$306,2,FALSE()),"") -> 13 | B18: =IF(ROW()-ROW($A$6)<Methuselahs!$A$4,ROW()-ROW($A$5),"") -> 13 | C18: =IF(ISNUMBER($B18),VLOOKUP($B18,Methuselahs!$X$7:$Y$306,2,FALSE()),"") -> 12 | D18: =IF(ISNUMBER($C18),T(VLOOKUP($C18,Methuselahs!$A$7:$E$306,2,FALSE()))&" "&T(VLOOKUP($C18,Methuselahs!$A$7:$E$306,3,FALSE())),"") | E18: =IF(ISNUMBER($C18),VLOOKUP($C18,Methuselahs!$A$7:$I$306,COLUMN(Methuselahs!$H$6),FALSE()),"") -> 0 | F18: =IF(ISNUMBER($C18),VLOOKUP($C18,Methuselahs!$A$7:$I$306,COLUMN(Methuselahs!$I$6),FALSE()),"") -> 0 | H18: =IF(ISNUMBER($C18),VLOOKUP($C18,Methuselahs!$A$7:$J$306,COLUMN(Methuselahs!$J$6),FALSE()),"") -> 46
A19: =IF(ISNUMBER($C19),VLOOKUP($C19,Methuselahs!$Y$7:$Z$306,2,FALSE()),"") -> 13 | B19: =IF(ROW()-ROW($A$6)<Methuselahs!$A$4,ROW()-ROW($A$5),"") -> 14 | C19: =IF(ISNUMBER($B19),VLOOKUP($B19,Methuselahs!$X$7:$Y$306,2,FALSE()),"") -> 13 | D19: =IF(ISNUMBER($C19),T(VLOOKUP($C19,Methuselahs!$A$7:$E$306,2,FALSE()))&" "&T(VLOOKUP($C19,Methuselahs!$A$7:$E$306,3,FALSE())),"") | E19: =IF(ISNUMBER($C19),VLOOKUP($C19,Methuselahs!$A$7:$I$306,COLUMN(Methuselahs!$H$6),FALSE()),"") -> 0 | F19: =IF(ISNUMBER($C19),VLOOKUP($C19,Methuselahs!$A$7:$I$306,COLUMN(Methuselahs!$I$6),FALSE()),"") -> 0 | H19: =IF(ISNUMBER($C19),VLOOKUP($C19,Methuselahs!$A$7:$J$306,COLUMN(Methuselahs!$J$6),FALSE()),"") -> 46
A20: =IF(ISNUMBER($C20),VLOOKUP($C20,Methuselahs!$Y$7:$Z$306,2,FALSE()),"") -> 15 | B20: =IF(ROW()-ROW($A$6)<Methuselahs!$A$4,ROW()-ROW($A$5),"") -> 15 | C20: =IF(ISNUMBER($B20),VLOOKUP($B20,Methuselahs!$X$7:$Y$306,2,FALSE()),"") -> 2 | D20: =IF(ISNUMBER($C20),T(VLOOKUP($C20,Methuselahs!$A$7:$E$306,2,FALSE()))&" "&T(VLOOKUP($C20,Methuselahs!$A$7:$E$306,3,FALSE())),"") | E20: =IF(ISNUMBER($C20),VLOOKUP($C20,Methuselahs!$A$7:$I$306,COLUMN(Methuselahs!$H$6),FALSE()),"") -> 0 | F20: =IF(ISNUMBER($C20),VLOOKUP($C20,Methuselahs!$A$7:$I$306,COLUMN(Methuselahs!$I$6),FALSE()),"") -> 0 | H20: =IF(ISNUMBER($C20),VLOOKUP($C20,Methuselahs!$A$7:$J$306,COLUMN(Methuselahs!$J$6),FALSE()),"") -> 36
A21: =IF(ISNUMBER($C21),VLOOKUP($C21,Methuselahs!$Y$7:$Z$306,2,FALSE()),"") -> 16 | B21: =IF(ROW()-ROW($A$6)<Methuselahs!$A$4,ROW()-ROW($A$5),"") -> 16 | C21: =IF(ISNUMBER($B21),VLOOKUP($B21,Methuselahs!$X$7:$Y$306,2,FALSE()),"") -> 3 | D21: =IF(ISNUMBER($C21),T(VLOOKUP($C21,Methuselahs!$A$7:$E$306,2,FALSE()))&" "&T(VLOOKUP($C21,Methuselahs!$A$7:$E$306,3,FALSE())),"") | E21: =IF(ISNUMBER($C21),VLOOKUP($C21,Methuselahs!$A$7:$I$306,COLUMN(Methuselahs!$H$6),FALSE()),"") -> 0 | F21: =IF(ISNUMBER($C21),VLOOKUP($C21,Methuselahs!$A$7:$I$306,COLUMN(Methuselahs!$I$6),FALSE()),"") -> 0 | H21: =IF(ISNUMBER($C21),VLOOKUP($C21,Methuselahs!$A$7:$J$306,COLUMN(Methuselahs!$J$6),FALSE()),"") -> 30
A22: =IF(ISNUMBER($C22),VLOOKUP($C22,Methuselahs!$Y$7:$Z$306,2,FALSE()),"") | B22: =IF(ROW()-ROW($A$6)<Methuselahs!$A$4,ROW()-ROW($A$5),"") | C22: =IF(ISNUMBER($B22),VLOOKUP($B22,Methuselahs!$X$7:$Y$306,2,FALSE()),"") | D22: =IF(ISNUMBER($C22),T(VLOOKUP($C22,Methuselahs!$A$7:$E$306,2,FALSE()))&" "&T(VLOOKUP($C22,Methuselahs!$A$7:$E$306,3,FALSE())),"") | E22: =IF(ISNUMBER($C22),VLOOKUP($C22,Methuselahs!$A$7:$I$306,COLUMN(Methuselahs!$H$6),FALSE()),"") | F22: =IF(ISNUMBER($C22),VLOOKUP($C22,Methuselahs!$A$7:$I$306,COLUMN(Methuselahs!$I$6),FALSE()),"") | H22: =IF(ISNUMBER($C22),VLOOKUP($C22,Methuselahs!$A$7:$J$306,COLUMN(Methuselahs!$J$6),FALSE()),"")
... A305: =IF(ISNUMBER($C305),VLOOKUP($C305,Methuselahs!$Y$7:$Z$306,2,FALSE()),"") | B305: =IF(ROW()-ROW($A$6)<Methuselahs!$A$4,ROW()-ROW($A$5),"") | C305: =IF(ISNUMBER($B305),VLOOKUP($B305,Methuselahs!$X$7:$Y$306,2,FALSE()),"") | D305: =IF(ISNUMBER($C305),T(VLOOKUP($C305,Methuselahs!$A$7:$E$306,2,FALSE()))&" "&T(VLOOKUP($C305,Methuselahs!$A$7:$E$306,3,FALSE())),"") | E305: =IF(ISNUMBER($C305),VLOOKUP($C305,Methuselahs!$A$7:$I$306,COLUMN(Methuselahs!$H$6),FALSE()),"") | F305: =IF(ISNUMBER($C305),VLOOKUP($C305,Methuselahs!$A$7:$I$306,COLUMN(Methuselahs!$I$6),FALSE()),"") | H305: =IF(ISNUMBER($C305),VLOOKUP($C305,Methuselahs!$A$7:$J$306,COLUMN(Methuselahs!$J$6),FALSE()),"")

Sheet Round 1
A1: =IF(ISBLANK('Tournament Info'!B3),"Vampire: The Eternal Struggle Tournament",'Tournament Info'!B3) -> Russian Nationals 2026
H2: Round Start Time: | AB2: 12
A3: Round 1 | H3: Round End Time: | AB3: 0.58333333
V4: 1
A5: Table Seating | E5: Round Results | K5: The arduous formulas for "Tournament Point" calculation... :) | S5: VP Validity Checking
A6: # | B6: Player First Name | C6: Player Last Name | D6: Table# | E6: VPs | F6: VPs | G6: GW | H6: TPs | I6: Tbl Rank | J6: #@T | K6: RawRank | L6: TPBase | M6: TP-2 | N6: TP-3 | O6: TP-4 | P6: TP-5 | Q6: TPcal | R6: TPshare | S6: #P | T6: Ceil(VP) | U6: Sum(Ceil) | W6: RawTblRank | X6: AdjRank | Y6: Re-Rank | Z6: DCI# | AA6: RawTblRank
A7: =IF(ISBLANK('Tournament Info'!$B$11),"",INDIRECT(ADDRESS(ROW(),1,1,1,"Optimal Seating "&'Tournament Info'!$B$11-1&"R+F"))) -> 1 | B7: =IF(ISNUMBER(A7),VLOOKUP(A7,Methuselahs!$A$7:$E$306,2,FALSE()),"") -> 0 | C7: =IF(ISNUMBER(A7),VLOOKUP(A7,Methuselahs!$A$7:$E$306,3,FALSE()),"") -> 0 | D7: =IF(ISNUMBER(A7),FLOOR((ROW()-ROW($A$7))/5,1)+1,"") -> 1 | E7: 1 | F7: =IF(ISNUMBER(E7),E7,0) -> 1 | G7: =IF(ISNUMBER($A7),IF(AND($F7>=2,$H7=60),1,0),"") -> 0 | H7: =IF(ISNUMBER(A7),IF(OR($S7=$U7,NOT(ISNA(MATCH($D7*5+$V$4,Override!$C$6:$C$125,0)))),$Q7,0),"") -> 48 | I7: =IF(ISNUMBER(A7),IF(J7=5,K7,IF(AND(J7=4,OR(K7=4,K7=3)),K7+1,K7)),"") -> 2 | J7: =COUNT(A7:A11) -> 4 | K7: =IF(ISNUMBER(A7),RANK(F7,F7:F11),"") -> 2 | L7: =IF(J7=5,VLOOKUP(K7,TPMatrix!$A$6:$B$10,2,FALSE()),IF(J7=4,VLOOKUP(K7,TPMatrix!$D$6:$E$9,2,FALSE()),0)) -> 48 | M7: =IF(COUNTIF(K7:K11,K7)>=2,IF(J7=5,VLOOKUP(K7+1,TPMatrix!$A$6:$B$10,2,FALSE()),IF(J7=4,VLOOKUP(K7+1,TPMatrix!$D$6:$E$9,2,FALSE()),0)),"") | N7: =IF(COUNTIF(K7:K11,K7)>=3,IF(J7=5,VLOOKUP(K7+2,TPMatrix!$A$6:$B$10,2,FALSE()),IF(J7=4,VLOOKUP(K7+2,TPMatrix!$D$6:$E$9,2,FALSE()),0)),"") | O7: =IF(COUNTIF(K7:K11,K7)>=4,IF(J7=5,VLOOKUP(K7+3,TPMatrix!$A$6:$B$10,2,FALSE()),IF(J7=4,VLOOKUP(K7+3,TPMatrix!$D$6:$E$9,2,FALSE()),0)),"") | P7: =IF(COUNTIF(K7:K11,K7)>=5,IF(J7=5,VLOOKUP(K7+4,TPMatrix!$A$6:$B$10,2,FALSE()),IF(J7=4,VLOOKUP(K7+4,TPMatrix!$D$6:$E$9,2,FALSE()),0)),"") | Q7: =SUM(L7:P7)/COUNT(L7:P7) -> 48 | R7: =COUNT(L7:P7) -> 1 | S7: =IF(ISNUMBER($A7),COUNTIF($D$7:$D$306,$D7),0) -> 4 | T7: =CEILING($F7,1) -> 1 | U7: =SUM(OFFSET(T7,-MOD(ROW()-ROW($U$7),5),0,5,1)) -> 4 | W7: =$I7 -> 2 | X7: =IF(ISNUMBER($A7),$W7*(Methuselahs!$A$4+1)+$A7,"") -> 35 | Y7: =IF(ISNUMBER($A7),RANK($X7,$X7:$X11,1),"") -> 2 | Z7: =IF(ISNUMBER($A7),VLOOKUP($A7,Methuselahs!$A$7:$X$306,5),"") -> #N/A | AA7: =$I7 -> 2
A8: =IF(ISBLANK('Tournament Info'!$B$11),"",INDIRECT(ADDRESS(ROW(),1,1,1,"Optimal Seating "&'Tournament Info'!$B$11-1&"R+F"))) -> 2 | B8: =IF(ISNUMBER(A8),VLOOKUP(A8,Methuselahs!$A$7:$E$306,2,FALSE()),"") -> 0 | C8: =IF(ISNUMBER(A8),VLOOKUP(A8,Methuselahs!$A$7:$E$306,3,FALSE()),"") -> 0 | D8: =IF(ISNUMBER(A8),FLOOR((ROW()-ROW($A$7))/5,1)+1,"") -> 1 | F8: =IF(ISNUMBER(E8),E8,0) -> 0 | G8: =IF(ISNUMBER($A8),IF(AND($F8>=2,$H8=60),1,0),"") -> 0 | H8: =IF(ISNUMBER(A8),IF(OR($S8=$U8,NOT(ISNA(MATCH($D8*5+$V$4,Override!$C$6:$C$125,0)))),$Q8,0),"") -> 18 | I8: =IF(ISNUMBER(A8),IF(J8=5,K8,IF(AND(J8=4,OR(K8=4,K8=3)),K8+1,K8)),"") -> 4 | J8: =COUNT(A7:A11) -> 4 | K8: =IF(ISNUMBER(A8),RANK(F8,F7:F11),"") -> 3 | L8: =IF(J8=5,VLOOKUP(K8,TPMatrix!$A$6:$B$10,2,FALSE()),IF(J8=4,VLOOKUP(K8,TPMatrix!$D$6:$E$9,2,FALSE()),0)) -> 24 | M8: =IF(COUNTIF(K7:K11,K8)>=2,IF(J8=5,VLOOKUP(K8+1,TPMatrix!$A$6:$B$10,2,FALSE()),IF(J8=4,VLOOKUP(K8+1,TPMatrix!$D$6:$E$9,2,FALSE()),0)),"") -> 12 | N8: =IF(COUNTIF(K7:K11,K8)>=3,IF(J8=5,VLOOKUP(K8+2,TPMatrix!$A$6:$B$10,2,FALSE()),IF(J8=4,VLOOKUP(K8+2,TPMatrix!$D$6:$E$9,2,FALSE()),0)),"") | O8: =IF(COUNTIF(K7:K11,K8)>=4,IF(J8=5,VLOOKUP(K8+3,TPMatrix!$A$6:$B$10,2,FALSE()),IF(J8=4,VLOOKUP(K8+3,TPMatrix!$D$6:$E$9,2,FALSE()),0)),"") | P8: =IF(COUNTIF(K7:K11,K8)>=5,IF(J8=5,VLOOKUP(K8+4,TPMatrix!$A$6:$B$10,2,FALSE()),IF(J8=4,VLOOKUP(K8+4,TPMatrix!$D$6:$E$9,2,FALSE()),0)),"") | Q8: =SUM(L8:P8)/COUNT(L8:P8) -> 18 | R8: =COUNT(L8:P8) -> 2 | S8: =IF(ISNUMBER($A8),COUNTIF($D$7:$D$306,$D8),0) -> 4 | T8: =CEILING($F8,1) -> 0 | U8: =SUM(OFFSET(T8,-MOD(ROW()-ROW($U$7),5),0,5,1)) -> 4 | W8: =$I8 -> 4 | X8: =IF(ISNUMBER($A8),$W8*(Methuselahs!$A$4+1)+$A8,"") -> 70 | Y8: =IF(ISNUMBER($A8),RANK($X8,$X8:$X12,1),"") -> 3 | Z8: =IF(ISNUMBER($A8),VLOOKUP($A8,Methuselahs!$A$7:$X$306,5),"") -> #N/A | AA8: =$I8 -> 4
A9: =IF(ISBLANK('Tournament Info'!$B$11),"",INDIRECT(ADDRESS(ROW(),1,1,1,"Optimal Seating "&'Tournament Info'!$B$11-1&"R+F"))) -> 3 | B9: =IF(ISNUMBER(A9),VLOOKUP(A9,Methuselahs!$A$7:$E$306,2,FALSE()),"") -> 0 | C9: =IF(ISNUMBER(A9),VLOOKUP(A9,Methuselahs!$A$7:$E$306,3,FALSE()),"") -> 0 | D9: =IF(ISNUMBER(A9),FLOOR((ROW()-ROW($A$7))/5,1)+1,"") -> 1 | F9: =IF(ISNUMBER(E9),E9,0) -> 0 | G9: =IF(ISNUMBER($A9),IF(AND($F9>=2,$H9=60),1,0),"") -> 0 | H9: =IF(ISNUMBER(A9),IF(OR($S9=$U9,NOT(ISNA(MATCH($D9*5+$V$4,Override!$C$6:$C$125,0)))),$Q9,0),"") -> 18 | I9: =IF(ISNUMBER(A9),IF(J9=5,K9,IF(AND(J9=4,OR(K9=4,K9=3)),K9+1,K9)),"") -> 4 | J9: =COUNT(A7:A11) -> 4 | K9: =IF(ISNUMBER(A9),RANK(F9,F7:F11),"") -> 3 | L9: =IF(J9=5,VLOOKUP(K9,TPMatrix!$A$6:$B$10,2,FALSE()),IF(J9=4,VLOOKUP(K9,TPMatrix!$D$6:$E$9,2,FALSE()),0)) -> 24 | M9: =IF(COUNTIF(K7:K11,K9)>=2,IF(J9=5,VLOOKUP(K9+1,TPMatrix!$A$6:$B$10,2,FALSE()),IF(J9=4,VLOOKUP(K9+1,TPMatrix!$D$6:$E$9,2,FALSE()),0)),"") -> 12 | N9: =IF(COUNTIF(K7:K11,K9)>=3,IF(J9=5,VLOOKUP(K9+2,TPMatrix!$A$6:$B$10,2,FALSE()),IF(J9=4,VLOOKUP(K9+2,TPMatrix!$D$6:$E$9,2,FALSE()),0)),"") | O9: =IF(COUNTIF(K7:K11,K9)>=4,IF(J9=5,VLOOKUP(K9+3,TPMatrix!$A$6:$B$10,2,FALSE()),IF(J9=4,VLOOKUP(K9+3,TPMatrix!$D$6:$E$9,2,FALSE()),0)),"") | P9: =IF(COUNTIF(K7:K11,K9)>=5,IF(J9=5,VLOOKUP(K9+4,TPMatrix!$A$6:$B$10,2,FALSE()),IF(J9=4,VLOOKUP(K9+4,TPMatrix!$D$6:$E$9,2,FALSE()),0)),"") | Q9: =SUM(L9:P9)/COUNT(L9:P9) -> 18 | R9: =COUNT(L9:P9) -> 2 | S9: =IF(ISNUMBER($A9),COUNTIF($D$7:$D$306,$D9),0) -> 4 | T9: =CEILING($F9,1) -> 0 | U9: =SUM(OFFSET(T9,-MOD(ROW()-ROW($U$7),5),0,5,1)) -> 4 | W9: =$I9 -> 4 | X9: =IF(ISNUMBER($A9),$W9*(Methuselahs!$A$4+1)+$A9,"") -> 71 | Y9: =IF(ISNUMBER($A9),RANK($X9,$X9:$X13,1),"") -> 4 | Z9: =IF(ISNUMBER($A9),VLOOKUP($A9,Methuselahs!$A$7:$X$306,5),"") -> #N/A | AA9: =$I9 -> 4
A10: =IF(ISBLANK('Tournament Info'!$B$11),"",INDIRECT(ADDRESS(ROW(),1,1,1,"Optimal Seating "&'Tournament Info'!$B$11-1&"R+F"))) -> 4 | B10: =IF(ISNUMBER(A10),VLOOKUP(A10,Methuselahs!$A$7:$E$306,2,FALSE()),"") -> 0 | C10: =IF(ISNUMBER(A10),VLOOKUP(A10,Methuselahs!$A$7:$E$306,3,FALSE()),"") -> 0 | D10: =IF(ISNUMBER(A10),FLOOR((ROW()-ROW($A$7))/5,1)+1,"") -> 1 | E10: 3 | F10: =IF(ISNUMBER(E10),E10,0) -> 3 | G10: =IF(ISNUMBER($A10),IF(AND($F10>=2,$H10=60),1,0),"") -> 1 | H10: =IF(ISNUMBER(A10),IF(OR($S10=$U10,NOT(ISNA(MATCH($D10*5+$V$4,Override!$C$6:$C$125,0)))),$Q10,0),"") -> 60 | I10: =IF(ISNUMBER(A10),IF(J10=5,K10,IF(AND(J10=4,OR(K10=4,K10=3)),K10+1,K10)),"") -> 1 | J10: =COUNT(A7:A11) -> 4 | K10: =IF(ISNUMBER(A10),RANK(F10,F7:F11),"") -> 1 | L10: =IF(J10=5,VLOOKUP(K10,TPMatrix!$A$6:$B$10,2,FALSE()),IF(J10=4,VLOOKUP(K10,TPMatrix!$D$6:$E$9,2,FALSE()),0)) -> 60 | M10: =IF(COUNTIF(K7:K11,K10)>=2,IF(J10=5,VLOOKUP(K10+1,TPMatrix!$A$6:$B$10,2,FALSE()),IF(J10=4,VLOOKUP(K10+1,TPMatrix!$D$6:$E$9,2,FALSE()),0)),"") | N10: =IF(COUNTIF(K7:K11,K10)>=3,IF(J10=5,VLOOKUP(K10+2,TPMatrix!$A$6:$B$10,2,FALSE()),IF(J10=4,VLOOKUP(K10+2,TPMatrix!$D$6:$E$9,2,FALSE()),0)),"") | O10: =IF(COUNTIF(K7:K11,K10)>=4,IF(J10=5,VLOOKUP(K10+3,TPMatrix!$A$6:$B$10,2,FALSE()),IF(J10=4,VLOOKUP(K10+3,TPMatrix!$D$6:$E$9,2,FALSE()),0)),"") | P10: =IF(COUNTIF(K7:K11,K10)>=5,IF(J10=5,VLOOKUP(K10+4,TPMatrix!$A$6:$B$10,2,FALSE()),IF(J10=4,VLOOKUP(K10+4,TPMatrix!$D$6:$E$9,2,FALSE()),0)),"") | Q10: =SUM(L10:P10)/COUNT(L10:P10) -> 60 | R10: =COUNT(L10:P10) -> 1 | S10: =IF(ISNUMBER($A10),COUNTIF($D$7:$D$306,$D10),0) -> 4 | T10: =CEILING($F10,1) -> 3 | U10: =SUM(OFFSET(T10,-MOD(ROW()-ROW($U$7),5),0,5,1)) -> 4 | W10: =$I10 -> 1 | X10: =IF(ISNUMBER($A10),$W10*(Methuselahs!$A$4+1)+$A10,"") -> 21 | Y10: =IF(ISNUMBER($A10),RANK($X10,$X10:$X14,1),"") -> 1 | Z10: =IF(ISNUMBER($A10),VLOOKUP($A10,Methuselahs!$A$7:$X$306,5),"") -> #N/A | AA10: =$I10 -> 1
A11: =IF(ISBLANK('Tournament Info'!$B$11),"",INDIRECT(ADDRESS(ROW(),1,1,1,"Optimal Seating "&'Tournament Info'!$B$11-1&"R+F"))) | B11: =IF(ISNUMBER(A11),VLOOKUP(A11,Methuselahs!$A$7:$E$306,2,FALSE()),"") | C11: =IF(ISNUMBER(A11),VLOOKUP(A11,Methuselahs!$A$7:$E$306,3,FALSE()),"") | D11: =IF(ISNUMBER(A11),FLOOR((ROW()-ROW($A$7))/5,1)+1,"") | F11: =IF(ISNUMBER(E11),E11,0) -> 0 | G11: =IF(ISNUMBER($A11),IF(AND($F11>=2,$H11=60),1,0),"") | H11: =IF(ISNUMBER(A11),IF(OR($S11=$U11,NOT(ISNA(MATCH($D11*5+$V$4,Override!$C$6:$C$125,0)))),$Q11,0),"") | I11: =IF(ISNUMBER(A11),IF(J11=5,K11,IF(AND(J11=4,OR(K11=4,K11=3)),K11+1,K11)),"") | J11: =COUNT(A7:A11) -> 4 | K11: =IF(ISNUMBER(A11),RANK(F11,F7:F11),"") | L11: =IF(J11=5,VLOOKUP(K11,TPMatrix!$A$6:$B$10,2,FALSE()),IF(J11=4,VLOOKUP(K11,TPMatrix!$D$6:$E$9,2,FALSE()),0)) -> #N/A | M11: =IF(COUNTIF(K7:K11,K11)>=2,IF(J11=5,VLOOKUP(K11+1,TPMatrix!$A$6:$B$10,2,FALSE()),IF(J11=4,VLOOKUP(K11+1,TPMatrix!$D$6:$E$9,2,FALSE()),0)),"") | N11: =IF(COUNTIF(K7:K11,K11)>=3,IF(J11=5,VLOOKUP(K11+2,TPMatrix!$A$6:$B$10,2,FALSE()),IF(J11=4,VLOOKUP(K11+2,TPMatrix!$D$6:$E$9,2,FALSE()),0)),"") | O11: =IF(COUNTIF(K7:K11,K11)>=4,IF(J11=5,VLOOKUP(K11+3,TPMatrix!$A$6:$B$10,2,FALSE()),IF(J11=4,VLOOKUP(K11+3,TPMatrix!$D$6:$E$9,2,FALSE()),0)),"") | P11: =IF(COUNTIF(K7:K11,K11)>=5,IF(J11=5,VLOOKUP(K11+4,TPMatrix!$A$6:$B$10,2,FALSE()),IF(J11=4,VLOOKUP(K11+4,TPMatrix!$D$6:$E$9,2,FALSE()),0)),"") | Q11: =SUM(L11:P11)/COUNT(L11:P11) -> #N/A | R11: =COUNT(L11:P11) -> 0 | S11: =IF(ISNUMBER($A11),COUNTIF($D$7:$D$306,$D11),0) -> 0 | T11: =CEILING($F11,1) -> 0 | U11: =SUM(OFFSET(T11,-MOD(ROW()-ROW($U$7),5),0,5,1)) -> 4 | W11: =$I11 | X11: =IF(ISNUMBER($A11),$W11*(Methuselahs!$A$4+1)+$A11,"") | Y11: =IF(ISNUMBER($A11),RANK($X11,$X11:$X15,1),"") | Z11: =IF(ISNUMBER($A11),VLOOKUP($A11,Methuselahs!$A$7:$X$306,5),"") | AA11: =$I11
A12: =IF(ISBLANK('Tournament Info'!$B$11),"",INDIRECT(ADDRESS(ROW(),1,1,1,"Optimal Seating "&'Tournament Info'!$B$11-1&"R+F"))) -> 5 | B12: =IF(ISNUMBER(A12),VLOOKUP(A12,Methuselahs!$A$7:$E$306,2,FALSE()),"") -> 0 | C12: =IF(ISNUMBER(A12),VLOOKUP(A12,Methuselahs!$A$7:$E$306,3,FALSE()),"") -> 0 | D12: =IF(ISNUMBER(A12),FLOOR((ROW()-ROW($A$7))/5,1)+1,"") -> 2 | F12: =IF(ISNUMBER(E12),E12,0) -> 0 | G12: =IF(ISNUMBER($A12),IF(AND($F12>=2,$H12=60),1,0),"") -> 0 | H12: =IF(ISNUMBER(A12),IF(OR($S12=$U12,NOT(ISNA(MATCH($D12*5+$V$4,Override!$C$6:$C$125,0)))),$Q12,0),"") -> 28 | I12: =IF(ISNUMBER(A12),IF(J12=5,K12,IF(AND(J12=4,OR(K12=4,K12=3)),K12+1,K12)),"") -> 2 | J12: =COUNT(A12:A16) -> 4 | K12: =IF(ISNUMBER(A12),RANK(F12,F12:F16),"") -> 2 | L12: =IF(J12=5,VLOOKUP(K12,TPMatrix!$A$6:$B$10,2,FALSE()),IF(J12=4,VLOOKUP(K12,TPMatrix!$D$6:$E$9,2,FALSE()),0)) -> 48 | M12: =IF(COUNTIF(K12:K16,K12)>=2,IF(J12=5,VLOOKUP(K12+1,TPMatrix!$A$6:$B$10,2,FALSE()),IF(J12=4,VLOOKUP(K12+1,TPMatrix!$D$6:$E$9,2,FALSE()),0)),"") -> 24 | N12: =IF(COUNTIF(K12:K16,K12)>=3,IF(J12=5,VLOOKUP(K12+2,TPMatrix!$A$6:$B$10,2,FALSE()),IF(J12=4,VLOOKUP(K12+2,TPMatrix!$D$6:$E$9,2,FALSE()),0)),"") -> 12 | O12: =IF(COUNTIF(K12:K16,K12)>=4,IF(J12=5,VLOOKUP(K12+3,TPMatrix!$A$6:$B$10,2,FALSE()),IF(J12=4,VLOOKUP(K12+3,TPMatrix!$D$6:$E$9,2,FALSE()),0)),"") | P12: =IF(COUNTIF(K12:K16,K12)>=5,IF(J12=5,VLOOKUP(K12+4,TPMatrix!$A$6:$B$10,2,FALSE()),IF(J12=4,VLOOKUP(K12+4,TPMatrix!$D$6:$E$9,2,FALSE()),0)),"") | Q12: =SUM(L12:P12)/COUNT(L12:P12) -> 28 | R12: =COUNT(L12:P12) -> 3 | S12: =IF(ISNUMBER($A12),COUNTIF($D$7:$D$306,$D12),0) -> 4 | T12: =CEILING($F12,1) -> 0 | U12: =SUM(OFFSET(T12,-MOD(ROW()-ROW($U$7),5),0,5,1)) -> 4 | W12: =$I12 -> 2 | X12: =IF(ISNUMBER($A12),$W12*(Methuselahs!$A$4+1)+$A12,"") -> 39 | Y12: =IF(ISNUMBER($A12),RANK($X12,$X12:$X16,1),"") -> 2 | Z12: =IF(ISNUMBER($A12),VLOOKUP($A12,Methuselahs!$A$7:$X$306,5),"") -> #N/A | AA12: =$I12 -> 2
A13: =IF(ISBLANK('Tournament Info'!$B$11),"",INDIRECT(ADDRESS(ROW(),1,1,1,"Optimal Seating "&'Tournament Info'!$B$11-1&"R+F"))) -> 6 | B13: =IF(ISNUMBER(A13),VLOOKUP(A13,Methuselahs!$A$7:$E$306,2,FALSE()),"") -> 0 | C13: =IF(ISNUMBER(A13),VLOOKUP(A13,Methuselahs!$A$7:$E$306,3,FALSE()),"") -> 0 | D13: =IF(ISNUMBER(A13),FLOOR((ROW()-ROW($A$7))/5,1)+1,"") -> 2 | F13: =IF(ISNUMBER(E13),E13,0) -> 0 | G13: =IF(ISNUMBER($A13),IF(AND($F13>=2,$H13=60),1,0),"") -> 0 | H13: =IF(ISNUMBER(A13),IF(OR($S13=$U13,NOT(ISNA(MATCH($D13*5+$V$4,Override!$C$6:$C$125,0)))),$Q13,0),"") -> 28 | I13: =IF(ISNUMBER(A13),IF(J13=5,K13,IF(AND(J13=4,OR(K13=4,K13=3)),K13+1,K13)),"") -> 2 | J13: =COUNT(A12:A16) -> 4 | K13: =IF(ISNUMBER(A13),RANK(F13,F12:F16),"") -> 2 | L13: =IF(J13=5,VLOOKUP(K13,TPMatrix!$A$6:$B$10,2,FALSE()),IF(J13=4,VLOOKUP(K13,TPMatrix!$D$6:$E$9,2,FALSE()),0)) -> 48 | M13: =IF(COUNTIF(K12:K16,K13)>=2,IF(J13=5,VLOOKUP(K13+1,TPMatrix!$A$6:$B$10,2,FALSE()),IF(J13=4,VLOOKUP(K13+1,TPMatrix!$D$6:$E$9,2,FALSE()),0)),"") -> 24 | N13: =IF(COUNTIF(K12:K16,K13)>=3,IF(J13=5,VLOOKUP(K13+2,TPMatrix!$A$6:$B$10,2,FALSE()),IF(J13=4,VLOOKUP(K13+2,TPMatrix!$D$6:$E$9,2,FALSE()),0)),"") -> 12 | O13: =IF(COUNTIF(K12:K16,K13)>=4,IF(J13=5,VLOOKUP(K13+3,TPMatrix!$A$6:$B$10,2,FALSE()),IF(J13=4,VLOOKUP(K13+3,TPMatrix!$D$6:$E$9,2,FALSE()),0)),"") | P13: =IF(COUNTIF(K12:K16,K13)>=5,IF(J13=5,VLOOKUP(K13+4,TPMatrix!$A$6:$B$10,2,FALSE()),IF(J13=4,VLOOKUP(K13+4,TPMatrix!$D$6:$E$9,2,FALSE()),0)),"") | Q13: =SUM(L13:P13)/COUNT(L13:P13) -> 28 | R13: =COUNT(L13:P13) -> 3 | S13: =IF(ISNUMBER($A13),COUNTIF($D$7:$D$306,$D13),0) -> 4 | T13: =CEILING($F13,1) -> 0 | U13: =SUM(OFFSET(T13,-MOD(ROW()-ROW($U$7),5),0,5,1)) -> 4 | W13: =$I13 -> 2 | X13: =IF(ISNUMBER($A13),$W13*(Methuselahs!$A$4+1)+$A13,"") -> 40 | Y13: =IF(ISNUMBER($A13),RANK($X13,$X13:$X17,1),"") -> 2 | Z13: =IF(ISNUMBER($A13),VLOOKUP($A13,Methuselahs!$A$7:$X$306,5),"") -> #N/A | AA13: =$I13 -> 2
A14: =IF(ISBLANK('Tournament Info'!$B$11),"",INDIRECT(ADDRESS(ROW(),1,1,1,"Optimal Seating "&'Tournament Info'!$B$11-1&"R+F"))) -> 7 | B14: =IF(ISNUMBER(A14),VLOOKUP(A14,Methuselahs!$A$7:$E$306,2,FALSE()),"") -> 0 | C14: =IF(ISNUMBER(A14),VLOOKUP(A14,Methuselahs!$A$7:$E$306,3,FALSE()),"") -> 0 | D14: =IF(ISNUMBER(A14),FLOOR((ROW()-ROW($A$7))/5,1)+1,"") -> 2 | E14: 4 | F14: =IF(ISNUMBER(E14),E14,0) -> 4 | G14: =IF(ISNUMBER($A14),IF(AND($F14>=2,$H14=60),1,0),"") -> 1 | H14: =IF(ISNUMBER(A14),IF(OR($S14=$U14,NOT(ISNA(MATCH($D14*5+$V$4,Override!$C$6:$C$125,0)))),$Q14,0),"") -> 60 | I14: =IF(ISNUMBER(A14),IF(J14=5,K14,IF(AND(J14=4,OR(K14=4,K14=3)),K14+1,K14)),"") -> 1 | J14: =COUNT(A12:A16) -> 4 | K14: =IF(ISNUMBER(A14),RANK(F14,F12:F16),"") -> 1 | L14: =IF(J14=5,VLOOKUP(K14,TPMatrix!$A$6:$B$10,2,FALSE()),IF(J14=4,VLOOKUP(K14,TPMatrix!$D$6:$E$9,2,FALSE()),0)) -> 60 | M14: =IF(COUNTIF(K12:K16,K14)>=2,IF(J14=5,VLOOKUP(K14+1,TPMatrix!$A$6:$B$10,2,FALSE()),IF(J14=4,VLOOKUP(K14+1,TPMatrix!$D$6:$E$9,2,FALSE()),0)),"") | N14: =IF(COUNTIF(K12:K16,K14)>=3,IF(J14=5,VLOOKUP(K14+2,TPMatrix!$A$6:$B$10,2,FALSE()),IF(J14=4,VLOOKUP(K14+2,TPMatrix!$D$6:$E$9,2,FALSE()),0)),"") | O14: =IF(COUNTIF(K12:K16,K14)>=4,IF(J14=5,VLOOKUP(K14+3,TPMatrix!$A$6:$B$10,2,FALSE()),IF(J14=4,VLOOKUP(K14+3,TPMatrix!$D$6:$E$9,2,FALSE()),0)),"") | P14: =IF(COUNTIF(K12:K16,K14)>=5,IF(J14=5,VLOOKUP(K14+4,TPMatrix!$A$6:$B$10,2,FALSE()),IF(J14=4,VLOOKUP(K14+4,TPMatrix!$D$6:$E$9,2,FALSE()),0)),"") | Q14: =SUM(L14:P14)/COUNT(L14:P14) -> 60 | R14: =COUNT(L14:P14) -> 1 | S14: =IF(ISNUMBER($A14),COUNTIF($D$7:$D$306,$D14),0) -> 4 | T14: =CEILING($F14,1) -> 4 | U14: =SUM(OFFSET(T14,-MOD(ROW()-ROW($U$7),5),0,5,1)) -> 4 | W14: =$I14 -> 1 | X14: =IF(ISNUMBER($A14),$W14*(Methuselahs!$A$4+1)+$A14,"") -> 24 | Y14: =IF(ISNUMBER($A14),RANK($X14,$X14:$X18,1),"") -> 1 | Z14: =IF(ISNUMBER($A14),VLOOKUP($A14,Methuselahs!$A$7:$X$306,5),"") -> #N/A | AA14: =$I14 -> 1
A15: =IF(ISBLANK('Tournament Info'!$B$11),"",INDIRECT(ADDRESS(ROW(),1,1,1,"Optimal Seating "&'Tournament Info'!$B$11-1&"R+F"))) -> 8 | B15: =IF(ISNUMBER(A15),VLOOKUP(A15,Methuselahs!$A$7:$E$306,2,FALSE()),"") -> 0 | C15: =IF(ISNUMBER(A15),VLOOKUP(A15,Methuselahs!$A$7:$E$306,3,FALSE()),"") -> 0 | D15: =IF(ISNUMBER(A15),FLOOR((ROW()-ROW($A$7))/5,1)+1,"") -> 2 | F15: =IF(ISNUMBER(E15),E15,0) -> 0 | G15: =IF(ISNUMBER($A15),IF(AND($F15>=2,$H15=60),1,0),"") -> 0 | H15: =IF(ISNUMBER(A15),IF(OR($S15=$U15,NOT(ISNA(MATCH($D15*5+$V$4,Override!$C$6:$C$125,0)))),$Q15,0),"") -> 28 | I15: =IF(ISNUMBER(A15),IF(J15=5,K15,IF(AND(J15=4,OR(K15=4,K15=3)),K15+1,K15)),"") -> 2 | J15: =COUNT(A12:A16) -> 4 | K15: =IF(ISNUMBER(A15),RANK(F15,F12:F16),"") -> 2 | L15: =IF(J15=5,VLOOKUP(K15,TPMatrix!$A$6:$B$10,2,FALSE()),IF(J15=4,VLOOKUP(K15,TPMatrix!$D$6:$E$9,2,FALSE()),0)) -> 48 | M15: =IF(COUNTIF(K12:K16,K15)>=2,IF(J15=5,VLOOKUP(K15+1,TPMatrix!$A$6:$B$10,2,FALSE()),IF(J15=4,VLOOKUP(K15+1,TPMatrix!$D$6:$E$9,2,FALSE()),0)),"") -> 24 | N15: =IF(COUNTIF(K12:K16,K15)>=3,IF(J15=5,VLOOKUP(K15+2,TPMatrix!$A$6:$B$10,2,FALSE()),IF(J15=4,VLOOKUP(K15+2,TPMatrix!$D$6:$E$9,2,FALSE()),0)),"") -> 12 | O15: =IF(COUNTIF(K12:K16,K15)>=4,IF(J15=5,VLOOKUP(K15+3,TPMatrix!$A$6:$B$10,2,FALSE()),IF(J15=4,VLOOKUP(K15+3,TPMatrix!$D$6:$E$9,2,FALSE()),0)),"") | P15: =IF(COUNTIF(K12:K16,K15)>=5,IF(J15=5,VLOOKUP(K15+4,TPMatrix!$A$6:$B$10,2,FALSE()),IF(J15=4,VLOOKUP(K15+4,TPMatrix!$D$6:$E$9,2,FALSE()),0)),"") | Q15: =SUM(L15:P15)/COUNT(L15:P15) -> 28 | R15: =COUNT(L15:P15) -> 3 | S15: =IF(ISNUMBER($A15),COUNTIF($D$7:$D$306,$D15),0) -> 4 | T15: =CEILING($F15,1) -> 0 | U15: =SUM(OFFSET(T15,-MOD(ROW()-ROW($U$7),5),0,5,1)) -> 4 | W15: =$I15 -> 2 | X15: =IF(ISNUMBER($A15),$W15*(Methuselahs!$A$4+1)+$A15,"") -> 42 | Y15: =IF(ISNUMBER($A15),RANK($X15,$X15:$X19,1),"") -> 2 | Z15: =IF(ISNUMBER($A15),VLOOKUP($A15,Methuselahs!$A$7:$X$306,5),"") -> #N/A | AA15: =$I15 -> 2
A16: =IF(ISBLANK('Tournament Info'!$B$11),"",INDIRECT(ADDRESS(ROW(),1,1,1,"Optimal Seating "&'Tournament Info'!$B$11-1&"R+F"))) | B16: =IF(ISNUMBER(A16),VLOOKUP(A16,Methuselahs!$A$7:$E$306,2,FALSE()),"") | C16: =IF(ISNUMBER(A16),VLOOKUP(A16,Methuselahs!$A$7:$E$306,3,FALSE()),"") | D16: =IF(ISNUMBER(A16),FLOOR((ROW()-ROW($A$7))/5,1)+1,"") | F16: =IF(ISNUMBER(E16),E16,0) -> 0 | G16: =IF(ISNUMBER($A16),IF(AND($F16>=2,$H16=60),1,0),"") | H16: =IF(ISNUMBER(A16),IF(OR($S16=$U16,NOT(ISNA(MATCH($D16*5+$V$4,Override!$C$6:$C$125,0)))),$Q16,0),"") | I16: =IF(ISNUMBER(A16),IF(J16=5,K16,IF(AND(J16=4,OR(K16=4,K16=3)),K16+1,K16)),"") | J16: =COUNT(A12:A16) -> 4 | K16: =IF(ISNUMBER(A16),RANK(F16,F12:F16),"") | L16: =IF(J16=5,VLOOKUP(K16,TPMatrix!$A$6:$B$10,2,FALSE()),IF(J16=4,VLOOKUP(K16,TPMatrix!$D$6:$E$9,2,FALSE()),0)) -> #N/A | M16: =IF(COUNTIF(K12:K16,K16)>=2,IF(J16=5,VLOOKUP(K16+1,TPMatrix!$A$6:$B$10,2,FALSE()),IF(J16=4,VLOOKUP(K16+1,TPMatrix!$D$6:$E$9,2,FALSE()),0)),"") | N16: =IF(COUNTIF(K12:K16,K16)>=3,IF(J16=5,VLOOKUP(K16+2,TPMatrix!$A$6:$B$10,2,FALSE()),IF(J16=4,VLOOKUP(K16+2,TPMatrix!$D$6:$E$9,2,FALSE()),0)),"") | O16: =IF(COUNTIF(K12:K16,K16)>=4,IF(J16=5,VLOOKUP(K16+3,TPMatrix!$A$6:$B$10,2,FALSE()),IF(J16=4,VLOOKUP(K16+3,TPMatrix!$D$6:$E$9,2,FALSE()),0)),"") | P16: =IF(COUNTIF(K12:K16,K16)>=5,IF(J16=5,VLOOKUP(K16+4,TPMatrix!$A$6:$B$10,2,FALSE()),IF(J16=4,VLOOKUP(K16+4,TPMatrix!$D$6:$E$9,2,FALSE()),0)),"") | Q16: =SUM(L16:P16)/COUNT(L16:P16) -> #N/A | R16: =COUNT(L16:P16) -> 0 | S16: =IF(ISNUMBER($A16),COUNTIF($D$7:$D$306,$D16),0) -> 0 | T16: =CEILING($F16,1) -> 0 | U16: =SUM(OFFSET(T16,-MOD(ROW()-ROW($U$7),5),0,5,1)) -> 4 | W16: =$I16 | X16: =IF(ISNUMBER($A16),$W16*(Methuselahs!$A$4+1)+$A16,"") | Y16: =IF(ISNUMBER($A16),RANK($X16,$X16:$X20,1),"") | Z16: =IF(ISNUMBER($A16),VLOOKUP($A16,Methuselahs!$A$7:$X$306,5),"") | AA16: =$I16
A17: =IF(ISBLANK('Tournament Info'!$B$11),"",INDIRECT(ADDRESS(ROW(),1,1,1,"Optimal Seating "&'Tournament Info'!$B$11-1&"R+F"))) -> 9 | B17: =IF(ISNUMBER(A17),VLOOKUP(A17,Methuselahs!$A$7:$E$306,2,FALSE()),"") -> 0 | C17: =IF(ISNUMBER(A17),VLOOKUP(A17,Methuselahs!$A$7:$E$306,3,FALSE()),"") -> 0 | D17: =IF(ISNUMBER(A17),FLOOR((ROW()-ROW($A$7))/5,1)+1,"") -> 3 | F17: =IF(ISNUMBER(E17),E17,0) -> 0 | G17: =IF(ISNUMBER($A17),IF(AND($F17>=2,$H17=60),1,0),"") -> 0 | H17: =IF(ISNUMBER(A17),IF(OR($S17=$U17,NOT(ISNA(MATCH($D17*5+$V$4,Override!$C$6:$C$125,0)))),$Q17,0),"") -> 28 | I17: =IF(ISNUMBER(A17),IF(J17=5,K17,IF(AND(J17=4,OR(K17=4,K17=3)),K17+1,K17)),"") -> 2 | J17: =COUNT(A17:A21) -> 4 | K17: =IF(ISNUMBER(A17),RANK(F17,F17:F21),"") -> 2 | L17: =IF(J17=5,VLOOKUP(K17,TPMatrix!$A$6:$B$10,2,FALSE()),IF(J17=4,VLOOKUP(K17,TPMatrix!$D$6:$E$9,2,FALSE()),0)) -> 48 | M17: =IF(COUNTIF(K17:K21,K17)>=2,IF(J17=5,VLOOKUP(K17+1,TPMatrix!$A$6:$B$10,2,FALSE()),IF(J17=4,VLOOKUP(K17+1,TPMatrix!$D$6:$E$9,2,FALSE()),0)),"") -> 24 | N17: =IF(COUNTIF(K17:K21,K17)>=3,IF(J17=5,VLOOKUP(K17+2,TPMatrix!$A$6:$B$10,2,FALSE()),IF(J17=4,VLOOKUP(K17+2,TPMatrix!$D$6:$E$9,2,FALSE()),0)),"") -> 12 | O17: =IF(COUNTIF(K17:K21,K17)>=4,IF(J17=5,VLOOKUP(K17+3,TPMatrix!$A$6:$B$10,2,FALSE()),IF(J17=4,VLOOKUP(K17+3,TPMatrix!$D$6:$E$9,2,FALSE()),0)),"") | P17: =IF(COUNTIF(K17:K21,K17)>=5,IF(J17=5,VLOOKUP(K17+4,TPMatrix!$A$6:$B$10,2,FALSE()),IF(J17=4,VLOOKUP(K17+4,TPMatrix!$D$6:$E$9,2,FALSE()),0)),"") | Q17: =SUM(L17:P17)/COUNT(L17:P17) -> 28 | R17: =COUNT(L17:P17) -> 3 | S17: =IF(ISNUMBER($A17),COUNTIF($D$7:$D$306,$D17),0) -> 4 | T17: =CEILING($F17,1) -> 0 | U17: =SUM(OFFSET(T17,-MOD(ROW()-ROW($U$7),5),0,5,1)) -> 4 | W17: =$I17 -> 2 | X17: =IF(ISNUMBER($A17),$W17*(Methuselahs!$A$4+1)+$A17,"") -> 43 | Y17: =IF(ISNUMBER($A17),RANK($X17,$X17:$X21,1),"") -> 2 | Z17: =IF(ISNUMBER($A17),VLOOKUP($A17,Methuselahs!$A$7:$X$306,5),"") -> #N/A | AA17: =$I17 -> 2
A18: =IF(ISBLANK('Tournament Info'!$B$11),"",INDIRECT(ADDRESS(ROW(),1,1,1,"Optimal Seating "&'Tournament Info'!$B$11-1&"R+F"))) -> 10 | B18: =IF(ISNUMBER(A18),VLOOKUP(A18,Methuselahs!$A$7:$E$306,2,FALSE()),"") -> 0 | C18: =IF(ISNUMBER(A18),VLOOKUP(A18,Methuselahs!$A$7:$E$306,3,FALSE()),"") -> 0 | D18: =IF(ISNUMBER(A18),FLOOR((ROW()-ROW($A$7))/5,1)+1,"") -> 3 | F18: =IF(ISNUMBER(E18),E18,0) -> 0 | G18: =IF(ISNUMBER($A18),IF(AND($F18>=2,$H18=60),1,0),"") -> 0 | H18: =IF(ISNUMBER(A18),IF(OR($S18=$U18,NOT(ISNA(MATCH($D18*5+$V$4,Override!$C$6:$C$125,0)))),$Q18,0),"") -> 28 | I18: =IF(ISNUMBER(A18),IF(J18=5,K18,IF(AND(J18=4,OR(K18=4,K18=3)),K18+1,K18)),"") -> 2 | J18: =COUNT(A17:A21) -> 4 | K18: =IF(ISNUMBER(A18),RANK(F18,F17:F21),"") -> 2 | L18: =IF(J18=5,VLOOKUP(K18,TPMatrix!$A$6:$B$10,2,FALSE()),IF(J18=4,VLOOKUP(K18,TPMatrix!$D$6:$E$9,2,FALSE()),0)) -> 48 | M18: =IF(COUNTIF(K17:K21,K18)>=2,IF(J18=5,VLOOKUP(K18+1,TPMatrix!$A$6:$B$10,2,FALSE()),IF(J18=4,VLOOKUP(K18+1,TPMatrix!$D$6:$E$9,2,FALSE()),0)),"") -> 24 | N18: =IF(COUNTIF(K17:K21,K18)>=3,IF(J18=5,VLOOKUP(K18+2,TPMatrix!$A$6:$B$10,2,FALSE()),IF(J18=4,VLOOKUP(K18+2,TPMatrix!$D$6:$E$9,2,FALSE()),0)),"") -> 12 | O18: =IF(COUNTIF(K17:K21,K18)>=4,IF(J18=5,VLOOKUP(K18+3,TPMatrix!$A$6:$B$10,2,FALSE()),IF(J18=4,VLOOKUP(K18+3,TPMatrix!$D$6:$E$9,2,FALSE()),0)),"") | P18: =IF(COUNTIF(K17:K21,K18)>=5,IF(J18=5,VLOOKUP(K18+4,TPMatrix!$A$6:$B$10,2,FALSE()),IF(J18=4,VLOOKUP(K18+4,TPMatrix!$D$6:$E$9,2,FALSE()),0)),"") | Q18: =SUM(L18:P18)/COUNT(L18:P18) -> 28 | R18: =COUNT(L18:P18) -> 3 | S18: =IF(ISNUMBER($A18),COUNTIF($D$7:$D$306,$D18),0) -> 4 | T18: =CEILING($F18,1) -> 0 | U18: =SUM(OFFSET(T18,-MOD(ROW()-ROW($U$7),5),0,5,1)) -> 4 | W18: =$I18 -> 2 | X18: =IF(ISNUMBER($A18),$W18*(Methuselahs!$A$4+1)+$A18,"") -> 44 | Y18: =IF(ISNUMBER($A18),RANK($X18,$X18:$X22,1),"") -> 2 | Z18: =IF(ISNUMBER($A18),VLOOKUP($A18,Methuselahs!$A$7:$X$306,5),"") -> #N/A | AA18: =$I18 -> 2
A19: =IF(ISBLANK('Tournament Info'!$B$11),"",INDIRECT(ADDRESS(ROW(),1,1,1,"Optimal Seating "&'Tournament Info'!$B$11-1&"R+F"))) -> 11 | B19: =IF(ISNUMBER(A19),VLOOKUP(A19,Methuselahs!$A$7:$E$306,2,FALSE()),"") -> 0 | C19: =IF(ISNUMBER(A19),VLOOKUP(A19,Methuselahs!$A$7:$E$306,3,FALSE()),"") -> 0 | D19: =IF(ISNUMBER(A19),FLOOR((ROW()-ROW($A$7))/5,1)+1,"") -> 3 | E19: 4 | F19: =IF(ISNUMBER(E19),E19,0) -> 4 | G19: =IF(ISNUMBER($A19),IF(AND($F19>=2,$H19=60),1,0),"") -> 1 | H19: =IF(ISNUMBER(A19),IF(OR($S19=$U19,NOT(ISNA(MATCH($D19*5+$V$4,Override!$C$6:$C$125,0)))),$Q19,0),"") -> 60 | I19: =IF(ISNUMBER(A19),IF(J19=5,K19,IF(AND(J19=4,OR(K19=4,K19=3)),K19+1,K19)),"") -> 1 | J19: =COUNT(A17:A21) -> 4 | K19: =IF(ISNUMBER(A19),RANK(F19,F17:F21),"") -> 1 | L19: =IF(J19=5,VLOOKUP(K19,TPMatrix!$A$6:$B$10,2,FALSE()),IF(J19=4,VLOOKUP(K19,TPMatrix!$D$6:$E$9,2,FALSE()),0)) -> 60 | M19: =IF(COUNTIF(K17:K21,K19)>=2,IF(J19=5,VLOOKUP(K19+1,TPMatrix!$A$6:$B$10,2,FALSE()),IF(J19=4,VLOOKUP(K19+1,TPMatrix!$D$6:$E$9,2,FALSE()),0)),"") | N19: =IF(COUNTIF(K17:K21,K19)>=3,IF(J19=5,VLOOKUP(K19+2,TPMatrix!$A$6:$B$10,2,FALSE()),IF(J19=4,VLOOKUP(K19+2,TPMatrix!$D$6:$E$9,2,FALSE()),0)),"") | O19: =IF(COUNTIF(K17:K21,K19)>=4,IF(J19=5,VLOOKUP(K19+3,TPMatrix!$A$6:$B$10,2,FALSE()),IF(J19=4,VLOOKUP(K19+3,TPMatrix!$D$6:$E$9,2,FALSE()),0)),"") | P19: =IF(COUNTIF(K17:K21,K19)>=5,IF(J19=5,VLOOKUP(K19+4,TPMatrix!$A$6:$B$10,2,FALSE()),IF(J19=4,VLOOKUP(K19+4,TPMatrix!$D$6:$E$9,2,FALSE()),0)),"") | Q19: =SUM(L19:P19)/COUNT(L19:P19) -> 60 | R19: =COUNT(L19:P19) -> 1 | S19: =IF(ISNUMBER($A19),COUNTIF($D$7:$D$306,$D19),0) -> 4 | T19: =CEILING($F19,1) -> 4 | U19: =SUM(OFFSET(T19,-MOD(ROW()-ROW($U$7),5),0,5,1)) -> 4 | W19: =$I19 -> 1 | X19: =IF(ISNUMBER($A19),$W19*(Methuselahs!$A$4+1)+$A19,"") -> 28 | Y19: =IF(ISNUMBER($A19),RANK($X19,$X19:$X23,1),"") -> 1 | Z19: =IF(ISNUMBER($A19),VLOOKUP($A19,Methuselahs!$A$7:$X$306,5),"") -> #N/A | AA19: =$I19 -> 1
A20: =IF(ISBLANK('Tournament Info'!$B$11),"",INDIRECT(ADDRESS(ROW(),1,1,1,"Optimal Seating "&'Tournament Info'!$B$11-1&"R+F"))) -> 12 | B20: =IF(ISNUMBER(A20),VLOOKUP(A20,Methuselahs!$A$7:$E$306,2,FALSE()),"") -> 0 | C20: =IF(ISNUMBER(A20),VLOOKUP(A20,Methuselahs!$A$7:$E$306,3,FALSE()),"") -> 0 | D20: =IF(ISNUMBER(A20),FLOOR((ROW()-ROW($A$7))/5,1)+1,"") -> 3 | F20: =IF(ISNUMBER(E20),E20,0) -> 0 | G20: =IF(ISNUMBER($A20),IF(AND($F20>=2,$H20=60),1,0),"") -> 0 | H20: =IF(ISNUMBER(A20),IF(OR($S20=$U20,NOT(ISNA(MATCH($D20*5+$V$4,Override!$C$6:$C$125,0)))),$Q20,0),"") -> 28 | I20: =IF(ISNUMBER(A20),IF(J20=5,K20,IF(AND(J20=4,OR(K20=4,K20=3)),K20+1,K20)),"") -> 2 | J20: =COUNT(A17:A21) -> 4 | K20: =IF(ISNUMBER(A20),RANK(F20,F17:F21),"") -> 2 | L20: =IF(J20=5,VLOOKUP(K20,TPMatrix!$A$6:$B$10,2,FALSE()),IF(J20=4,VLOOKUP(K20,TPMatrix!$D$6:$E$9,2,FALSE()),0)) -> 48 | M20: =IF(COUNTIF(K17:K21,K20)>=2,IF(J20=5,VLOOKUP(K20+1,TPMatrix!$A$6:$B$10,2,FALSE()),IF(J20=4,VLOOKUP(K20+1,TPMatrix!$D$6:$E$9,2,FALSE()),0)),"") -> 24 | N20: =IF(COUNTIF(K17:K21,K20)>=3,IF(J20=5,VLOOKUP(K20+2,TPMatrix!$A$6:$B$10,2,FALSE()),IF(J20=4,VLOOKUP(K20+2,TPMatrix!$D$6:$E$9,2,FALSE()),0)),"") -> 12 | O20: =IF(COUNTIF(K17:K21,K20)>=4,IF(J20=5,VLOOKUP(K20+3,TPMatrix!$A$6:$B$10,2,FALSE()),IF(J20=4,VLOOKUP(K20+3,TPMatrix!$D$6:$E$9,2,FALSE()),0)),"") | P20: =IF(COUNTIF(K17:K21,K20)>=5,IF(J20=5,VLOOKUP(K20+4,TPMatrix!$A$6:$B$10,2,FALSE()),IF(J20=4,VLOOKUP(K20+4,TPMatrix!$D$6:$E$9,2,FALSE()),0)),"") | Q20: =SUM(L20:P20)/COUNT(L20:P20) -> 28 | R20: =COUNT(L20:P20) -> 3 | S20: =IF(ISNUMBER($A20),COUNTIF($D$7:$D$306,$D20),0) -> 4 | T20: =CEILING($F20,1) -> 0 | U20: =SUM(OFFSET(T20,-MOD(ROW()-ROW($U$7),5),0,5,1)) -> 4 | W20: =$I20 -> 2 | X20: =IF(ISNUMBER($A20),$W20*(Methuselahs!$A$4+1)+$A20,"") -> 46 | Y20: =IF(ISNUMBER($A20),RANK($X20,$X20:$X24,1),"") -> 2 | Z20: =IF(ISNUMBER($A20),VLOOKUP($A20,Methuselahs!$A$7:$X$306,5),"") -> #N/A | AA20: =$I20 -> 2
A21: =IF(ISBLANK('Tournament Info'!$B$11),"",INDIRECT(ADDRESS(ROW(),1,1,1,"Optimal Seating "&'Tournament Info'!$B$11-1&"R+F"))) | B21: =IF(ISNUMBER(A21),VLOOKUP(A21,Methuselahs!$A$7:$E$306,2,FALSE()),"") | C21: =IF(ISNUMBER(A21),VLOOKUP(A21,Methuselahs!$A$7:$E$306,3,FALSE()),"") | D21: =IF(ISNUMBER(A21),FLOOR((ROW()-ROW($A$7))/5,1)+1,"") | F21: =IF(ISNUMBER(E21),E21,0) -> 0 | G21: =IF(ISNUMBER($A21),IF(AND($F21>=2,$H21=60),1,0),"") | H21: =IF(ISNUMBER(A21),IF(OR($S21=$U21,NOT(ISNA(MATCH($D21*5+$V$4,Override!$C$6:$C$125,0)))),$Q21,0),"") | I21: =IF(ISNUMBER(A21),IF(J21=5,K21,IF(AND(J21=4,OR(K21=4,K21=3)),K21+1,K21)),"") | J21: =COUNT(A17:A21) -> 4 | K21: =IF(ISNUMBER(A21),RANK(F21,F17:F21),"") | L21: =IF(J21=5,VLOOKUP(K21,TPMatrix!$A$6:$B$10,2,FALSE()),IF(J21=4,VLOOKUP(K21,TPMatrix!$D$6:$E$9,2,FALSE()),0)) -> #N/A | M21: =IF(COUNTIF(K17:K21,K21)>=2,IF(J21=5,VLOOKUP(K21+1,TPMatrix!$A$6:$B$10,2,FALSE()),IF(J21=4,VLOOKUP(K21+1,TPMatrix!$D$6:$E$9,2,FALSE()),0)),"") | N21: =IF(COUNTIF(K17:K21,K21)>=3,IF(J21=5,VLOOKUP(K21+2,TPMatrix!$A$6:$B$10,2,FALSE()),IF(J21=4,VLOOKUP(K21+2,TPMatrix!$D$6:$E$9,2,FALSE()),0)),"") | O21: =IF(COUNTIF(K17:K21,K21)>=4,IF(J21=5,VLOOKUP(K21+3,TPMatrix!$A$6:$B$10,2,FALSE()),IF(J21=4,VLOOKUP(K21+3,TPMatrix!$D$6:$E$9,2,FALSE()),0)),"") | P21: =IF(COUNTIF(K17:K21,K21)>=5,IF(J21=5,VLOOKUP(K21+4,TPMatrix!$A$6:$B$10,2,FALSE()),IF(J21=4,VLOOKUP(K21+4,TPMatrix!$D$6:$E$9,2,FALSE()),0)),"") | Q21: =SUM(L21:P21)/COUNT(L21:P21) -> #N/A | R21: =COUNT(L21:P21) -> 0 | S21: =IF(ISNUMBER($A21),COUNTIF($D$7:$D$306,$D21),0) -> 0 | T21: =CEILING($F21,1) -> 0 | U21: =SUM(OFFSET(T21,-MOD(ROW()-ROW($U$7),5),0,5,1)) -> 4 | W21: =$I21 | X21: =IF(ISNUMBER($A21),$W21*(Methuselahs!$A$4+1)+$A21,"") | Y21: =IF(ISNUMBER($A21),RANK($X21,$X21:$X25,1),"") | Z21: =IF(ISNUMBER($A21),VLOOKUP($A21,Methuselahs!$A$7:$X$306,5),"") | AA21: =$I21
A22: =IF(ISBLANK('Tournament Info'!$B$11),"",INDIRECT(ADDRESS(ROW(),1,1,1,"Optimal Seating "&'Tournament Info'!$B$11-1&"R+F"))) -> 13 | B22: =IF(ISNUMBER(A22),VLOOKUP(A22,Methuselahs!$A$7:$E$306,2,FALSE()),"") -> 0 | C22: =IF(ISNUMBER(A22),VLOOKUP(A22,Methuselahs!$A$7:$E$306,3,FALSE()),"") -> 0 | D22: =IF(ISNUMBER(A22),FLOOR((ROW()-ROW($A$7))/5,1)+1,"") -> 4 | F22: =IF(ISNUMBER(E22),E22,0) -> 0 | G22: =IF(ISNUMBER($A22),IF(AND($F22>=2,$H22=60),1,0),"") -> 0 | H22: =IF(ISNUMBER(A22),IF(OR($S22=$U22,NOT(ISNA(MATCH($D22*5+$V$4,Override!$C$6:$C$125,0)))),$Q22,0),"") -> 18 | I22: =IF(ISNUMBER(A22),IF(J22=5,K22,IF(AND(J22=4,OR(K22=4,K22=3)),K22+1,K22)),"") -> 4 | J22: =COUNT(A22:A26) -> 4 | K22: =IF(ISNUMBER(A22),RANK(F22,F22:F26),"") -> 3 | L22: =IF(J22=5,VLOOKUP(K22,TPMatrix!$A$6:$B$10,2,FALSE()),IF(J22=4,VLOOKUP(K22,TPMatrix!$D$6:$E$9,2,FALSE()),0)) -> 24 | M22: =IF(COUNTIF(K22:K26,K22)>=2,IF(J22=5,VLOOKUP(K22+1,TPMatrix!$A$6:$B$10,2,FALSE()),IF(J22=4,VLOOKUP(K22+1,TPMatrix!$D$6:$E$9,2,FALSE()),0)),"") -> 12 | N22: =IF(COUNTIF(K22:K26,K22)>=3,IF(J22=5,VLOOKUP(K22+2,TPMatrix!$A$6:$B$10,2,FALSE()),IF(J22=4,VLOOKUP(K22+2,TPMatrix!$D$6:$E$9,2,FALSE()),0)),"") | O22: =IF(COUNTIF(K22:K26,K22)>=4,IF(J22=5,VLOOKUP(K22+3,TPMatrix!$A$6:$B$10,2,FALSE()),IF(J22=4,VLOOKUP(K22+3,TPMatrix!$D$6:$E$9,2,FALSE()),0)),"") | P22: =IF(COUNTIF(K22:K26,K22)>=5,IF(J22=5,VLOOKUP(K22+4,TPMatrix!$A$6:$B$10,2,FALSE()),IF(J22=4,VLOOKUP(K22+4,TPMatrix!$D$6:$E$9,2,FALSE()),0)),"") | Q22: =SUM(L22:P22)/COUNT(L22:P22) -> 18 | R22: =COUNT(L22:P22) -> 2 | S22: =IF(ISNUMBER($A22),COUNTIF($D$7:$D$306,$D22),0) -> 4 | T22: =CEILING($F22,1) -> 0 | U22: =SUM(OFFSET(T22,-MOD(ROW()-ROW($U$7),5),0,5,1)) -> 4 | W22: =$I22 -> 4 | X22: =IF(ISNUMBER($A22),$W22*(Methuselahs!$A$4+1)+$A22,"") -> 81 | Y22: =IF(ISNUMBER($A22),RANK($X22,$X22:$X26,1),"") -> 3 | Z22: =IF(ISNUMBER($A22),VLOOKUP($A22,Methuselahs!$A$7:$X$306,5),"") -> #N/A | AA22: =$I22 -> 4
A23: =IF(ISBLANK('Tournament Info'!$B$11),"",INDIRECT(ADDRESS(ROW(),1,1,1,"Optimal Seating "&'Tournament Info'!$B$11-1&"R+F"))) -> 14 | B23: =IF(ISNUMBER(A23),VLOOKUP(A23,Methuselahs!$A$7:$E$306,2,FALSE()),"") -> 0 | C23: =IF(ISNUMBER(A23),VLOOKUP(A23,Methuselahs!$A$7:$E$306,3,FALSE()),"") -> 0 | D23: =IF(ISNUMBER(A23),FLOOR((ROW()-ROW($A$7))/5,1)+1,"") -> 4 | E23: 3 | F23: =IF(ISNUMBER(E23),E23,0) -> 3 | G23: =IF(ISNUMBER($A23),IF(AND($F23>=2,$H23=60),1,0),"") -> 1 | H23: =IF(ISNUMBER(A23),IF(OR($S23=$U23,NOT(ISNA(MATCH($D23*5+$V$4,Override!$C$6:$C$125,0)))),$Q23,0),"") -> 60 | I23: =IF(ISNUMBER(A23),IF(J23=5,K23,IF(AND(J23=4,OR(K23=4,K23=3)),K23+1,K23)),"") -> 1 | J23: =COUNT(A22:A26) -> 4 | K23: =IF(ISNUMBER(A23),RANK(F23,F22:F26),"") -> 1 | L23: =IF(J23=5,VLOOKUP(K23,TPMatrix!$A$6:$B$10,2,FALSE()),IF(J23=4,VLOOKUP(K23,TPMatrix!$D$6:$E$9,2,FALSE()),0)) -> 60 | M23: =IF(COUNTIF(K22:K26,K23)>=2,IF(J23=5,VLOOKUP(K23+1,TPMatrix!$A$6:$B$10,2,FALSE()),IF(J23=4,VLOOKUP(K23+1,TPMatrix!$D$6:$E$9,2,FALSE()),0)),"") | N23: =IF(COUNTIF(K22:K26,K23)>=3,IF(J23=5,VLOOKUP(K23+2,TPMatrix!$A$6:$B$10,2,FALSE()),IF(J23=4,VLOOKUP(K23+2,TPMatrix!$D$6:$E$9,2,FALSE()),0)),"") | O23: =IF(COUNTIF(K22:K26,K23)>=4,IF(J23=5,VLOOKUP(K23+3,TPMatrix!$A$6:$B$10,2,FALSE()),IF(J23=4,VLOOKUP(K23+3,TPMatrix!$D$6:$E$9,2,FALSE()),0)),"") | P23: =IF(COUNTIF(K22:K26,K23)>=5,IF(J23=5,VLOOKUP(K23+4,TPMatrix!$A$6:$B$10,2,FALSE()),IF(J23=4,VLOOKUP(K23+4,TPMatrix!$D$6:$E$9,2,FALSE()),0)),"") | Q23: =SUM(L23:P23)/COUNT(L23:P23) -> 60 | R23: =COUNT(L23:P23) -> 1 | S23: =IF(ISNUMBER($A23),COUNTIF($D$7:$D$306,$D23),0) -> 4 | T23: =CEILING($F23,1) -> 3 | U23: =SUM(OFFSET(T23,-MOD(ROW()-ROW($U$7),5),0,5,1)) -> 4 | W23: =$I23 -> 1 | X23: =IF(ISNUMBER($A23),$W23*(Methuselahs!$A$4+1)+$A23,"") -> 31 | Y23: =IF(ISNUMBER($A23),RANK($X23,$X23:$X27,1),"") -> 1 | Z23: =IF(ISNUMBER($A23),VLOOKUP($A23,Methuselahs!$A$7:$X$306,5),"") -> #N/A | AA23: =$I23 -> 1
A24: =IF(ISBLANK('Tournament Info'!$B$11),"",INDIRECT(ADDRESS(ROW(),1,1,1,"Optimal Seating "&'Tournament Info'!$B$11-1&"R+F"))) -> 15 | B24: =IF(ISNUMBER(A24),VLOOKUP(A24,Methuselahs!$A$7:$E$306,2,FALSE()),"") -> 0 | C24: =IF(ISNUMBER(A24),VLOOKUP(A24,Methuselahs!$A$7:$E$306,3,FALSE()),"") -> 0 | D24: =IF(ISNUMBER(A24),FLOOR((ROW()-ROW($A$7))/5,1)+1,"") -> 4 | F24: =IF(ISNUMBER(E24),E24,0) -> 0 | G24: =IF(ISNUMBER($A24),IF(AND($F24>=2,$H24=60),1,0),"") -> 0 | H24: =IF(ISNUMBER(A24),IF(OR($S24=$U24,NOT(ISNA(MATCH($D24*5+$V$4,Override!$C$6:$C$125,0)))),$Q24,0),"") -> 18 | I24: =IF(ISNUMBER(A24),IF(J24=5,K24,IF(AND(J24=4,OR(K24=4,K24=3)),K24+1,K24)),"") -> 4 | J24: =COUNT(A22:A26) -> 4 | K24: =IF(ISNUMBER(A24),RANK(F24,F22:F26),"") -> 3 | L24: =IF(J24=5,VLOOKUP(K24,TPMatrix!$A$6:$B$10,2,FALSE()),IF(J24=4,VLOOKUP(K24,TPMatrix!$D$6:$E$9,2,FALSE()),0)) -> 24 | M24: =IF(COUNTIF(K22:K26,K24)>=2,IF(J24=5,VLOOKUP(K24+1,TPMatrix!$A$6:$B$10,2,FALSE()),IF(J24=4,VLOOKUP(K24+1,TPMatrix!$D$6:$E$9,2,FALSE()),0)),"") -> 12 | N24: =IF(COUNTIF(K22:K26,K24)>=3,IF(J24=5,VLOOKUP(K24+2,TPMatrix!$A$6:$B$10,2,FALSE()),IF(J24=4,VLOOKUP(K24+2,TPMatrix!$D$6:$E$9,2,FALSE()),0)),"") | O24: =IF(COUNTIF(K22:K26,K24)>=4,IF(J24=5,VLOOKUP(K24+3,TPMatrix!$A$6:$B$10,2,FALSE()),IF(J24=4,VLOOKUP(K24+3,TPMatrix!$D$6:$E$9,2,FALSE()),0)),"") | P24: =IF(COUNTIF(K22:K26,K24)>=5,IF(J24=5,VLOOKUP(K24+4,TPMatrix!$A$6:$B$10,2,FALSE()),IF(J24=4,VLOOKUP(K24+4,TPMatrix!$D$6:$E$9,2,FALSE()),0)),"") | Q24: =SUM(L24:P24)/COUNT(L24:P24) -> 18 | R24: =COUNT(L24:P24) -> 2 | S24: =IF(ISNUMBER($A24),COUNTIF($D$7:$D$306,$D24),0) -> 4 | T24: =CEILING($F24,1) -> 0 | U24: =SUM(OFFSET(T24,-MOD(ROW()-ROW($U$7),5),0,5,1)) -> 4 | W24: =$I24 -> 4 | X24: =IF(ISNUMBER($A24),$W24*(Methuselahs!$A$4+1)+$A24,"") -> 83 | Y24: =IF(ISNUMBER($A24),RANK($X24,$X24:$X28,1),"") -> 2 | Z24: =IF(ISNUMBER($A24),VLOOKUP($A24,Methuselahs!$A$7:$X$306,5),"") -> 15 | AA24: =$I24 -> 4
A25: =IF(ISBLANK('Tournament Info'!$B$11),"",INDIRECT(ADDRESS(ROW(),1,1,1,"Optimal Seating "&'Tournament Info'!$B$11-1&"R+F"))) -> 16 | B25: =IF(ISNUMBER(A25),VLOOKUP(A25,Methuselahs!$A$7:$E$306,2,FALSE()),"") -> 0 | C25: =IF(ISNUMBER(A25),VLOOKUP(A25,Methuselahs!$A$7:$E$306,3,FALSE()),"") -> 0 | D25: =IF(ISNUMBER(A25),FLOOR((ROW()-ROW($A$7))/5,1)+1,"") -> 4 | E25: 1 | F25: =IF(ISNUMBER(E25),E25,0) -> 1 | G25: =IF(ISNUMBER($A25),IF(AND($F25>=2,$H25=60),1,0),"") -> 0 | H25: =IF(ISNUMBER(A25),IF(OR($S25=$U25,NOT(ISNA(MATCH($D25*5+$V$4,Override!$C$6:$C$125,0)))),$Q25,0),"") -> 48 | I25: =IF(ISNUMBER(A25),IF(J25=5,K25,IF(AND(J25=4,OR(K25=4,K25=3)),K25+1,K25)),"") -> 2 | J25: =COUNT(A22:A26) -> 4 | K25: =IF(ISNUMBER(A25),RANK(F25,F22:F26),"") -> 2 | L25: =IF(J25=5,VLOOKUP(K25,TPMatrix!$A$6:$B$10,2,FALSE()),IF(J25=4,VLOOKUP(K25,TPMatrix!$D$6:$E$9,2,FALSE()),0)) -> 48 | M25: =IF(COUNTIF(K22:K26,K25)>=2,IF(J25=5,VLOOKUP(K25+1,TPMatrix!$A$6:$B$10,2,FALSE()),IF(J25=4,VLOOKUP(K25+1,TPMatrix!$D$6:$E$9,2,FALSE()),0)),"") | N25: =IF(COUNTIF(K22:K26,K25)>=3,IF(J25=5,VLOOKUP(K25+2,TPMatrix!$A$6:$B$10,2,FALSE()),IF(J25=4,VLOOKUP(K25+2,TPMatrix!$D$6:$E$9,2,FALSE()),0)),"") | O25: =IF(COUNTIF(K22:K26,K25)>=4,IF(J25=5,VLOOKUP(K25+3,TPMatrix!$A$6:$B$10,2,FALSE()),IF(J25=4,VLOOKUP(K25+3,TPMatrix!$D$6:$E$9,2,FALSE()),0)),"") | P25: =IF(COUNTIF(K22:K26,K25)>=5,IF(J25=5,VLOOKUP(K25+4,TPMatrix!$A$6:$B$10,2,FALSE()),IF(J25=4,VLOOKUP(K25+4,TPMatrix!$D$6:$E$9,2,FALSE()),0)),"") | Q25: =SUM(L25:P25)/COUNT(L25:P25) -> 48 | R25: =COUNT(L25:P25) -> 1 | S25: =IF(ISNUMBER($A25),COUNTIF($D$7:$D$306,$D25),0) -> 4 | T25: =CEILING($F25,1) -> 1 | U25: =SUM(OFFSET(T25,-MOD(ROW()-ROW($U$7),5),0,5,1)) -> 4 | W25: =$I25 -> 2 | X25: =IF(ISNUMBER($A25),$W25*(Methuselahs!$A$4+1)+$A25,"") -> 50 | Y25: =IF(ISNUMBER($A25),RANK($X25,$X25:$X29,1),"") -> 1 | Z25: =IF(ISNUMBER($A25),VLOOKUP($A25,Methuselahs!$A$7:$X$306,5),"") -> 16 | AA25: =$I25 -> 2
A26: =IF(ISBLANK('Tournament Info'!$B$11),"",INDIRECT(ADDRESS(ROW(),1,1,1,"Optimal Seating "&'Tournament Info'!$B$11-1&"R+F"))) | B26: =IF(ISNUMBER(A26),VLOOKUP(A26,Methuselahs!$A$7:$E$306,2,FALSE()),"") | C26: =IF(ISNUMBER(A26),VLOOKUP(A26,Methuselahs!$A$7:$E$306,3,FALSE()),"") | D26: =IF(ISNUMBER(A26),FLOOR((ROW()-ROW($A$7))/5,1)+1,"") | F26: =IF(ISNUMBER(E26),E26,0) -> 0 | G26: =IF(ISNUMBER($A26),IF(AND($F26>=2,$H26=60),1,0),"") | H26: =IF(ISNUMBER(A26),IF(OR($S26=$U26,NOT(ISNA(MATCH($D26*5+$V$4,Override!$C$6:$C$125,0)))),$Q26,0),"") | I26: =IF(ISNUMBER(A26),IF(J26=5,K26,IF(AND(J26=4,OR(K26=4,K26=3)),K26+1,K26)),"") | J26: =COUNT(A22:A26) -> 4 | K26: =IF(ISNUMBER(A26),RANK(F26,F22:F26),"") | L26: =IF(J26=5,VLOOKUP(K26,TPMatrix!$A$6:$B$10,2,FALSE()),IF(J26=4,VLOOKUP(K26,TPMatrix!$D$6:$E$9,2,FALSE()),0)) -> #N/A | M26: =IF(COUNTIF(K22:K26,K26)>=2,IF(J26=5,VLOOKUP(K26+1,TPMatrix!$A$6:$B$10,2,FALSE()),IF(J26=4,VLOOKUP(K26+1,TPMatrix!$D$6:$E$9,2,FALSE()),0)),"") | N26: =IF(COUNTIF(K22:K26,K26)>=3,IF(J26=5,VLOOKUP(K26+2,TPMatrix!$A$6:$B$10,2,FALSE()),IF(J26=4,VLOOKUP(K26+2,TPMatrix!$D$6:$E$9,2,FALSE()),0)),"") | O26: =IF(COUNTIF(K22:K26,K26)>=4,IF(J26=5,VLOOKUP(K26+3,TPMatrix!$A$6:$B$10,2,FALSE()),IF(J26=4,VLOOKUP(K26+3,TPMatrix!$D$6:$E$9,2,FALSE()),0)),"") | P26: =IF(COUNTIF(K22:K26,K26)>=5,IF(J26=5,VLOOKUP(K26+4,TPMatrix!$A$6:$B$10,2,FALSE()),IF(J26=4,VLOOKUP(K26+4,TPMatrix!$D$6:$E$9,2,FALSE()),0)),"") | Q26: =SUM(L26:P26)/COUNT(L26:P26) -> #N/A | R26: =COUNT(L26:P26) -> 0 | S26: =IF(ISNUMBER($A26),COUNTIF($D$7:$D$306,$D26),0) -> 0 | T26: =CEILING($F26,1) -> 0 | U26: =SUM(OFFSET(T26,-MOD(ROW()-ROW($U$7),5),0,5,1)) -> 4 | W26: =$I26 | X26: =IF(ISNUMBER($A26),$W26*(Methuselahs!$A$4+1)+$A26,"") | Y26: =IF(ISNUMBER($A26),RANK($X26,$X26:$X30,1),"") | Z26: =IF(ISNUMBER($A26),VLOOKUP($A26,Methuselahs!$A$7:$X$306,5),"") | AA26: =$I26
A27: =IF(ISBLANK('Tournament Info'!$B$11),"",INDIRECT(ADDRESS(ROW(),1,1,1,"Optimal Seating "&'Tournament Info'!$B$11-1&"R+F"))) | B27: =IF(ISNUMBER(A27),VLOOKUP(A27,Methuselahs!$A$7:$E$306,2,FALSE()),"") | C27: =IF(ISNUMBER(A27),VLOOKUP(A27,Methuselahs!$A$7:$E$306,3,FALSE()),"") | D27: =IF(ISNUMBER(A27),FLOOR((ROW()-ROW($A$7))/5,1)+1,"") | F27: =IF(ISNUMBER(E27),E27,0) -> 0 | G27: =IF(ISNUMBER($A27),IF(AND($F27>=2,$H27=60),1,0),"") | H27: =IF(ISNUMBER(A27),IF(OR($S27=$U27,NOT(ISNA(MATCH($D27*5+$V$4,Override!$C$6:$C$125,0)))),$Q27,0),"") | I27: =IF(ISNUMBER(A27),IF(J27=5,K27,IF(AND(J27=4,OR(K27=4,K27=3)),K27+1,K27)),"") | J27: =COUNT(A27:A31) -> 0 | K27: =IF(ISNUMBER(A27),RANK(F27,F27:F31),"") | L27: =IF(J27=5,VLOOKUP(K27,TPMatrix!$A$6:$B$10,2,FALSE()),IF(J27=4,VLOOKUP(K27,TPMatrix!$D$6:$E$9,2,FALSE()),0)) -> 0 | M27: =IF(COUNTIF(K27:K31,K27)>=2,IF(J27=5,VLOOKUP(K27+1,TPMatrix!$A$6:$B$10,2,FALSE()),IF(J27=4,VLOOKUP(K27+1,TPMatrix!$D$6:$E$9,2,FALSE()),0)),"") -> 0 | N27: =IF(COUNTIF(K27:K31,K27)>=3,IF(J27=5,VLOOKUP(K27+2,TPMatrix!$A$6:$B$10,2,FALSE()),IF(J27=4,VLOOKUP(K27+2,TPMatrix!$D$6:$E$9,2,FALSE()),0)),"") -> 0 | O27: =IF(COUNTIF(K27:K31,K27)>=4,IF(J27=5,VLOOKUP(K27+3,TPMatrix!$A$6:$B$10,2,FALSE()),IF(J27=4,VLOOKUP(K27+3,TPMatrix!$D$6:$E$9,2,FALSE()),0)),"") -> 0 | P27: =IF(COUNTIF(K27:K31,K27)>=5,IF(J27=5,VLOOKUP(K27+4,TPMatrix!$A$6:$B$10,2,FALSE()),IF(J27=4,VLOOKUP(K27+4,TPMatrix!$D$6:$E$9,2,FALSE()),0)),"") -> 0 | Q27: =SUM(L27:P27)/COUNT(L27:P27) -> 0 | R27: =COUNT(L27:P27) -> 5 | S27: =IF(ISNUMBER($A27),COUNTIF($D$7:$D$306,$D27),0) -> 0 | T27: =CEILING($F27,1) -> 0 | U27: =SUM(OFFSET(T27,-MOD(ROW()-ROW($U$7),5),0,5,1)) -> 0 | W27: =$I27 | X27: =IF(ISNUMBER($A27),$W27*(Methuselahs!$A$4+1)+$A27,"") | Y27: =IF(ISNUMBER($A27),RANK($X27,$X27:$X31,1),"") | Z27: =IF(ISNUMBER($A27),VLOOKUP($A27,Methuselahs!$A$7:$X$306,5),"") | AA27: =$I27
A28: =IF(ISBLANK('Tournament Info'!$B$11),"",INDIRECT(ADDRESS(ROW(),1,1,1,"Optimal Seating "&'Tournament Info'!$B$11-1&"R+F"))) | B28: =IF(ISNUMBER(A28),VLOOKUP(A28,Methuselahs!$A$7:$E$306,2,FALSE()),"") | C28: =IF(ISNUMBER(A28),VLOOKUP(A28,Methuselahs!$A$7:$E$306,3,FALSE()),"") | D28: =IF(ISNUMBER(A28),FLOOR((ROW()-ROW($A$7))/5,1)+1,"") | F28: =IF(ISNUMBER(E28),E28,0) -> 0 | G28: =IF(ISNUMBER($A28),IF(AND($F28>=2,$H28=60),1,0),"") | H28: =IF(ISNUMBER(A28),IF(OR($S28=$U28,NOT(ISNA(MATCH($D28*5+$V$4,Override!$C$6:$C$125,0)))),$Q28,0),"") | I28: =IF(ISNUMBER(A28),IF(J28=5,K28,IF(AND(J28=4,OR(K28=4,K28=3)),K28+1,K28)),"") | J28: =COUNT(A27:A31) -> 0 | K28: =IF(ISNUMBER(A28),RANK(F28,F27:F31),"") | L28: =IF(J28=5,VLOOKUP(K28,TPMatrix!$A$6:$B$10,2,FALSE()),IF(J28=4,VLOOKUP(K28,TPMatrix!$D$6:$E$9,2,FALSE()),0)) -> 0 | M28: =IF(COUNTIF(K27:K31,K28)>=2,IF(J28=5,VLOOKUP(K28+1,TPMatrix!$A$6:$B$10,2,FALSE()),IF(J28=4,VLOOKUP(K28+1,TPMatrix!$D$6:$E$9,2,FALSE()),0)),"") -> 0 | N28: =IF(COUNTIF(K27:K31,K28)>=3,IF(J28=5,VLOOKUP(K28+2,TPMatrix!$A$6:$B$10,2,FALSE()),IF(J28=4,VLOOKUP(K28+2,TPMatrix!$D$6:$E$9,2,FALSE()),0)),"") -> 0 | O28: =IF(COUNTIF(K27:K31,K28)>=4,IF(J28=5,VLOOKUP(K28+3,TPMatrix!$A$6:$B$10,2,FALSE()),IF(J28=4,VLOOKUP(K28+3,TPMatrix!$D$6:$E$9,2,FALSE()),0)),"") -> 0 | P28: =IF(COUNTIF(K27:K31,K28)>=5,IF(J28=5,VLOOKUP(K28+4,TPMatrix!$A$6:$B$10,2,FALSE()),IF(J28=4,VLOOKUP(K28+4,TPMatrix!$D$6:$E$9,2,FALSE()),0)),"") -> 0 | Q28: =SUM(L28:P28)/COUNT(L28:P28) -> 0 | R28: =COUNT(L28:P28) -> 5 | S28: =IF(ISNUMBER($A28),COUNTIF($D$7:$D$306,$D28),0) -> 0 | T28: =CEILING($F28,1) -> 0 | U28: =SUM(OFFSET(T28,-MOD(ROW()-ROW($U$7),5),0,5,1)) -> 0 | W28: =$I28 | X28: =IF(ISNUMBER($A28),$W28*(Methuselahs!$A$4+1)+$A28,"") | Y28: =IF(ISNUMBER($A28),RANK($X28,$X28:$X32,1),"") | Z28: =IF(ISNUMBER($A28),VLOOKUP($A28,Methuselahs!$A$7:$X$306,5),"") | AA28: =$I28
A29: =IF(ISBLANK('Tournament Info'!$B$11),"",INDIRECT(ADDRESS(ROW(),1,1,1,"Optimal Seating "&'Tournament Info'!$B$11-1&"R+F"))) | B29: =IF(ISNUMBER(A29),VLOOKUP(A29,Methuselahs!$A$7:$E$306,2,FALSE()),"") | C29: =IF(ISNUMBER(A29),VLOOKUP(A29,Methuselahs!$A$7:$E$306,3,FALSE()),"") | D29: =IF(ISNUMBER(A29),FLOOR((ROW()-ROW($A$7))/5,1)+1,"") | F29: =IF(ISNUMBER(E29),E29,0) -> 0 | G29: =IF(ISNUMBER($A29),IF(AND($F29>=2,$H29=60),1,0),"") | H29: =IF(ISNUMBER(A29),IF(OR($S29=$U29,NOT(ISNA(MATCH($D29*5+$V$4,Override!$C$6:$C$125,0)))),$Q29,0),"") | I29: =IF(ISNUMBER(A29),IF(J29=5,K29,IF(AND(J29=4,OR(K29=4,K29=3)),K29+1,K29)),"") | J29: =COUNT(A27:A31) -> 0 | K29: =IF(ISNUMBER(A29),RANK(F29,F27:F31),"") | L29: =IF(J29=5,VLOOKUP(K29,TPMatrix!$A$6:$B$10,2,FALSE()),IF(J29=4,VLOOKUP(K29,TPMatrix!$D$6:$E$9,2,FALSE()),0)) -> 0 | M29: =IF(COUNTIF(K27:K31,K29)>=2,IF(J29=5,VLOOKUP(K29+1,TPMatrix!$A$6:$B$10,2,FALSE()),IF(J29=4,VLOOKUP(K29+1,TPMatrix!$D$6:$E$9,2,FALSE()),0)),"") -> 0 | N29: =IF(COUNTIF(K27:K31,K29)>=3,IF(J29=5,VLOOKUP(K29+2,TPMatrix!$A$6:$B$10,2,FALSE()),IF(J29=4,VLOOKUP(K29+2,TPMatrix!$D$6:$E$9,2,FALSE()),0)),"") -> 0 | O29: =IF(COUNTIF(K27:K31,K29)>=4,IF(J29=5,VLOOKUP(K29+3,TPMatrix!$A$6:$B$10,2,FALSE()),IF(J29=4,VLOOKUP(K29+3,TPMatrix!$D$6:$E$9,2,FALSE()),0)),"") -> 0 | P29: =IF(COUNTIF(K27:K31,K29)>=5,IF(J29=5,VLOOKUP(K29+4,TPMatrix!$A$6:$B$10,2,FALSE()),IF(J29=4,VLOOKUP(K29+4,TPMatrix!$D$6:$E$9,2,FALSE()),0)),"") -> 0 | Q29: =SUM(L29:P29)/COUNT(L29:P29) -> 0 | R29: =COUNT(L29:P29) -> 5 | S29: =IF(ISNUMBER($A29),COUNTIF($D$7:$D$306,$D29),0) -> 0 | T29: =CEILING($F29,1) -> 0 | U29: =SUM(OFFSET(T29,-MOD(ROW()-ROW($U$7),5),0,5,1)) -> 0 | W29: =$I29 | X29: =IF(ISNUMBER($A29),$W29*(Methuselahs!$A$4+1)+$A29,"") | Y29: =IF(ISNUMBER($A29),RANK($X29,$X29:$X33,1),"") | Z29: =IF(ISNUMBER($A29),VLOOKUP($A29,Methuselahs!$A$7:$X$306,5),"") | AA29: =$I29
A30: =IF(ISBLANK('Tournament Info'!$B$11),"",INDIRECT(ADDRESS(ROW(),1,1,1,"Optimal Seating "&'Tournament Info'!$B$11-1&"R+F"))) | B30: =IF(ISNUMBER(A30),VLOOKUP(A30,Methuselahs!$A$7:$E$306,2,FALSE()),"") | C30: =IF(ISNUMBER(A30),VLOOKUP(A30,Methuselahs!$A$7:$E$306,3,FALSE()),"") | D30: =IF(ISNUMBER(A30),FLOOR((ROW()-ROW($A$7))/5,1)+1,"") | F30: =IF(ISNUMBER(E30),E30,0) -> 0 | G30: =IF(ISNUMBER($A30),IF(AND($F30>=2,$H30=60),1,0),"") | H30: =IF(ISNUMBER(A30),IF(OR($S30=$U30,NOT(ISNA(MATCH($D30*5+$V$4,Override!$C$6:$C$125,0)))),$Q30,0),"") | I30: =IF(ISNUMBER(A30),IF(J30=5,K30,IF(AND(J30=4,OR(K30=4,K30=3)),K30+1,K30)),"") | J30: =COUNT(A27:A31) -> 0 | K30: =IF(ISNUMBER(A30),RANK(F30,F27:F31),"") | L30: =IF(J30=5,VLOOKUP(K30,TPMatrix!$A$6:$B$10,2,FALSE()),IF(J30=4,VLOOKUP(K30,TPMatrix!$D$6:$E$9,2,FALSE()),0)) -> 0 | M30: =IF(COUNTIF(K27:K31,K30)>=2,IF(J30=5,VLOOKUP(K30+1,TPMatrix!$A$6:$B$10,2,FALSE()),IF(J30=4,VLOOKUP(K30+1,TPMatrix!$D$6:$E$9,2,FALSE()),0)),"") -> 0 | N30: =IF(COUNTIF(K27:K31,K30)>=3,IF(J30=5,VLOOKUP(K30+2,TPMatrix!$A$6:$B$10,2,FALSE()),IF(J30=4,VLOOKUP(K30+2,TPMatrix!$D$6:$E$9,2,FALSE()),0)),"") -> 0 | O30: =IF(COUNTIF(K27:K31,K30)>=4,IF(J30=5,VLOOKUP(K30+3,TPMatrix!$A$6:$B$10,2,FALSE()),IF(J30=4,VLOOKUP(K30+3,TPMatrix!$D$6:$E$9,2,FALSE()),0)),"") -> 0 | P30: =IF(COUNTIF(K27:K31,K30)>=5,IF(J30=5,VLOOKUP(K30+4,TPMatrix!$A$6:$B$10,2,FALSE()),IF(J30=4,VLOOKUP(K30+4,TPMatrix!$D$6:$E$9,2,FALSE()),0)),"") -> 0 | Q30: =SUM(L30:P30)/COUNT(L30:P30) -> 0 | R30: =COUNT(L30:P30) -> 5 | S30: =IF(ISNUMBER($A30),COUNTIF($D$7:$D$306,$D30),0) -> 0 | T30: =CEILING($F30,1) -> 0 | U30: =SUM(OFFSET(T30,-MOD(ROW()-ROW($U$7),5),0,5,1)) -> 0 | W30: =$I30 | X30: =IF(ISNUMBER($A30),$W30*(Methuselahs!$A$4+1)+$A30,"") | Y30: =IF(ISNUMBER($A30),RANK($X30,$X30:$X34,1),"") | Z30: =IF(ISNUMBER($A30),VLOOKUP($A30,Methuselahs!$A$7:$X$306,5),"") | AA30: =$I30
A31: =IF(ISBLANK('Tournament Info'!$B$11),"",INDIRECT(ADDRESS(ROW(),1,1,1,"Optimal Seating "&'Tournament Info'!$B$11-1&"R+F"))) | B31: =IF(ISNUMBER(A31),VLOOKUP(A31,Methuselahs!$A$7:$E$306,2,FALSE()),"") | C31: =IF(ISNUMBER(A31),VLOOKUP(A31,Methuselahs!$A$7:$E$306,3,FALSE()),"") | D31: =IF(ISNUMBER(A31),FLOOR((ROW()-ROW($A$7))/5,1)+1,"") | F31: =IF(ISNUMBER(E31),E31,0) -> 0 | G31: =IF(ISNUMBER($A31),IF(AND($F31>=2,$H31=60),1,0),"") | H31: =IF(ISNUMBER(A31),IF(OR($S31=$U31,NOT(ISNA(MATCH($D31*5+$V$4,Override!$C$6:$C$125,0)))),$Q31,0),"") | I31: =IF(ISNUMBER(A31),IF(J31=5,K31,IF(AND(J31=4,OR(K31=4,K31=3)),K31+1,K31)),"") | J31: =COUNT(A27:A31) -> 0 | K31: =IF(ISNUMBER(A31),RANK(F31,F27:F31),"") | L31: =IF(J31=5,VLOOKUP(K31,TPMatrix!$A$6:$B$10,2,FALSE()),IF(J31=4,VLOOKUP(K31,TPMatrix!$D$6:$E$9,2,FALSE()),0)) -> 0 | M31: =IF(COUNTIF(K27:K31,K31)>=2,IF(J31=5,VLOOKUP(K31+1,TPMatrix!$A$6:$B$10,2,FALSE()),IF(J31=4,VLOOKUP(K31+1,TPMatrix!$D$6:$E$9,2,FALSE()),0)),"") -> 0 | N31: =IF(COUNTIF(K27:K31,K31)>=3,IF(J31=5,VLOOKUP(K31+2,TPMatrix!$A$6:$B$10,2,FALSE()),IF(J31=4,VLOOKUP(K31+2,TPMatrix!$D$6:$E$9,2,FALSE()),0)),"") -> 0 | O31: =IF(COUNTIF(K27:K31,K31)>=4,IF(J31=5,VLOOKUP(K31+3,TPMatrix!$A$6:$B$10,2,FALSE()),IF(J31=4,VLOOKUP(K31+3,TPMatrix!$D$6:$E$9,2,FALSE()),0)),"") -> 0 | P31: =IF(COUNTIF(K27:K31,K31)>=5,IF(J31=5,VLOOKUP(K31+4,TPMatrix!$A$6:$B$10,2,FALSE()),IF(J31=4,VLOOKUP(K31+4,TPMatrix!$D$6:$E$9,2,FALSE()),0)),"") -> 0 | Q31: =SUM(L31:P31)/COUNT(L31:P31) -> 0 | R31: =COUNT(L31:P31) -> 5 | S31: =IF(ISNUMBER($A31),COUNTIF($D$7:$D$306,$D31),0) -> 0 | T31: =CEILING($F31,1) -> 0 | U31: =SUM(OFFSET(T31,-MOD(ROW()-ROW($U$7),5),0,5,1)) -> 0 | W31: =$I31 | X31: =IF(ISNUMBER($A31),$W31*(Methuselahs!$A$4+1)+$A31,"") | Y31: =IF(ISNUMBER($A31),RANK($X31,$X31:$X35,1),"") | Z31: =IF(ISNUMBER($A31),VLOOKUP($A31,Methuselahs!$A$7:$X$306,5),"") | AA31: =$I31
A32: =IF(ISBLANK('Tournament Info'!$B$11),"",INDIRECT(ADDRESS(ROW(),1,1,1,"Optimal Seating "&'Tournament Info'!$B$11-1&"R+F"))) | B32: =IF(ISNUMBER(A32),VLOOKUP(A32,Methuselahs!$A$7:$E$306,2,FALSE()),"") | C32: =IF(ISNUMBER(A32),VLOOKUP(A32,Methuselahs!$A$7:$E$306,3,FALSE()),"") | D32: =IF(ISNUMBER(A32),FLOOR((ROW()-ROW($A$7))/5,1)+1,"") | F32: =IF(ISNUMBER(E32),E32,0) -> 0 | G32: =IF(ISNUMBER($A32),IF(AND($F32>=2,$H32=60),1,0),"") | H32: =IF(ISNUMBER(A32),IF(OR($S32=$U32,NOT(ISNA(MATCH($D32*5+$V$4,Override!$C$6:$C$125,0)))),$Q32,0),"") | I32: =IF(ISNUMBER(A32),IF(J32=5,K32,IF(AND(J32=4,OR(K32=4,K32=3)),K32+1,K32)),"") | J32: =COUNT(A32:A36) -> 0 | K32: =IF(ISNUMBER(A32),RANK(F32,F32:F36),"") | L32: =IF(J32=5,VLOOKUP(K32,TPMatrix!$A$6:$B$10,2,FALSE()),IF(J32=4,VLOOKUP(K32,TPMatrix!$D$6:$E$9,2,FALSE()),0)) -> 0 | M32: =IF(COUNTIF(K32:K36,K32)>=2,IF(J32=5,VLOOKUP(K32+1,TPMatrix!$A$6:$B$10,2,FALSE()),IF(J32=4,VLOOKUP(K32+1,TPMatrix!$D$6:$E$9,2,FALSE()),0)),"") -> 0 | N32: =IF(COUNTIF(K32:K36,K32)>=3,IF(J32=5,VLOOKUP(K32+2,TPMatrix!$A$6:$B$10,2,FALSE()),IF(J32=4,VLOOKUP(K32+2,TPMatrix!$D$6:$E$9,2,FALSE()),0)),"") -> 0 | O32: =IF(COUNTIF(K32:K36,K32)>=4,IF(J32=5,VLOOKUP(K32+3,TPMatrix!$A$6:$B$10,2,FALSE()),IF(J32=4,VLOOKUP(K32+3,TPMatrix!$D$6:$E$9,2,FALSE()),0)),"") -> 0 | P32: =IF(COUNTIF(K32:K36,K32)>=5,IF(J32=5,VLOOKUP(K32+4,TPMatrix!$A$6:$B$10,2,FALSE()),IF(J32=4,VLOOKUP(K32+4,TPMatrix!$D$6:$E$9,2,FALSE()),0)),"") -> 0 | Q32: =SUM(L32:P32)/COUNT(L32:P32) -> 0 | R32: =COUNT(L32:P32) -> 5 | S32: =IF(ISNUMBER($A32),COUNTIF($D$7:$D$306,$D32),0) -> 0 | T32: =CEILING($F32,1) -> 0 | U32: =SUM(OFFSET(T32,-MOD(ROW()-ROW($U$7),5),0,5,1)) -> 0 | W32: =$I32 | X32: =IF(ISNUMBER($A32),$W32*(Methuselahs!$A$4+1)+$A32,"") | Y32: =IF(ISNUMBER($A32),RANK($X32,$X32:$X36,1),"") | Z32: =IF(ISNUMBER($A32),VLOOKUP($A32,Methuselahs!$A$7:$X$306,5),"") | AA32: =$I32
A33: =IF(ISBLANK('Tournament Info'!$B$11),"",INDIRECT(ADDRESS(ROW(),1,1,1,"Optimal Seating "&'Tournament Info'!$B$11-1&"R+F"))) | B33: =IF(ISNUMBER(A33),VLOOKUP(A33,Methuselahs!$A$7:$E$306,2,FALSE()),"") | C33: =IF(ISNUMBER(A33),VLOOKUP(A33,Methuselahs!$A$7:$E$306,3,FALSE()),"") | D33: =IF(ISNUMBER(A33),FLOOR((ROW()-ROW($A$7))/5,1)+1,"") | F33: =IF(ISNUMBER(E33),E33,0) -> 0 | G33: =IF(ISNUMBER($A33),IF(AND($F33>=2,$H33=60),1,0),"") | H33: =IF(ISNUMBER(A33),IF(OR($S33=$U33,NOT(ISNA(MATCH($D33*5+$V$4,Override!$C$6:$C$125,0)))),$Q33,0),"") | I33: =IF(ISNUMBER(A33),IF(J33=5,K33,IF(AND(J33=4,OR(K33=4,K33=3)),K33+1,K33)),"") | J33: =COUNT(A32:A36) -> 0 | K33: =IF(ISNUMBER(A33),RANK(F33,F32:F36),"") | L33: =IF(J33=5,VLOOKUP(K33,TPMatrix!$A$6:$B$10,2,FALSE()),IF(J33=4,VLOOKUP(K33,TPMatrix!$D$6:$E$9,2,FALSE()),0)) -> 0 | M33: =IF(COUNTIF(K32:K36,K33)>=2,IF(J33=5,VLOOKUP(K33+1,TPMatrix!$A$6:$B$10,2,FALSE()),IF(J33=4,VLOOKUP(K33+1,TPMatrix!$D$6:$E$9,2,FALSE()),0)),"") -> 0 | N33: =IF(COUNTIF(K32:K36,K33)>=3,IF(J33=5,VLOOKUP(K33+2,TPMatrix!$A$6:$B$10,2,FALSE()),IF(J33=4,VLOOKUP(K33+2,TPMatrix!$D$6:$E$9,2,FALSE()),0)),"") -> 0 | O33: =IF(COUNTIF(K32:K36,K33)>=4,IF(J33=5,VLOOKUP(K33+3,TPMatrix!$A$6:$B$10,2,FALSE()),IF(J33=4,VLOOKUP(K33+3,TPMatrix!$D$6:$E$9,2,FALSE()),0)),"") -> 0 | P33: =IF(COUNTIF(K32:K36,K33)>=5,IF(J33=5,VLOOKUP(K33+4,TPMatrix!$A$6:$B$10,2,FALSE()),IF(J33=4,VLOOKUP(K33+4,TPMatrix!$D$6:$E$9,2,FALSE()),0)),"") -> 0 | Q33: =SUM(L33:P33)/COUNT(L33:P33) -> 0 | R33: =COUNT(L33:P33) -> 5 | S33: =IF(ISNUMBER($A33),COUNTIF($D$7:$D$306,$D33),0) -> 0 | T33: =CEILING($F33,1) -> 0 | U33: =SUM(OFFSET(T33,-MOD(ROW()-ROW($U$7),5),0,5,1)) -> 0 | W33: =$I33 | X33: =IF(ISNUMBER($A33),$W33*(Methuselahs!$A$4+1)+$A33,"") | Y33: =IF(ISNUMBER($A33),RANK($X33,$X33:$X37,1),"") | Z33: =IF(ISNUMBER($A33),VLOOKUP($A33,Methuselahs!$A$7:$X$306,5),"") | AA33: =$I33
A34: =IF(ISBLANK('Tournament Info'!$B$11),"",INDIRECT(ADDRESS(ROW(),1,1,1,"Optimal Seating "&'Tournament Info'!$B$11-1&"R+F"))) | B34: =IF(ISNUMBER(A34),VLOOKUP(A34,Methuselahs!$A$7:$E$306,2,FALSE()),"") | C34: =IF(ISNUMBER(A34),VLOOKUP(A34,Methuselahs!$A$7:$E$306,3,FALSE()),"") | D34: =IF(ISNUMBER(A34),FLOOR((ROW()-ROW($A$7))/5,1)+1,"") | F34: =IF(ISNUMBER(E34),E34,0) -> 0 | G34: =IF(ISNUMBER($A34),IF(AND($F34>=2,$H34=60),1,0),"") | H34: =IF(ISNUMBER(A34),IF(OR($S34=$U34,NOT(ISNA(MATCH($D34*5+$V$4,Override!$C$6:$C$125,0)))),$Q34,0),"") | I34: =IF(ISNUMBER(A34),IF(J34=5,K34,IF(AND(J34=4,OR(K34=4,K34=3)),K34+1,K34)),"") | J34: =COUNT(A32:A36) -> 0 | K34: =IF(ISNUMBER(A34),RANK(F34,F32:F36),"") | L34: =IF(J34=5,VLOOKUP(K34,TPMatrix!$A$6:$B$10,2,FALSE()),IF(J34=4,VLOOKUP(K34,TPMatrix!$D$6:$E$9,2,FALSE()),0)) -> 0 | M34: =IF(COUNTIF(K32:K36,K34)>=2,IF(J34=5,VLOOKUP(K34+1,TPMatrix!$A$6:$B$10,2,FALSE()),IF(J34=4,VLOOKUP(K34+1,TPMatrix!$D$6:$E$9,2,FALSE()),0)),"") -> 0 | N34: =IF(COUNTIF(K32:K36,K34)>=3,IF(J34=5,VLOOKUP(K34+2,TPMatrix!$A$6:$B$10,2,FALSE()),IF(J34=4,VLOOKUP(K34+2,TPMatrix!$D$6:$E$9,2,FALSE()),0)),"") -> 0 | O34: =IF(COUNTIF(K32:K36,K34)>=4,IF(J34=5,VLOOKUP(K34+3,TPMatrix!$A$6:$B$10,2,FALSE()),IF(J34=4,VLOOKUP(K34+3,TPMatrix!$D$6:$E$9,2,FALSE()),0)),"") -> 0 | P34: =IF(COUNTIF(K32:K36,K34)>=5,IF(J34=5,VLOOKUP(K34+4,TPMatrix!$A$6:$B$10,2,FALSE()),IF(J34=4,VLOOKUP(K34+4,TPMatrix!$D$6:$E$9,2,FALSE()),0)),"") -> 0 | Q34: =SUM(L34:P34)/COUNT(L34:P34) -> 0 | R34: =COUNT(L34:P34) -> 5 | S34: =IF(ISNUMBER($A34),COUNTIF($D$7:$D$306,$D34),0) -> 0 | T34: =CEILING($F34,1) -> 0 | U34: =SUM(OFFSET(T34,-MOD(ROW()-ROW($U$7),5),0,5,1)) -> 0 | W34: =$I34 | X34: =IF(ISNUMBER($A34),$W34*(Methuselahs!$A$4+1)+$A34,"") | Y34: =IF(ISNUMBER($A34),RANK($X34,$X34:$X38,1),"") | Z34: =IF(ISNUMBER($A34),VLOOKUP($A34,Methuselahs!$A$7:$X$306,5),"") | AA34: =$I34
A35: =IF(ISBLANK('Tournament Info'!$B$11),"",INDIRECT(ADDRESS(ROW(),1,1,1,"Optimal Seating "&'Tournament Info'!$B$11-1&"R+F"))) | B35: =IF(ISNUMBER(A35),VLOOKUP(A35,Methuselahs!$A$7:$E$306,2,FALSE()),"") | C35: =IF(ISNUMBER(A35),VLOOKUP(A35,Methuselahs!$A$7:$E$306,3,FALSE()),"") | D35: =IF(ISNUMBER(A35),FLOOR((ROW()-ROW($A$7))/5,1)+1,"") | F35: =IF(ISNUMBER(E35),E35,0) -> 0 | G35: =IF(ISNUMBER($A35),IF(AND($F35>=2,$H35=60),1,0),"") | H35: =IF(ISNUMBER(A35),IF(OR($S35=$U35,NOT(ISNA(MATCH($D35*5+$V$4,Override!$C$6:$C$125,0)))),$Q35,0),"") | I35: =IF(ISNUMBER(A35),IF(J35=5,K35,IF(AND(J35=4,OR(K35=4,K35=3)),K35+1,K35)),"") | J35: =COUNT(A32:A36) -> 0 | K35: =IF(ISNUMBER(A35),RANK(F35,F32:F36),"") | L35: =IF(J35=5,VLOOKUP(K35,TPMatrix!$A$6:$B$10,2,FALSE()),IF(J35=4,VLOOKUP(K35,TPMatrix!$D$6:$E$9,2,FALSE()),0)) -> 0 | M35: =IF(COUNTIF(K32:K36,K35)>=2,IF(J35=5,VLOOKUP(K35+1,TPMatrix!$A$6:$B$10,2,FALSE()),IF(J35=4,VLOOKUP(K35+1,TPMatrix!$D$6:$E$9,2,FALSE()),0)),"") -> 0 | N35: =IF(COUNTIF(K32:K36,K35)>=3,IF(J35=5,VLOOKUP(K35+2,TPMatrix!$A$6:$B$10,2,FALSE()),IF(J35=4,VLOOKUP(K35+2,TPMatrix!$D$6:$E$9,2,FALSE()),0)),"") -> 0 | O35: =IF(COUNTIF(K32:K36,K35)>=4,IF(J35=5,VLOOKUP(K35+3,TPMatrix!$A$6:$B$10,2,FALSE()),IF(J35=4,VLOOKUP(K35+3,TPMatrix!$D$6:$E$9,2,FALSE()),0)),"") -> 0 | P35: =IF(COUNTIF(K32:K36,K35)>=5,IF(J35=5,VLOOKUP(K35+4,TPMatrix!$A$6:$B$10,2,FALSE()),IF(J35=4,VLOOKUP(K35+4,TPMatrix!$D$6:$E$9,2,FALSE()),0)),"") -> 0 | Q35: =SUM(L35:P35)/COUNT(L35:P35) -> 0 | R35: =COUNT(L35:P35) -> 5 | S35: =IF(ISNUMBER($A35),COUNTIF($D$7:$D$306,$D35),0) -> 0 | T35: =CEILING($F35,1) -> 0 | U35: =SUM(OFFSET(T35,-MOD(ROW()-ROW($U$7),5),0,5,1)) -> 0 | W35: =$I35 | X35: =IF(ISNUMBER($A35),$W35*(Methuselahs!$A$4+1)+$A35,"") | Y35: =IF(ISNUMBER($A35),RANK($X35,$X35:$X39,1),"") | Z35: =IF(ISNUMBER($A35),VLOOKUP($A35,Methuselahs!$A$7:$X$306,5),"") | AA35: =$I35
A36: =IF(ISBLANK('Tournament Info'!$B$11),"",INDIRECT(ADDRESS(ROW(),1,1,1,"Optimal Seating "&'Tournament Info'!$B$11-1&"R+F"))) | B36: =IF(ISNUMBER(A36),VLOOKUP(A36,Methuselahs!$A$7:$E$306,2,FALSE()),"") | C36: =IF(ISNUMBER(A36),VLOOKUP(A36,Methuselahs!$A$7:$E$306,3,FALSE()),"") | D36: =IF(ISNUMBER(A36),FLOOR((ROW()-ROW($A$7))/5,1)+1,"") | F36: =IF(ISNUMBER(E36),E36,0) -> 0 | G36: =IF(ISNUMBER($A36),IF(AND($F36>=2,$H36=60),1,0),"") | H36: =IF(ISNUMBER(A36),IF(OR($S36=$U36,NOT(ISNA(MATCH($D36*5+$V$4,Override!$C$6:$C$125,0)))),$Q36,0),"") | I36: =IF(ISNUMBER(A36),IF(J36=5,K36,IF(AND(J36=4,OR(K36=4,K36=3)),K36+1,K36)),"") | J36: =COUNT(A32:A36) -> 0 | K36: =IF(ISNUMBER(A36),RANK(F36,F32:F36),"") | L36: =IF(J36=5,VLOOKUP(K36,TPMatrix!$A$6:$B$10,2,FALSE()),IF(J36=4,VLOOKUP(K36,TPMatrix!$D$6:$E$9,2,FALSE()),0)) -> 0 | M36: =IF(COUNTIF(K32:K36,K36)>=2,IF(J36=5,VLOOKUP(K36+1,TPMatrix!$A$6:$B$10,2,FALSE()),IF(J36=4,VLOOKUP(K36+1,TPMatrix!$D$6:$E$9,2,FALSE()),0)),"") -> 0 | N36: =IF(COUNTIF(K32:K36,K36)>=3,IF(J36=5,VLOOKUP(K36+2,TPMatrix!$A$6:$B$10,2,FALSE()),IF(J36=4,VLOOKUP(K36+2,TPMatrix!$D$6:$E$9,2,FALSE()),0)),"") -> 0 | O36: =IF(COUNTIF(K32:K36,K36)>=4,IF(J36=5,VLOOKUP(K36+3,TPMatrix!$A$6:$B$10,2,FALSE()),IF(J36=4,VLOOKUP(K36+3,TPMatrix!$D$6:$E$9,2,FALSE()),0)),"") -> 0 | P36: =IF(COUNTIF(K32:K36,K36)>=5,IF(J36=5,VLOOKUP(K36+4,TPMatrix!$A$6:$B$10,2,FALSE()),IF(J36=4,VLOOKUP(K36+4,TPMatrix!$D$6:$E$9,2,FALSE()),0)),"") -> 0 | Q36: =SUM(L36:P36)/COUNT(L36:P36) -> 0 | R36: =COUNT(L36:P36) -> 5 | S36: =IF(ISNUMBER($A36),COUNTIF($D$7:$D$306,$D36),0) -> 0 | T36: =CEILING($F36,1) -> 0 | U36: =SUM(OFFSET(T36,-MOD(ROW()-ROW($U$7),5),0,5,1)) -> 0 | W36: =$I36 | X36: =IF(ISNUMBER($A36),$W36*(Methuselahs!$A$4+1)+$A36,"") | Y36: =IF(ISNUMBER($A36),RANK($X36,$X36:$X40,1),"") | Z36: =IF(ISNUMBER($A36),VLOOKUP($A36,Methuselahs!$A$7:$X$306,5),"") | AA36: =$I36
A37: =IF(ISBLANK('Tournament Info'!$B$11),"",INDIRECT(ADDRESS(ROW(),1,1,1,"Optimal Seating "&'Tournament Info'!$B$11-1&"R+F"))) | B37: =IF(ISNUMBER(A37),VLOOKUP(A37,Methuselahs!$A$7:$E$306,2,FALSE()),"") | C37: =IF(ISNUMBER(A37),VLOOKUP(A37,Methuselahs!$A$7:$E$306,3,FALSE()),"") | D37: =IF(ISNUMBER(A37),FLOOR((ROW()-ROW($A$7))/5,1)+1,"") | F37: =IF(ISNUMBER(E37),E37,0) -> 0 | G37: =IF(ISNUMBER($A37),IF(AND($F37>=2,$H37=60),1,0),"") | H37: =IF(ISNUMBER(A37),IF(OR($S37=$U37,NOT(ISNA(MATCH($D37*5+$V$4,Override!$C$6:$C$125,0)))),$Q37,0),"") | I37: =IF(ISNUMBER(A37),IF(J37=5,K37,IF(AND(J37=4,OR(K37=4,K37=3)),K37+1,K37)),"") | J37: =COUNT(A37:A41) -> 0 | K37: =IF(ISNUMBER(A37),RANK(F37,F37:F41),"") | L37: =IF(J37=5,VLOOKUP(K37,TPMatrix!$A$6:$B$10,2,FALSE()),IF(J37=4,VLOOKUP(K37,TPMatrix!$D$6:$E$9,2,FALSE()),0)) -> 0 | M37: =IF(COUNTIF(K37:K41,K37)>=2,IF(J37=5,VLOOKUP(K37+1,TPMatrix!$A$6:$B$10,2,FALSE()),IF(J37=4,VLOOKUP(K37+1,TPMatrix!$D$6:$E$9,2,FALSE()),0)),"") -> 0 | N37: =IF(COUNTIF(K37:K41,K37)>=3,IF(J37=5,VLOOKUP(K37+2,TPMatrix!$A$6:$B$10,2,FALSE()),IF(J37=4,VLOOKUP(K37+2,TPMatrix!$D$6:$E$9,2,FALSE()),0)),"") -> 0 | O37: =IF(COUNTIF(K37:K41,K37)>=4,IF(J37=5,VLOOKUP(K37+3,TPMatrix!$A$6:$B$10,2,FALSE()),IF(J37=4,VLOOKUP(K37+3,TPMatrix!$D$6:$E$9,2,FALSE()),0)),"") -> 0 | P37: =IF(COUNTIF(K37:K41,K37)>=5,IF(J37=5,VLOOKUP(K37+4,TPMatrix!$A$6:$B$10,2,FALSE()),IF(J37=4,VLOOKUP(K37+4,TPMatrix!$D$6:$E$9,2,FALSE()),0)),"") -> 0 | Q37: =SUM(L37:P37)/COUNT(L37:P37) -> 0 | R37: =COUNT(L37:P37) -> 5 | S37: =IF(ISNUMBER($A37),COUNTIF($D$7:$D$306,$D37),0) -> 0 | T37: =CEILING($F37,1) -> 0 | U37: =SUM(OFFSET(T37,-MOD(ROW()-ROW($U$7),5),0,5,1)) -> 0 | W37: =$I37 | X37: =IF(ISNUMBER($A37),$W37*(Methuselahs!$A$4+1)+$A37,"") | Y37: =IF(ISNUMBER($A37),RANK($X37,$X37:$X41,1),"") | Z37: =IF(ISNUMBER($A37),VLOOKUP($A37,Methuselahs!$A$7:$X$306,5),"") | AA37: =$I37
A38: =IF(ISBLANK('Tournament Info'!$B$11),"",INDIRECT(ADDRESS(ROW(),1,1,1,"Optimal Seating "&'Tournament Info'!$B$11-1&"R+F"))) | B38: =IF(ISNUMBER(A38),VLOOKUP(A38,Methuselahs!$A$7:$E$306,2,FALSE()),"") | C38: =IF(ISNUMBER(A38),VLOOKUP(A38,Methuselahs!$A$7:$E$306,3,FALSE()),"") | D38: =IF(ISNUMBER(A38),FLOOR((ROW()-ROW($A$7))/5,1)+1,"") | F38: =IF(ISNUMBER(E38),E38,0) -> 0 | G38: =IF(ISNUMBER($A38),IF(AND($F38>=2,$H38=60),1,0),"") | H38: =IF(ISNUMBER(A38),IF(OR($S38=$U38,NOT(ISNA(MATCH($D38*5+$V$4,Override!$C$6:$C$125,0)))),$Q38,0),"") | I38: =IF(ISNUMBER(A38),IF(J38=5,K38,IF(AND(J38=4,OR(K38=4,K38=3)),K38+1,K38)),"") | J38: =COUNT(A37:A41) -> 0 | K38: =IF(ISNUMBER(A38),RANK(F38,F37:F41),"") | L38: =IF(J38=5,VLOOKUP(K38,TPMatrix!$A$6:$B$10,2,FALSE()),IF(J38=4,VLOOKUP(K38,TPMatrix!$D$6:$E$9,2,FALSE()),0)) -> 0 | M38: =IF(COUNTIF(K37:K41,K38)>=2,IF(J38=5,VLOOKUP(K38+1,TPMatrix!$A$6:$B$10,2,FALSE()),IF(J38=4,VLOOKUP(K38+1,TPMatrix!$D$6:$E$9,2,FALSE()),0)),"") -> 0 | N38: =IF(COUNTIF(K37:K41,K38)>=3,IF(J38=5,VLOOKUP(K38+2,TPMatrix!$A$6:$B$10,2,FALSE()),IF(J38=4,VLOOKUP(K38+2,TPMatrix!$D$6:$E$9,2,FALSE()),0)),"") -> 0 | O38: =IF(COUNTIF(K37:K41,K38)>=4,IF(J38=5,VLOOKUP(K38+3,TPMatrix!$A$6:$B$10,2,FALSE()),IF(J38=4,VLOOKUP(K38+3,TPMatrix!$D$6:$E$9,2,FALSE()),0)),"") -> 0 | P38: =IF(COUNTIF(K37:K41,K38)>=5,IF(J38=5,VLOOKUP(K38+4,TPMatrix!$A$6:$B$10,2,FALSE()),IF(J38=4,VLOOKUP(K38+4,TPMatrix!$D$6:$E$9,2,FALSE()),0)),"") -> 0 | Q38: =SUM(L38:P38)/COUNT(L38:P38) -> 0 | R38: =COUNT(L38:P38) -> 5 | S38: =IF(ISNUMBER($A38),COUNTIF($D$7:$D$306,$D38),0) -> 0 | T38: =CEILING($F38,1) -> 0 | U38: =SUM(OFFSET(T38,-MOD(ROW()-ROW($U$7),5),0,5,1)) -> 0 | W38: =$I38 | X38: =IF(ISNUMBER($A38),$W38*(Methuselahs!$A$4+1)+$A38,"") | Y38: =IF(ISNUMBER($A38),RANK($X38,$X38:$X42,1),"") | Z38: =IF(ISNUMBER($A38),VLOOKUP($A38,Methuselahs!$A$7:$X$306,5),"") | AA38: =$I38
A39: =IF(ISBLANK('Tournament Info'!$B$11),"",INDIRECT(ADDRESS(ROW(),1,1,1,"Optimal Seating "&'Tournament Info'!$B$11-1&"R+F"))) | B39: =IF(ISNUMBER(A39),VLOOKUP(A39,Methuselahs!$A$7:$E$306,2,FALSE()),"") | C39: =IF(ISNUMBER(A39),VLOOKUP(A39,Methuselahs!$A$7:$E$306,3,FALSE()),"") | D39: =IF(ISNUMBER(A39),FLOOR((ROW()-ROW($A$7))/5,1)+1,"") | F39: =IF(ISNUMBER(E39),E39,0) -> 0 | G39: =IF(ISNUMBER($A39),IF(AND($F39>=2,$H39=60),1,0),"") | H39: =IF(ISNUMBER(A39),IF(OR($S39=$U39,NOT(ISNA(MATCH($D39*5+$V$4,Override!$C$6:$C$125,0)))),$Q39,0),"") | I39: =IF(ISNUMBER(A39),IF(J39=5,K39,IF(AND(J39=4,OR(K39=4,K39=3)),K39+1,K39)),"") | J39: =COUNT(A37:A41) -> 0 | K39: =IF(ISNUMBER(A39),RANK(F39,F37:F41),"") | L39: =IF(J39=5,VLOOKUP(K39,TPMatrix!$A$6:$B$10,2,FALSE()),IF(J39=4,VLOOKUP(K39,TPMatrix!$D$6:$E$9,2,FALSE()),0)) -> 0 | M39: =IF(COUNTIF(K37:K41,K39)>=2,IF(J39=5,VLOOKUP(K39+1,TPMatrix!$A$6:$B$10,2,FALSE()),IF(J39=4,VLOOKUP(K39+1,TPMatrix!$D$6:$E$9,2,FALSE()),0)),"") -> 0 | N39: =IF(COUNTIF(K37:K41,K39)>=3,IF(J39=5,VLOOKUP(K39+2,TPMatrix!$A$6:$B$10,2,FALSE()),IF(J39=4,VLOOKUP(K39+2,TPMatrix!$D$6:$E$9,2,FALSE()),0)),"") -> 0 | O39: =IF(COUNTIF(K37:K41,K39)>=4,IF(J39=5,VLOOKUP(K39+3,TPMatrix!$A$6:$B$10,2,FALSE()),IF(J39=4,VLOOKUP(K39+3,TPMatrix!$D$6:$E$9,2,FALSE()),0)),"") -> 0 | P39: =IF(COUNTIF(K37:K41,K39)>=5,IF(J39=5,VLOOKUP(K39+4,TPMatrix!$A$6:$B$10,2,FALSE()),IF(J39=4,VLOOKUP(K39+4,TPMatrix!$D$6:$E$9,2,FALSE()),0)),"") -> 0 | Q39: =SUM(L39:P39)/COUNT(L39:P39) -> 0 | R39: =COUNT(L39:P39) -> 5 | S39: =IF(ISNUMBER($A39),COUNTIF($D$7:$D$306,$D39),0) -> 0 | T39: =CEILING($F39,1) -> 0 | U39: =SUM(OFFSET(T39,-MOD(ROW()-ROW($U$7),5),0,5,1)) -> 0 | W39: =$I39 | X39: =IF(ISNUMBER($A39),$W39*(Methuselahs!$A$4+1)+$A39,"") | Y39: =IF(ISNUMBER($A39),RANK($X39,$X39:$X43,1),"") | Z39: =IF(ISNUMBER($A39),VLOOKUP($A39,Methuselahs!$A$7:$X$306,5),"") | AA39: =$I39
A40: =IF(ISBLANK('Tournament Info'!$B$11),"",INDIRECT(ADDRESS(ROW(),1,1,1,"Optimal Seating "&'Tournament Info'!$B$11-1&"R+F"))) | B40: =IF(ISNUMBER(A40),VLOOKUP(A40,Methuselahs!$A$7:$E$306,2,FALSE()),"") | C40: =IF(ISNUMBER(A40),VLOOKUP(A40,Methuselahs!$A$7:$E$306,3,FALSE()),"") | D40: =IF(ISNUMBER(A40),FLOOR((ROW()-ROW($A$7))/5,1)+1,"") | F40: =IF(ISNUMBER(E40),E40,0) -> 0 | G40: =IF(ISNUMBER($A40),IF(AND($F40>=2,$H40=60),1,0),"") | H40: =IF(ISNUMBER(A40),IF(OR($S40=$U40,NOT(ISNA(MATCH($D40*5+$V$4,Override!$C$6:$C$125,0)))),$Q40,0),"") | I40: =IF(ISNUMBER(A40),IF(J40=5,K40,IF(AND(J40=4,OR(K40=4,K40=3)),K40+1,K40)),"") | J40: =COUNT(A37:A41) -> 0 | K40: =IF(ISNUMBER(A40),RANK(F40,F37:F41),"") | L40: =IF(J40=5,VLOOKUP(K40,TPMatrix!$A$6:$B$10,2,FALSE()),IF(J40=4,VLOOKUP(K40,TPMatrix!$D$6:$E$9,2,FALSE()),0)) -> 0 | M40: =IF(COUNTIF(K37:K41,K40)>=2,IF(J40=5,VLOOKUP(K40+1,TPMatrix!$A$6:$B$10,2,FALSE()),IF(J40=4,VLOOKUP(K40+1,TPMatrix!$D$6:$E$9,2,FALSE()),0)),"") -> 0 | N40: =IF(COUNTIF(K37:K41,K40)>=3,IF(J40=5,VLOOKUP(K40+2,TPMatrix!$A$6:$B$10,2,FALSE()),IF(J40=4,VLOOKUP(K40+2,TPMatrix!$D$6:$E$9,2,FALSE()),0)),"") -> 0 | O40: =IF(COUNTIF(K37:K41,K40)>=4,IF(J40=5,VLOOKUP(K40+3,TPMatrix!$A$6:$B$10,2,FALSE()),IF(J40=4,VLOOKUP(K40+3,TPMatrix!$D$6:$E$9,2,FALSE()),0)),"") -> 0 | P40: =IF(COUNTIF(K37:K41,K40)>=5,IF(J40=5,VLOOKUP(K40+4,TPMatrix!$A$6:$B$10,2,FALSE()),IF(J40=4,VLOOKUP(K40+4,TPMatrix!$D$6:$E$9,2,FALSE()),0)),"") -> 0 | Q40: =SUM(L40:P40)/COUNT(L40:P40) -> 0 | R40: =COUNT(L40:P40) -> 5 | S40: =IF(ISNUMBER($A40),COUNTIF($D$7:$D$306,$D40),0) -> 0 | T40: =CEILING($F40,1) -> 0 | U40: =SUM(OFFSET(T40,-MOD(ROW()-ROW($U$7),5),0,5,1)) -> 0 | W40: =$I40 | X40: =IF(ISNUMBER($A40),$W40*(Methuselahs!$A$4+1)+$A40,"") | Y40: =IF(ISNUMBER($A40),RANK($X40,$X40:$X44,1),"") | Z40: =IF(ISNUMBER($A40),VLOOKUP($A40,Methuselahs!$A$7:$X$306,5),"") | AA40: =$I40
A41: =IF(ISBLANK('Tournament Info'!$B$11),"",INDIRECT(ADDRESS(ROW(),1,1,1,"Optimal Seating "&'Tournament Info'!$B$11-1&"R+F"))) | B41: =IF(ISNUMBER(A41),VLOOKUP(A41,Methuselahs!$A$7:$E$306,2,FALSE()),"") | C41: =IF(ISNUMBER(A41),VLOOKUP(A41,Methuselahs!$A$7:$E$306,3,FALSE()),"") | D41: =IF(ISNUMBER(A41),FLOOR((ROW()-ROW($A$7))/5,1)+1,"") | F41: =IF(ISNUMBER(E41),E41,0) -> 0 | G41: =IF(ISNUMBER($A41),IF(AND($F41>=2,$H41=60),1,0),"") | H41: =IF(ISNUMBER(A41),IF(OR($S41=$U41,NOT(ISNA(MATCH($D41*5+$V$4,Override!$C$6:$C$125,0)))),$Q41,0),"") | I41: =IF(ISNUMBER(A41),IF(J41=5,K41,IF(AND(J41=4,OR(K41=4,K41=3)),K41+1,K41)),"") | J41: =COUNT(A37:A41) -> 0 | K41: =IF(ISNUMBER(A41),RANK(F41,F37:F41),"") | L41: =IF(J41=5,VLOOKUP(K41,TPMatrix!$A$6:$B$10,2,FALSE()),IF(J41=4,VLOOKUP(K41,TPMatrix!$D$6:$E$9,2,FALSE()),0)) -> 0 | M41: =IF(COUNTIF(K37:K41,K41)>=2,IF(J41=5,VLOOKUP(K41+1,TPMatrix!$A$6:$B$10,2,FALSE()),IF(J41=4,VLOOKUP(K41+1,TPMatrix!$D$6:$E$9,2,FALSE()),0)),"") -> 0 | N41: =IF(COUNTIF(K37:K41,K41)>=3,IF(J41=5,VLOOKUP(K41+2,TPMatrix!$A$6:$B$10,2,FALSE()),IF(J41=4,VLOOKUP(K41+2,TPMatrix!$D$6:$E$9,2,FALSE()),0)),"") -> 0 | O41: =IF(COUNTIF(K37:K41,K41)>=4,IF(J41=5,VLOOKUP(K41+3,TPMatrix!$A$6:$B$10,2,FALSE()),IF(J41=4,VLOOKUP(K41+3,TPMatrix!$D$6:$E$9,2,FALSE()),0)),"") -> 0 | P41: =IF(COUNTIF(K37:K41,K41)>=5,IF(J41=5,VLOOKUP(K41+4,TPMatrix!$A$6:$B$10,2,FALSE()),IF(J41=4,VLOOKUP(K41+4,TPMatrix!$D$6:$E$9,2,FALSE()),0)),"") -> 0 | Q41: =SUM(L41:P41)/COUNT(L41:P41) -> 0 | R41: =COUNT(L41:P41) -> 5 | S41: =IF(ISNUMBER($A41),COUNTIF($D$7:$D$306,$D41),0) -> 0 | T41: =CEILING($F41,1) -> 0 | U41: =SUM(OFFSET(T41,-MOD(ROW()-ROW($U$7),5),0,5,1)) -> 0 | W41: =$I41 | X41: =IF(ISNUMBER($A41),$W41*(Methuselahs!$A$4+1)+$A41,"") | Y41: =IF(ISNUMBER($A41),RANK($X41,$X41:$X45,1),"") | Z41: =IF(ISNUMBER($A41),VLOOKUP($A41,Methuselahs!$A$7:$X$306,5),"") | AA41: =$I41
A42: =IF(ISBLANK('Tournament Info'!$B$11),"",INDIRECT(ADDRESS(ROW(),1,1,1,"Optimal Seating "&'Tournament Info'!$B$11-1&"R+F"))) | B42: =IF(ISNUMBER(A42),VLOOKUP(A42,Methuselahs!$A$7:$E$306,2,FALSE()),"") | C42: =IF(ISNUMBER(A42),VLOOKUP(A42,Methuselahs!$A$7:$E$306,3,FALSE()),"") | D42: =IF(ISNUMBER(A42),FLOOR((ROW()-ROW($A$7))/5,1)+1,"") | F42: =IF(ISNUMBER(E42),E42,0) -> 0 | G42: =IF(ISNUMBER($A42),IF(AND($F42>=2,$H42=60),1,0),"") | H42: =IF(ISNUMBER(A42),IF(OR($S42=$U42,NOT(ISNA(MATCH($D42*5+$V$4,Override!$C$6:$C$125,0)))),$Q42,0),"") | I42: =IF(ISNUMBER(A42),IF(J42=5,K42,IF(AND(J42=4,OR(K42=4,K42=3)),K42+1,K42)),"") | J42: =COUNT(A42:A46) -> 0 | K42: =IF(ISNUMBER(A42),RANK(F42,F42:F46),"") | L42: =IF(J42=5,VLOOKUP(K42,TPMatrix!$A$6:$B$10,2,FALSE()),IF(J42=4,VLOOKUP(K42,TPMatrix!$D$6:$E$9,2,FALSE()),0)) -> 0 | M42: =IF(COUNTIF(K42:K46,K42)>=2,IF(J42=5,VLOOKUP(K42+1,TPMatrix!$A$6:$B$10,2,FALSE()),IF(J42=4,VLOOKUP(K42+1,TPMatrix!$D$6:$E$9,2,FALSE()),0)),"") -> 0 | N42: =IF(COUNTIF(K42:K46,K42)>=3,IF(J42=5,VLOOKUP(K42+2,TPMatrix!$A$6:$B$10,2,FALSE()),IF(J42=4,VLOOKUP(K42+2,TPMatrix!$D$6:$E$9,2,FALSE()),0)),"") -> 0 | O42: =IF(COUNTIF(K42:K46,K42)>=4,IF(J42=5,VLOOKUP(K42+3,TPMatrix!$A$6:$B$10,2,FALSE()),IF(J42=4,VLOOKUP(K42+3,TPMatrix!$D$6:$E$9,2,FALSE()),0)),"") -> 0 | P42: =IF(COUNTIF(K42:K46,K42)>=5,IF(J42=5,VLOOKUP(K42+4,TPMatrix!$A$6:$B$10,2,FALSE()),IF(J42=4,VLOOKUP(K42+4,TPMatrix!$D$6:$E$9,2,FALSE()),0)),"") -> 0 | Q42: =SUM(L42:P42)/COUNT(L42:P42) -> 0 | R42: =COUNT(L42:P42) -> 5 | S42: =IF(ISNUMBER($A42),COUNTIF($D$7:$D$306,$D42),0) -> 0 | T42: =CEILING($F42,1) -> 0 | U42: =SUM(OFFSET(T42,-MOD(ROW()-ROW($U$7),5),0,5,1)) -> 0 | W42: =$I42 | X42: =IF(ISNUMBER($A42),$W42*(Methuselahs!$A$4+1)+$A42,"") | Y42: =IF(ISNUMBER($A42),RANK($X42,$X42:$X46,1),"") | Z42: =IF(ISNUMBER($A42),VLOOKUP($A42,Methuselahs!$A$7:$X$306,5),"") | AA42: =$I42
A43: =IF(ISBLANK('Tournament Info'!$B$11),"",INDIRECT(ADDRESS(ROW(),1,1,1,"Optimal Seating "&'Tournament Info'!$B$11-1&"R+F"))) | B43: =IF(ISNUMBER(A43),VLOOKUP(A43,Methuselahs!$A$7:$E$306,2,FALSE()),"") | C43: =IF(ISNUMBER(A43),VLOOKUP(A43,Methuselahs!$A$7:$E$306,3,FALSE()),"") | D43: =IF(ISNUMBER(A43),FLOOR((ROW()-ROW($A$7))/5,1)+1,"") | F43: =IF(ISNUMBER(E43),E43,0) -> 0 | G43: =IF(ISNUMBER($A43),IF(AND($F43>=2,$H43=60),1,0),"") | H43: =IF(ISNUMBER(A43),IF(OR($S43=$U43,NOT(ISNA(MATCH($D43*5+$V$4,Override!$C$6:$C$125,0)))),$Q43,0),"") | I43: =IF(ISNUMBER(A43),IF(J43=5,K43,IF(AND(J43=4,OR(K43=4,K43=3)),K43+1,K43)),"") | J43: =COUNT(A42:A46) -> 0 | K43: =IF(ISNUMBER(A43),RANK(F43,F42:F46),"") | L43: =IF(J43=5,VLOOKUP(K43,TPMatrix!$A$6:$B$10,2,FALSE()),IF(J43=4,VLOOKUP(K43,TPMatrix!$D$6:$E$9,2,FALSE()),0)) -> 0 | M43: =IF(COUNTIF(K42:K46,K43)>=2,IF(J43=5,VLOOKUP(K43+1,TPMatrix!$A$6:$B$10,2,FALSE()),IF(J43=4,VLOOKUP(K43+1,TPMatrix!$D$6:$E$9,2,FALSE()),0)),"") -> 0 | N43: =IF(COUNTIF(K42:K46,K43)>=3,IF(J43=5,VLOOKUP(K43+2,TPMatrix!$A$6:$B$10,2,FALSE()),IF(J43=4,VLOOKUP(K43+2,TPMatrix!$D$6:$E$9,2,FALSE()),0)),"") -> 0 | O43: =IF(COUNTIF(K42:K46,K43)>=4,IF(J43=5,VLOOKUP(K43+3,TPMatrix!$A$6:$B$10,2,FALSE()),IF(J43=4,VLOOKUP(K43+3,TPMatrix!$D$6:$E$9,2,FALSE()),0)),"") -> 0 | P43: =IF(COUNTIF(K42:K46,K43)>=5,IF(J43=5,VLOOKUP(K43+4,TPMatrix!$A$6:$B$10,2,FALSE()),IF(J43=4,VLOOKUP(K43+4,TPMatrix!$D$6:$E$9,2,FALSE()),0)),"") -> 0 | Q43: =SUM(L43:P43)/COUNT(L43:P43) -> 0 | R43: =COUNT(L43:P43) -> 5 | S43: =IF(ISNUMBER($A43),COUNTIF($D$7:$D$306,$D43),0) -> 0 | T43: =CEILING($F43,1) -> 0 | U43: =SUM(OFFSET(T43,-MOD(ROW()-ROW($U$7),5),0,5,1)) -> 0 | W43: =$I43 | X43: =IF(ISNUMBER($A43),$W43*(Methuselahs!$A$4+1)+$A43,"") | Y43: =IF(ISNUMBER($A43),RANK($X43,$X43:$X47,1),"") | Z43: =IF(ISNUMBER($A43),VLOOKUP($A43,Methuselahs!$A$7:$X$306,5),"") | AA43: =$I43
A44: =IF(ISBLANK('Tournament Info'!$B$11),"",INDIRECT(ADDRESS(ROW(),1,1,1,"Optimal Seating "&'Tournament Info'!$B$11-1&"R+F"))) | B44: =IF(ISNUMBER(A44),VLOOKUP(A44,Methuselahs!$A$7:$E$306,2,FALSE()),"") | C44: =IF(ISNUMBER(A44),VLOOKUP(A44,Methuselahs!$A$7:$E$306,3,FALSE()),"") | D44: =IF(ISNUMBER(A44),FLOOR((ROW()-ROW($A$7))/5,1)+1,"") | F44: =IF(ISNUMBER(E44),E44,0) -> 0 | G44: =IF(ISNUMBER($A44),IF(AND($F44>=2,$H44=60),1,0),"") | H44: =IF(ISNUMBER(A44),IF(OR($S44=$U44,NOT(ISNA(MATCH($D44*5+$V$4,Override!$C$6:$C$125,0)))),$Q44,0),"") | I44: =IF(ISNUMBER(A44),IF(J44=5,K44,IF(AND(J44=4,OR(K44=4,K44=3)),K44+1,K44)),"") | J44: =COUNT(A42:A46) -> 0 | K44: =IF(ISNUMBER(A44),RANK(F44,F42:F46),"") | L44: =IF(J44=5,VLOOKUP(K44,TPMatrix!$A$6:$B$10,2,FALSE()),IF(J44=4,VLOOKUP(K44,TPMatrix!$D$6:$E$9,2,FALSE()),0)) -> 0 | M44: =IF(COUNTIF(K42:K46,K44)>=2,IF(J44=5,VLOOKUP(K44+1,TPMatrix!$A$6:$B$10,2,FALSE()),IF(J44=4,VLOOKUP(K44+1,TPMatrix!$D$6:$E$9,2,FALSE()),0)),"") -> 0 | N44: =IF(COUNTIF(K42:K46,K44)>=3,IF(J44=5,VLOOKUP(K44+2,TPMatrix!$A$6:$B$10,2,FALSE()),IF(J44=4,VLOOKUP(K44+2,TPMatrix!$D$6:$E$9,2,FALSE()),0)),"") -> 0 | O44: =IF(COUNTIF(K42:K46,K44)>=4,IF(J44=5,VLOOKUP(K44+3,TPMatrix!$A$6:$B$10,2,FALSE()),IF(J44=4,VLOOKUP(K44+3,TPMatrix!$D$6:$E$9,2,FALSE()),0)),"") -> 0 | P44: =IF(COUNTIF(K42:K46,K44)>=5,IF(J44=5,VLOOKUP(K44+4,TPMatrix!$A$6:$B$10,2,FALSE()),IF(J44=4,VLOOKUP(K44+4,TPMatrix!$D$6:$E$9,2,FALSE()),0)),"") -> 0 | Q44: =SUM(L44:P44)/COUNT(L44:P44) -> 0 | R44: =COUNT(L44:P44) -> 5 | S44: =IF(ISNUMBER($A44),COUNTIF($D$7:$D$306,$D44),0) -> 0 | T44: =CEILING($F44,1) -> 0 | U44: =SUM(OFFSET(T44,-MOD(ROW()-ROW($U$7),5),0,5,1)) -> 0 | W44: =$I44 | X44: =IF(ISNUMBER($A44),$W44*(Methuselahs!$A$4+1)+$A44,"") | Y44: =IF(ISNUMBER($A44),RANK($X44,$X44:$X48,1),"") | Z44: =IF(ISNUMBER($A44),VLOOKUP($A44,Methuselahs!$A$7:$X$306,5),"") | AA44: =$I44
A45: =IF(ISBLANK('Tournament Info'!$B$11),"",INDIRECT(ADDRESS(ROW(),1,1,1,"Optimal Seating "&'Tournament Info'!$B$11-1&"R+F"))) | B45: =IF(ISNUMBER(A45),VLOOKUP(A45,Methuselahs!$A$7:$E$306,2,FALSE()),"") | C45: =IF(ISNUMBER(A45),VLOOKUP(A45,Methuselahs!$A$7:$E$306,3,FALSE()),"") | D45: =IF(ISNUMBER(A45),FLOOR((ROW()-ROW($A$7))/5,1)+1,"") | F45: =IF(ISNUMBER(E45),E45,0) -> 0 | G45: =IF(ISNUMBER($A45),IF(AND($F45>=2,$H45=60),1,0),"") | H45: =IF(ISNUMBER(A45),IF(OR($S45=$U45,NOT(ISNA(MATCH($D45*5+$V$4,Override!$C$6:$C$125,0)))),$Q45,0),"") | I45: =IF(ISNUMBER(A45),IF(J45=5,K45,IF(AND(J45=4,OR(K45=4,K45=3)),K45+1,K45)),"") | J45: =COUNT(A42:A46) -> 0 | K45: =IF(ISNUMBER(A45),RANK(F45,F42:F46),"") | L45: =IF(J45=5,VLOOKUP(K45,TPMatrix!$A$6:$B$10,2,FALSE()),IF(J45=4,VLOOKUP(K45,TPMatrix!$D$6:$E$9,2,FALSE()),0)) -> 0 | M45: =IF(COUNTIF(K42:K46,K45)>=2,IF(J45=5,VLOOKUP(K45+1,TPMatrix!$A$6:$B$10,2,FALSE()),IF(J45=4,VLOOKUP(K45+1,TPMatrix!$D$6:$E$9,2,FALSE()),0)),"") -> 0 | N45: =IF(COUNTIF(K42:K46,K45)>=3,IF(J45=5,VLOOKUP(K45+2,TPMatrix!$A$6:$B$10,2,FALSE()),IF(J45=4,VLOOKUP(K45+2,TPMatrix!$D$6:$E$9,2,FALSE()),0)),"") -> 0 | O45: =IF(COUNTIF(K42:K46,K45)>=4,IF(J45=5,VLOOKUP(K45+3,TPMatrix!$A$6:$B$10,2,FALSE()),IF(J45=4,VLOOKUP(K45+3,TPMatrix!$D$6:$E$9,2,FALSE()),0)),"") -> 0 | P45: =IF(COUNTIF(K42:K46,K45)>=5,IF(J45=5,VLOOKUP(K45+4,TPMatrix!$A$6:$B$10,2,FALSE()),IF(J45=4,VLOOKUP(K45+4,TPMatrix!$D$6:$E$9,2,FALSE()),0)),"") -> 0 | Q45: =SUM(L45:P45)/COUNT(L45:P45) -> 0 | R45: =COUNT(L45:P45) -> 5 | S45: =IF(ISNUMBER($A45),COUNTIF($D$7:$D$306,$D45),0) -> 0 | T45: =CEILING($F45,1) -> 0 | U45: =SUM(OFFSET(T45,-MOD(ROW()-ROW($U$7),5),0,5,1)) -> 0 | W45: =$I45 | X45: =IF(ISNUMBER($A45),$W45*(Methuselahs!$A$4+1)+$A45,"") | Y45: =IF(ISNUMBER($A45),RANK($X45,$X45:$X49,1),"") | Z45: =IF(ISNUMBER($A45),VLOOKUP($A45,Methuselahs!$A$7:$X$306,5),"") | AA45: =$I45
A46: =IF(ISBLANK('Tournament Info'!$B$11),"",INDIRECT(ADDRESS(ROW(),1,1,1,"Optimal Seating "&'Tournament Info'!$B$11-1&"R+F"))) | B46: =IF(ISNUMBER(A46),VLOOKUP(A46,Methuselahs!$A$7:$E$306,2,FALSE()),"") | C46: =IF(ISNUMBER(A46),VLOOKUP(A46,Methuselahs!$A$7:$E$306,3,FALSE()),"") | D46: =IF(ISNUMBER(A46),FLOOR((ROW()-ROW($A$7))/5,1)+1,"") | F46: =IF(ISNUMBER(E46),E46,0) -> 0 | G46: =IF(ISNUMBER($A46),IF(AND($F46>=2,$H46=60),1,0),"") | H46: =IF(ISNUMBER(A46),IF(OR($S46=$U46,NOT(ISNA(MATCH($D46*5+$V$4,Override!$C$6:$C$125,0)))),$Q46,0),"") | I46: =IF(ISNUMBER(A46),IF(J46=5,K46,IF(AND(J46=4,OR(K46=4,K46=3)),K46+1,K46)),"") | J46: =COUNT(A42:A46) -> 0 | K46: =IF(ISNUMBER(A46),RANK(F46,F42:F46),"") | L46: =IF(J46=5,VLOOKUP(K46,TPMatrix!$A$6:$B$10,2,FALSE()),IF(J46=4,VLOOKUP(K46,TPMatrix!$D$6:$E$9,2,FALSE()),0)) -> 0 | M46: =IF(COUNTIF(K42:K46,K46)>=2,IF(J46=5,VLOOKUP(K46+1,TPMatrix!$A$6:$B$10,2,FALSE()),IF(J46=4,VLOOKUP(K46+1,TPMatrix!$D$6:$E$9,2,FALSE()),0)),"") -> 0 | N46: =IF(COUNTIF(K42:K46,K46)>=3,IF(J46=5,VLOOKUP(K46+2,TPMatrix!$A$6:$B$10,2,FALSE()),IF(J46=4,VLOOKUP(K46+2,TPMatrix!$D$6:$E$9,2,FALSE()),0)),"") -> 0 | O46: =IF(COUNTIF(K42:K46,K46)>=4,IF(J46=5,VLOOKUP(K46+3,TPMatrix!$A$6:$B$10,2,FALSE()),IF(J46=4,VLOOKUP(K46+3,TPMatrix!$D$6:$E$9,2,FALSE()),0)),"") -> 0 | P46: =IF(COUNTIF(K42:K46,K46)>=5,IF(J46=5,VLOOKUP(K46+4,TPMatrix!$A$6:$B$10,2,FALSE()),IF(J46=4,VLOOKUP(K46+4,TPMatrix!$D$6:$E$9,2,FALSE()),0)),"") -> 0 | Q46: =SUM(L46:P46)/COUNT(L46:P46) -> 0 | R46: =COUNT(L46:P46) -> 5 | S46: =IF(ISNUMBER($A46),COUNTIF($D$7:$D$306,$D46),0) -> 0 | T46: =CEILING($F46,1) -> 0 | U46: =SUM(OFFSET(T46,-MOD(ROW()-ROW($U$7),5),0,5,1)) -> 0 | W46: =$I46 | X46: =IF(ISNUMBER($A46),$W46*(Methuselahs!$A$4+1)+$A46,"") | Y46: =IF(ISNUMBER($A46),RANK($X46,$X46:$X50,1),"") | Z46: =IF(ISNUMBER($A46),VLOOKUP($A46,Methuselahs!$A$7:$X$306,5),"") | AA46: =$I46
A47: =IF(ISBLANK('Tournament Info'!$B$11),"",INDIRECT(ADDRESS(ROW(),1,1,1,"Optimal Seating "&'Tournament Info'!$B$11-1&"R+F"))) | B47: =IF(ISNUMBER(A47),VLOOKUP(A47,Methuselahs!$A$7:$E$306,2,FALSE()),"") | C47: =IF(ISNUMBER(A47),VLOOKUP(A47,Methuselahs!$A$7:$E$306,3,FALSE()),"") | D47: =IF(ISNUMBER(A47),FLOOR((ROW()-ROW($A$7))/5,1)+1,"") | F47: =IF(ISNUMBER(E47),E47,0) -> 0 | G47: =IF(ISNUMBER($A47),IF(AND($F47>=2,$H47=60),1,0),"") | H47: =IF(ISNUMBER(A47),IF(OR($S47=$U47,NOT(ISNA(MATCH($D47*5+$V$4,Override!$C$6:$C$125,0)))),$Q47,0),"") | I47: =IF(ISNUMBER(A47),IF(J47=5,K47,IF(AND(J47=4,OR(K47=4,K47=3)),K47+1,K47)),"") | J47: =COUNT(A47:A51) -> 0 | K47: =IF(ISNUMBER(A47),RANK(F47,F47:F51),"") | L47: =IF(J47=5,VLOOKUP(K47,TPMatrix!$A$6:$B$10,2,FALSE()),IF(J47=4,VLOOKUP(K47,TPMatrix!$D$6:$E$9,2,FALSE()),0)) -> 0 | M47: =IF(COUNTIF(K47:K51,K47)>=2,IF(J47=5,VLOOKUP(K47+1,TPMatrix!$A$6:$B$10,2,FALSE()),IF(J47=4,VLOOKUP(K47+1,TPMatrix!$D$6:$E$9,2,FALSE()),0)),"") -> 0 | N47: =IF(COUNTIF(K47:K51,K47)>=3,IF(J47=5,VLOOKUP(K47+2,TPMatrix!$A$6:$B$10,2,FALSE()),IF(J47=4,VLOOKUP(K47+2,TPMatrix!$D$6:$E$9,2,FALSE()),0)),"") -> 0 | O47: =IF(COUNTIF(K47:K51,K47)>=4,IF(J47=5,VLOOKUP(K47+3,TPMatrix!$A$6:$B$10,2,FALSE()),IF(J47=4,VLOOKUP(K47+3,TPMatrix!$D$6:$E$9,2,FALSE()),0)),"") -> 0 | P47: =IF(COUNTIF(K47:K51,K47)>=5,IF(J47=5,VLOOKUP(K47+4,TPMatrix!$A$6:$B$10,2,FALSE()),IF(J47=4,VLOOKUP(K47+4,TPMatrix!$D$6:$E$9,2,FALSE()),0)),"") -> 0 | Q47: =SUM(L47:P47)/COUNT(L47:P47) -> 0 | R47: =COUNT(L47:P47) -> 5 | S47: =IF(ISNUMBER($A47),COUNTIF($D$7:$D$306,$D47),0) -> 0 | T47: =CEILING($F47,1) -> 0 | U47: =SUM(OFFSET(T47,-MOD(ROW()-ROW($U$7),5),0,5,1)) -> 0 | W47: =$I47 | X47: =IF(ISNUMBER($A47),$W47*(Methuselahs!$A$4+1)+$A47,"") | Y47: =IF(ISNUMBER($A47),RANK($X47,$X47:$X51,1),"") | Z47: =IF(ISNUMBER($A47),VLOOKUP($A47,Methuselahs!$A$7:$X$306,5),"") | AA47: =$I47
A48: =IF(ISBLANK('Tournament Info'!$B$11),"",INDIRECT(ADDRESS(ROW(),1,1,1,"Optimal Seating "&'Tournament Info'!$B$11-1&"R+F"))) | B48: =IF(ISNUMBER(A48),VLOOKUP(A48,Methuselahs!$A$7:$E$306,2,FALSE()),"") | C48: =IF(ISNUMBER(A48),VLOOKUP(A48,Methuselahs!$A$7:$E$306,3,FALSE()),"") | D48: =IF(ISNUMBER(A48),FLOOR((ROW()-ROW($A$7))/5,1)+1,"") | F48: =IF(ISNUMBER(E48),E48,0) -> 0 | G48: =IF(ISNUMBER($A48),IF(AND($F48>=2,$H48=60),1,0),"") | H48: =IF(ISNUMBER(A48),IF(OR($S48=$U48,NOT(ISNA(MATCH($D48*5+$V$4,Override!$C$6:$C$125,0)))),$Q48,0),"") | I48: =IF(ISNUMBER(A48),IF(J48=5,K48,IF(AND(J48=4,OR(K48=4,K48=3)),K48+1,K48)),"") | J48: =COUNT(A47:A51) -> 0 | K48: =IF(ISNUMBER(A48),RANK(F48,F47:F51),"") | L48: =IF(J48=5,VLOOKUP(K48,TPMatrix!$A$6:$B$10,2,FALSE()),IF(J48=4,VLOOKUP(K48,TPMatrix!$D$6:$E$9,2,FALSE()),0)) -> 0 | M48: =IF(COUNTIF(K47:K51,K48)>=2,IF(J48=5,VLOOKUP(K48+1,TPMatrix!$A$6:$B$10,2,FALSE()),IF(J48=4,VLOOKUP(K48+1,TPMatrix!$D$6:$E$9,2,FALSE()),0)),"") -> 0 | N48: =IF(COUNTIF(K47:K51,K48)>=3,IF(J48=5,VLOOKUP(K48+2,TPMatrix!$A$6:$B$10,2,FALSE()),IF(J48=4,VLOOKUP(K48+2,TPMatrix!$D$6:$E$9,2,FALSE()),0)),"") -> 0 | O48: =IF(COUNTIF(K47:K51,K48)>=4,IF(J48=5,VLOOKUP(K48+3,TPMatrix!$A$6:$B$10,2,FALSE()),IF(J48=4,VLOOKUP(K48+3,TPMatrix!$D$6:$E$9,2,FALSE()),0)),"") -> 0 | P48: =IF(COUNTIF(K47:K51,K48)>=5,IF(J48=5,VLOOKUP(K48+4,TPMatrix!$A$6:$B$10,2,FALSE()),IF(J48=4,VLOOKUP(K48+4,TPMatrix!$D$6:$E$9,2,FALSE()),0)),"") -> 0 | Q48: =SUM(L48:P48)/COUNT(L48:P48) -> 0 | R48: =COUNT(L48:P48) -> 5 | S48: =IF(ISNUMBER($A48),COUNTIF($D$7:$D$306,$D48),0) -> 0 | T48: =CEILING($F48,1) -> 0 | U48: =SUM(OFFSET(T48,-MOD(ROW()-ROW($U$7),5),0,5,1)) -> 0 | W48: =$I48 | X48: =IF(ISNUMBER($A48),$W48*(Methuselahs!$A$4+1)+$A48,"") | Y48: =IF(ISNUMBER($A48),RANK($X48,$X48:$X52,1),"") | Z48: =IF(ISNUMBER($A48),VLOOKUP($A48,Methuselahs!$A$7:$X$306,5),"") | AA48: =$I48
A49: =IF(ISBLANK('Tournament Info'!$B$11),"",INDIRECT(ADDRESS(ROW(),1,1,1,"Optimal Seating "&'Tournament Info'!$B$11-1&"R+F"))) | B49: =IF(ISNUMBER(A49),VLOOKUP(A49,Methuselahs!$A$7:$E$306,2,FALSE()),"") | C49: =IF(ISNUMBER(A49),VLOOKUP(A49,Methuselahs!$A$7:$E$306,3,FALSE()),"") | D49: =IF(ISNUMBER(A49),FLOOR((ROW()-ROW($A$7))/5,1)+1,"") | F49: =IF(ISNUMBER(E49),E49,0) -> 0 | G49: =IF(ISNUMBER($A49),IF(AND($F49>=2,$H49=60),1,0),"") | H49: =IF(ISNUMBER(A49),IF(OR($S49=$U49,NOT(ISNA(MATCH($D49*5+$V$4,Override!$C$6:$C$125,0)))),$Q49,0),"") | I49: =IF(ISNUMBER(A49),IF(J49=5,K49,IF(AND(J49=4,OR(K49=4,K49=3)),K49+1,K49)),"") | J49: =COUNT(A47:A51) -> 0 | K49: =IF(ISNUMBER(A49),RANK(F49,F47:F51),"") | L49: =IF(J49=5,VLOOKUP(K49,TPMatrix!$A$6:$B$10,2,FALSE()),IF(J49=4,VLOOKUP(K49,TPMatrix!$D$6:$E$9,2,FALSE()),0)) -> 0 | M49: =IF(COUNTIF(K47:K51,K49)>=2,IF(J49=5,VLOOKUP(K49+1,TPMatrix!$A$6:$B$10,2,FALSE()),IF(J49=4,VLOOKUP(K49+1,TPMatrix!$D$6:$E$9,2,FALSE()),0)),"") -> 0 | N49: =IF(COUNTIF(K47:K51,K49)>=3,IF(J49=5,VLOOKUP(K49+2,TPMatrix!$A$6:$B$10,2,FALSE()),IF(J49=4,VLOOKUP(K49+2,TPMatrix!$D$6:$E$9,2,FALSE()),0)),"") -> 0 | O49: =IF(COUNTIF(K47:K51,K49)>=4,IF(J49=5,VLOOKUP(K49+3,TPMatrix!$A$6:$B$10,2,FALSE()),IF(J49=4,VLOOKUP(K49+3,TPMatrix!$D$6:$E$9,2,FALSE()),0)),"") -> 0 | P49: =IF(COUNTIF(K47:K51,K49)>=5,IF(J49=5,VLOOKUP(K49+4,TPMatrix!$A$6:$B$10,2,FALSE()),IF(J49=4,VLOOKUP(K49+4,TPMatrix!$D$6:$E$9,2,FALSE()),0)),"") -> 0 | Q49: =SUM(L49:P49)/COUNT(L49:P49) -> 0 | R49: =COUNT(L49:P49) -> 5 | S49: =IF(ISNUMBER($A49),COUNTIF($D$7:$D$306,$D49),0) -> 0 | T49: =CEILING($F49,1) -> 0 | U49: =SUM(OFFSET(T49,-MOD(ROW()-ROW($U$7),5),0,5,1)) -> 0 | W49: =$I49 | X49: =IF(ISNUMBER($A49),$W49*(Methuselahs!$A$4+1)+$A49,"") | Y49: =IF(ISNUMBER($A49),RANK($X49,$X49:$X53,1),"") | Z49: =IF(ISNUMBER($A49),VLOOKUP($A49,Methuselahs!$A$7:$X$306,5),"") | AA49: =$I49
A50: =IF(ISBLANK('Tournament Info'!$B$11),"",INDIRECT(ADDRESS(ROW(),1,1,1,"Optimal Seating "&'Tournament Info'!$B$11-1&"R+F"))) | B50: =IF(ISNUMBER(A50),VLOOKUP(A50,Methuselahs!$A$7:$E$306,2,FALSE()),"") | C50: =IF(ISNUMBER(A50),VLOOKUP(A50,Methuselahs!$A$7:$E$306,3,FALSE()),"") | D50: =IF(ISNUMBER(A50),FLOOR((ROW()-ROW($A$7))/5,1)+1,"") | F50: =IF(ISNUMBER(E50),E50,0) -> 0 | G50: =IF(ISNUMBER($A50),IF(AND($F50>=2,$H50=60),1,0),"") | H50: =IF(ISNUMBER(A50),IF(OR($S50=$U50,NOT(ISNA(MATCH($D50*5+$V$4,Override!$C$6:$C$125,0)))),$Q50,0),"") | I50: =IF(ISNUMBER(A50),IF(J50=5,K50,IF(AND(J50=4,OR(K50=4,K50=3)),K50+1,K50)),"") | J50: =COUNT(A47:A51) -> 0 | K50: =IF(ISNUMBER(A50),RANK(F50,F47:F51),"") | L50: =IF(J50=5,VLOOKUP(K50,TPMatrix!$A$6:$B$10,2,FALSE()),IF(J50=4,VLOOKUP(K50,TPMatrix!$D$6:$E$9,2,FALSE()),0)) -> 0 | M50: =IF(COUNTIF(K47:K51,K50)>=2,IF(J50=5,VLOOKUP(K50+1,TPMatrix!$A$6:$B$10,2,FALSE()),IF(J50=4,VLOOKUP(K50+1,TPMatrix!$D$6:$E$9,2,FALSE()),0)),"") -> 0 | N50: =IF(COUNTIF(K47:K51,K50)>=3,IF(J50=5,VLOOKUP(K50+2,TPMatrix!$A$6:$B$10,2,FALSE()),IF(J50=4,VLOOKUP(K50+2,TPMatrix!$D$6:$E$9,2,FALSE()),0)),"") -> 0 | O50: =IF(COUNTIF(K47:K51,K50)>=4,IF(J50=5,VLOOKUP(K50+3,TPMatrix!$A$6:$B$10,2,FALSE()),IF(J50=4,VLOOKUP(K50+3,TPMatrix!$D$6:$E$9,2,FALSE()),0)),"") -> 0 | P50: =IF(COUNTIF(K47:K51,K50)>=5,IF(J50=5,VLOOKUP(K50+4,TPMatrix!$A$6:$B$10,2,FALSE()),IF(J50=4,VLOOKUP(K50+4,TPMatrix!$D$6:$E$9,2,FALSE()),0)),"") -> 0 | Q50: =SUM(L50:P50)/COUNT(L50:P50) -> 0 | R50: =COUNT(L50:P50) -> 5 | S50: =IF(ISNUMBER($A50),COUNTIF($D$7:$D$306,$D50),0) -> 0 | T50: =CEILING($F50,1) -> 0 | U50: =SUM(OFFSET(T50,-MOD(ROW()-ROW($U$7),5),0,5,1)) -> 0 | W50: =$I50 | X50: =IF(ISNUMBER($A50),$W50*(Methuselahs!$A$4+1)+$A50,"") | Y50: =IF(ISNUMBER($A50),RANK($X50,$X50:$X54,1),"") | Z50: =IF(ISNUMBER($A50),VLOOKUP($A50,Methuselahs!$A$7:$X$306,5),"") | AA50: =$I50
A51: =IF(ISBLANK('Tournament Info'!$B$11),"",INDIRECT(ADDRESS(ROW(),1,1,1,"Optimal Seating "&'Tournament Info'!$B$11-1&"R+F"))) | B51: =IF(ISNUMBER(A51),VLOOKUP(A51,Methuselahs!$A$7:$E$306,2,FALSE()),"") | C51: =IF(ISNUMBER(A51),VLOOKUP(A51,Methuselahs!$A$7:$E$306,3,FALSE()),"") | D51: =IF(ISNUMBER(A51),FLOOR((ROW()-ROW($A$7))/5,1)+1,"") | F51: =IF(ISNUMBER(E51),E51,0) -> 0 | G51: =IF(ISNUMBER($A51),IF(AND($F51>=2,$H51=60),1,0),"") | H51: =IF(ISNUMBER(A51),IF(OR($S51=$U51,NOT(ISNA(MATCH($D51*5+$V$4,Override!$C$6:$C$125,0)))),$Q51,0),"") | I51: =IF(ISNUMBER(A51),IF(J51=5,K51,IF(AND(J51=4,OR(K51=4,K51=3)),K51+1,K51)),"") | J51: =COUNT(A47:A51) -> 0 | K51: =IF(ISNUMBER(A51),RANK(F51,F47:F51),"") | L51: =IF(J51=5,VLOOKUP(K51,TPMatrix!$A$6:$B$10,2,FALSE()),IF(J51=4,VLOOKUP(K51,TPMatrix!$D$6:$E$9,2,FALSE()),0)) -> 0 | M51: =IF(COUNTIF(K47:K51,K51)>=2,IF(J51=5,VLOOKUP(K51+1,TPMatrix!$A$6:$B$10,2,FALSE()),IF(J51=4,VLOOKUP(K51+1,TPMatrix!$D$6:$E$9,2,FALSE()),0)),"") -> 0 | N51: =IF(COUNTIF(K47:K51,K51)>=3,IF(J51=5,VLOOKUP(K51+2,TPMatrix!$A$6:$B$10,2,FALSE()),IF(J51=4,VLOOKUP(K51+2,TPMatrix!$D$6:$E$9,2,FALSE()),0)),"") -> 0 | O51: =IF(COUNTIF(K47:K51,K51)>=4,IF(J51=5,VLOOKUP(K51+3,TPMatrix!$A$6:$B$10,2,FALSE()),IF(J51=4,VLOOKUP(K51+3,TPMatrix!$D$6:$E$9,2,FALSE()),0)),"") -> 0 | P51: =IF(COUNTIF(K47:K51,K51)>=5,IF(J51=5,VLOOKUP(K51+4,TPMatrix!$A$6:$B$10,2,FALSE()),IF(J51=4,VLOOKUP(K51+4,TPMatrix!$D$6:$E$9,2,FALSE()),0)),"") -> 0 | Q51: =SUM(L51:P51)/COUNT(L51:P51) -> 0 | R51: =COUNT(L51:P51) -> 5 | S51: =IF(ISNUMBER($A51),COUNTIF($D$7:$D$306,$D51),0) -> 0 | T51: =CEILING($F51,1) -> 0 | U51: =SUM(OFFSET(T51,-MOD(ROW()-ROW($U$7),5),0,5,1)) -> 0 | W51: =$I51 | X51: =IF(ISNUMBER($A51),$W51*(Methuselahs!$A$4+1)+$A51,"") | Y51: =IF(ISNUMBER($A51),RANK($X51,$X51:$X55,1),"") | Z51: =IF(ISNUMBER($A51),VLOOKUP($A51,Methuselahs!$A$7:$X$306,5),"") | AA51: =$I51
A52: =IF(ISBLANK('Tournament Info'!$B$11),"",INDIRECT(ADDRESS(ROW(),1,1,1,"Optimal Seating "&'Tournament Info'!$B$11-1&"R+F"))) | B52: =IF(ISNUMBER(A52),VLOOKUP(A52,Methuselahs!$A$7:$E$306,2,FALSE()),"") | C52: =IF(ISNUMBER(A52),VLOOKUP(A52,Methuselahs!$A$7:$E$306,3,FALSE()),"") | D52: =IF(ISNUMBER(A52),FLOOR((ROW()-ROW($A$7))/5,1)+1,"") | F52: =IF(ISNUMBER(E52),E52,0) -> 0 | G52: =IF(ISNUMBER($A52),IF(AND($F52>=2,$H52=60),1,0),"") | H52: =IF(ISNUMBER(A52),IF(OR($S52=$U52,NOT(ISNA(MATCH($D52*5+$V$4,Override!$C$6:$C$125,0)))),$Q52,0),"") | I52: =IF(ISNUMBER(A52),IF(J52=5,K52,IF(AND(J52=4,OR(K52=4,K52=3)),K52+1,K52)),"") | J52: =COUNT(A52:A56) -> 0 | K52: =IF(ISNUMBER(A52),RANK(F52,F52:F56),"") | L52: =IF(J52=5,VLOOKUP(K52,TPMatrix!$A$6:$B$10,2,FALSE()),IF(J52=4,VLOOKUP(K52,TPMatrix!$D$6:$E$9,2,FALSE()),0)) -> 0 | M52: =IF(COUNTIF(K52:K56,K52)>=2,IF(J52=5,VLOOKUP(K52+1,TPMatrix!$A$6:$B$10,2,FALSE()),IF(J52=4,VLOOKUP(K52+1,TPMatrix!$D$6:$E$9,2,FALSE()),0)),"") -> 0 | N52: =IF(COUNTIF(K52:K56,K52)>=3,IF(J52=5,VLOOKUP(K52+2,TPMatrix!$A$6:$B$10,2,FALSE()),IF(J52=4,VLOOKUP(K52+2,TPMatrix!$D$6:$E$9,2,FALSE()),0)),"") -> 0 | O52: =IF(COUNTIF(K52:K56,K52)>=4,IF(J52=5,VLOOKUP(K52+3,TPMatrix!$A$6:$B$10,2,FALSE()),IF(J52=4,VLOOKUP(K52+3,TPMatrix!$D$6:$E$9,2,FALSE()),0)),"") -> 0 | P52: =IF(COUNTIF(K52:K56,K52)>=5,IF(J52=5,VLOOKUP(K52+4,TPMatrix!$A$6:$B$10,2,FALSE()),IF(J52=4,VLOOKUP(K52+4,TPMatrix!$D$6:$E$9,2,FALSE()),0)),"") -> 0 | Q52: =SUM(L52:P52)/COUNT(L52:P52) -> 0 | R52: =COUNT(L52:P52) -> 5 | S52: =IF(ISNUMBER($A52),COUNTIF($D$7:$D$306,$D52),0) -> 0 | T52: =CEILING($F52,1) -> 0 | U52: =SUM(OFFSET(T52,-MOD(ROW()-ROW($U$7),5),0,5,1)) -> 0 | W52: =$I52 | X52: =IF(ISNUMBER($A52),$W52*(Methuselahs!$A$4+1)+$A52,"") | Y52: =IF(ISNUMBER($A52),RANK($X52,$X52:$X56,1),"") | Z52: =IF(ISNUMBER($A52),VLOOKUP($A52,Methuselahs!$A$7:$X$306,5),"") | AA52: =$I52
A53: =IF(ISBLANK('Tournament Info'!$B$11),"",INDIRECT(ADDRESS(ROW(),1,1,1,"Optimal Seating "&'Tournament Info'!$B$11-1&"R+F"))) | B53: =IF(ISNUMBER(A53),VLOOKUP(A53,Methuselahs!$A$7:$E$306,2,FALSE()),"") | C53: =IF(ISNUMBER(A53),VLOOKUP(A53,Methuselahs!$A$7:$E$306,3,FALSE()),"") | D53: =IF(ISNUMBER(A53),FLOOR((ROW()-ROW($A$7))/5,1)+1,"") | F53: =IF(ISNUMBER(E53),E53,0) -> 0 | G53: =IF(ISNUMBER($A53),IF(AND($F53>=2,$H53=60),1,0),"") | H53: =IF(ISNUMBER(A53),IF(OR($S53=$U53,NOT(ISNA(MATCH($D53*5+$V$4,Override!$C$6:$C$125,0)))),$Q53,0),"") | I53: =IF(ISNUMBER(A53),IF(J53=5,K53,IF(AND(J53=4,OR(K53=4,K53=3)),K53+1,K53)),"") | J53: =COUNT(A52:A56) -> 0 | K53: =IF(ISNUMBER(A53),RANK(F53,F52:F56),"") | L53: =IF(J53=5,VLOOKUP(K53,TPMatrix!$A$6:$B$10,2,FALSE()),IF(J53=4,VLOOKUP(K53,TPMatrix!$D$6:$E$9,2,FALSE()),0)) -> 0 | M53: =IF(COUNTIF(K52:K56,K53)>=2,IF(J53=5,VLOOKUP(K53+1,TPMatrix!$A$6:$B$10,2,FALSE()),IF(J53=4,VLOOKUP(K53+1,TPMatrix!$D$6:$E$9,2,FALSE()),0)),"") -> 0 | N53: =IF(COUNTIF(K52:K56,K53)>=3,IF(J53=5,VLOOKUP(K53+2,TPMatrix!$A$6:$B$10,2,FALSE()),IF(J53=4,VLOOKUP(K53+2,TPMatrix!$D$6:$E$9,2,FALSE()),0)),"") -> 0 | O53: =IF(COUNTIF(K52:K56,K53)>=4,IF(J53=5,VLOOKUP(K53+3,TPMatrix!$A$6:$B$10,2,FALSE()),IF(J53=4,VLOOKUP(K53+3,TPMatrix!$D$6:$E$9,2,FALSE()),0)),"") -> 0 | P53: =IF(COUNTIF(K52:K56,K53)>=5,IF(J53=5,VLOOKUP(K53+4,TPMatrix!$A$6:$B$10,2,FALSE()),IF(J53=4,VLOOKUP(K53+4,TPMatrix!$D$6:$E$9,2,FALSE()),0)),"") -> 0 | Q53: =SUM(L53:P53)/COUNT(L53:P53) -> 0 | R53: =COUNT(L53:P53) -> 5 | S53: =IF(ISNUMBER($A53),COUNTIF($D$7:$D$306,$D53),0) -> 0 | T53: =CEILING($F53,1) -> 0 | U53: =SUM(OFFSET(T53,-MOD(ROW()-ROW($U$7),5),0,5,1)) -> 0 | W53: =$I53 | X53: =IF(ISNUMBER($A53),$W53*(Methuselahs!$A$4+1)+$A53,"") | Y53: =IF(ISNUMBER($A53),RANK($X53,$X53:$X57,1),"") | Z53: =IF(ISNUMBER($A53),VLOOKUP($A53,Methuselahs!$A$7:$X$306,5),"") | AA53: =$I53
