Workbook
Name MPlayerNo: Methuselahs!$A$7:$A$206

Sheet Instructions
A1: The Archon (v1.5k)
A2: The official tournament tracking system for "Vampire: The Eternal Struggle" | E2: originally from the V:TES Rulemonger Website (http://www.geocities.com/vtesrep), updated with genetic results: http://www.vekn.net/forum/generic-v-tes-discussion/77200-optimal-seatings-the-return-of-the-mutant?start=0
A4: The Archon was written by Stephen "The Evil One" Buonocore, and maintained by L. Scott Johnson.
A5: The Archon is currently maintained by Vincent Ripoll.
A6: With updates by Robert Goudie and Pascal Bertrand.
A8: The latest version of The Archon is available for download at
A9: http://www.vekn.net/downloads
A11: What's New:
B12: V1.5k | C12: Added Grand Prix level
B13: V1.5j | C13: Improved seating charts for 3R+F 9-57 players (thanks to Lionel Panhaleux).
B14: V1.5i | C14: Fixed error in 3R+F for 19 players (players 13 and 14 were inverted during R1) and 2R+F for 44 players (the seating introduced in v1.5h was worse).
B15: V1.5h | C15: Fixed unoptimal seatings for 3R+F for 49 players to 200 players, and added seatings for 201-220 players. Reverted to optimal seating for 17 players. Fixed unoptimal seatings for 2R+F for 21 players to 50 players, and added seatings for 51-1210 players.
B16: V1.5g | C16: Fixed unoptimal seatings for 2R+F and 3R+F
B17: V1.5f | C17: Fixed unoptimal seatings introduced in V1.5e due to a flaw in the validation of the new results and some mistakes when reporting the results.
B18: V1.5e | C18: The Archon is now available in xslx (Microsoft Excel) and ods (Libroffice) formats. The old xls format must not be used anymore. Updated the urls. Fixed reversed predator-prey relationships that are authorized by rules 1 and 6, but that should be more important than rule 8 for instance. This applies to the following 3R+F seatings: 17, 19, 20, 21, 23, 27, 31 players
B19: V1.5d | C19: Now using the optimised seatings computed by Vincent (calculations ongoing, current date: 28/06/2015)
B20: V1.5c | C20: Increased the max number of players for 2R+F events, fixed a bug in the 3rd round page in 2R+F events. (Vincent Ripoll). Upgraded the seating for 21-25 players in 2R+F events (Pascal Bertrand) (currently working on the remaining)
B21: V1.5b | C21: Fixed a bug in the chart that made Optimal Seating charts fail to update in OpenOffice.org or LibreOffice. (Jussi Hattara)
B22: V1.5a | C22: Tournament Info sheet made more similar to the Event Registration page of the vekn.net website, where the Event should be registered. Added coefficient for National Qualifiers (0).
B23: V1.4c | C23: Fixed minor issue with seating for 19 players (13 and 14 got switched), and changed the National Event coeff to 0.25 (it was 0.5) (Thanks to Pascal)
... B35: v1.1 | C35: Use Game Wins per the January 2002 update of the V:EKN rules. Enhanced support of optimal seating charts. Corrected 18-player chart.
A38: Instructions for use:
A40: General Instructions
B41: 1 | C41: Welcome to The Archon, the official tournament tracking system for "Vampire: The Eternal Struggle" ("V:TES"). When your tournament is completed and all information within The Archon has been entered, you should immediately send this entire completed workbook to the V:EKN (the "Vampire: Elder Kindred Network"), which is the Official International Players' Organization for V:TES. By sending this to the V:EKN, your players' official V:TES ratings will be updated. See the "Post-Tournament Procedures" below for submitting the results.
C43: Please visit the VEKN web site for all the official information about V:TES and the V:EKN:
C44: http://www.vekn.net
C46: For information on how to run an officially sanctioned V:TES tournament, including the "Request for Sanctioning", "Request for Prize Support", and all other relevant information, please visit the V:TES website, and go to this page:
C47: http://www.vekn.net/how-to-run-a-v-tes-tournament
C49: Officially sanctioned V:TES Tournaments are run according to the V:EKN Tournament Rules. Also, all current V:TES Rules, Rulings, Errata, and Clarifications must be followed. These can be found on the VEKN website on these pages:
C50: http://www.vekn.net/tournament-rules
C51: http://www.vekn.net/rulebook
C52: http://www.vekn.net/general-rulings
C53: http://www.vekn.net/card-rulings
B55: =B41+1 -> 2 | C55: The archon is available in XSLX and ODS format. If you use Microsoft Excel, use the XSLX format; otherwise use the ODS format. Do not save it under another format (eg. If you use the XSLX format, save it only in that format).
B57: =B55+1 -> 3 | C57: Helpful instructions have been embedded in some cells of this spreadsheet, so that you do not have to refer back to this page often. Please point the cursor to the "little red triangle" in the upper-right corner of some cells for help. To see how this works, point to the triangle to the left of this paragraph.
B59: =B57+1 -> 4 | C59: You should save this spreadsheet file under a new name (like the name of your tournament) before beginning to use it. By doing so, you can use this blank spreadsheet again for future tournaments. Use the Menu Bar selection, FILE, then select SAVE AS and enter a new name. After doing this, you can continue to use this spreadsheet to track your V:TES tournament.
B61: =B59+1 -> 5 | C61: This system implements the V:EKN Sanctioned Tournament Rules, and therefore makes certain assumptions (e.g. all tables will have 4 or (optimally) 5 players). Use V:EKN Tournament Rules when utilizing this system.
A64: Setting up and Tracking Your Tournament
B65: =B61+1 -> 6 | C65: Enter the tournament information into the "Tournament Info" sheet.
B66: - | C66: This is freeform text, but is used in other sheets, so please be accurate. The VEKN numbers of the organizer and judges are used for qualification.
B68: =B65+1 -> 7 | C68: Enter all Player information into the "Methuselahs" sheet.
B69: - | C69: 'Player #' = From 1 to N, where N is the number of players in the tournament. Assign a random number to each of the players. This number will be used throughout this program to track the players' ratings, monitor the players' tournament ranking, and determine table seating positions. This is a required field.
B70: - | C70: 'Player First Name' and 'Player Last Name' = Player's name, as listed on their V:EKN membership card. This is a required field. [NOTE: All players without V:EKN memberships must be registered at the tournament to participate in V:EKN events.]
B71: - | C71: 'Player City' = The city where the player lives.
B72: - | C72: V:EKN #' = required for reporting to the V:EKN. Each player must have a V:EKN ID number and be registered on the official V:EKN registry on the V:EKN's website. If a registered player forgets his V:EKN number at the tournament, you must find it in the registry and insert it in the archon prior to reporting tournament results. If a player is new to tournaments (great!), then issue the new player a V:EKN membership card at the tournament and assign the new player a V:EKN ID number either by creating a unique 7-digit number using your 3-digit prince prefix followed by a 4-digit number of your choosing (just making sure you never assign the same 4 digits to more than one new player) if you're a prince (and then enter that information in the player registry online after the tournament) or by going on-line after the tournament and enter the new player into the player registry (letting the system generate a new V:EKN ID number for the new player) and mail the new player a membership card with the V:EKN ID# generated on the website filled in on the membership card.
C73: http://www.vekn.net/player-registry
B75: =B68+1 -> 8 | C75: The Coordinator uses the "Methuselahs" sheet to monitor the progress of the tournament.
C76: Also, additional information may need to be entered on the "Methuselahs" tab as the tournament progresses.
B77: - | C77: DQ Flag = Place ANY text in this field if a Player is removed from the tournament (for whatever reason). This will eliminate the Player from contention for the Final Round. If the player is removed in the middle of a game, you may wind up with fewer VPs awarded than the Archon is expecting. If so, just enter the round and table into the "Override" sheet to let the Archon know that the table is indeed complete. See additional Comments in the DQ Flag column.
B78: - | C78: Status for Final = This will indicate "DQ" (if the DQ Flag has been entered) or "TIE" if 2 or more players are tied for one of the top 5 slots (the Final Round slots). If "TIE" is indicated, a "coin toss" must be made. See "Coin Ranking" field.
B79: - | C79: Coin Ranking = If "TIE" is indicated in the "Status for Final" field, then 2 or more players are tied for one of the Final Round slots. Break each tie individually, using some random method (like a coin toss or a die roll). Once this is done, indicate the results of the "coin toss" by ranking them in this field. For example, if Players A and B were tied, and Player A won the "coin toss", place a 1 in the "Coin Ranking" field for Player A and a 2 in the "Coin Ranking" field for Player B.
B80: - | C80: Adjusted Rank = After any ties have been broken via a "coin toss" (and the "Coin Ranking" has been entered), this column will indicate the results at the end of 3 Rounds. The top 5 Players will automatically be entered into the "Finalists" section of the "Final Round" sheet. Seating for the Final Round (and the entry of this information into the "Final Round" sheet still needs to be done. See Final Round sheet Comments.
B81: - | C81: Final Rank = This will indicate the Final Rank for all Players in the tournament once the Final Round has been completed.
B83: =B75+1 -> 9 | C83: The Players can be shown the "Standings" sheet so that they can monitor their progress in the tournament.
B84: - | C84: The "Standings" sheet is a subset of the information from the "Methuselahs" sheet, and it is more easily readable. It is also fully 'protected', so that a Player cannot accidently change any data. The "Standings" sheet may also be printed for the players between rounds, if a printer is available.
B86: =B83+1 -> 10 | C86: Enter the round-specific information into the "Round" sheets (for each round, as the rounds are played):
B87: - | C87: # = Player Number, to be used to seat players for each round. These are the Player Numbers from the "Methuselahs" sheet, and should be entered manually for each round. [Note: If you have are running a 3+F tournament, the player seating will be automatically entered from the "Optimal Seating" sheet. You can override these values (to handle ejections or additions) by entering the numbers manually. ]
B88: - | C88: Player First Name and Player Last Name = This will be filled in automatically from the "Methuselah" sheet information.
B89: - | C89: Table Number = The number of the table for this group of 5 (or 4) players. As many tables as possible should have 5 players, with all others having 4 players. 3 player and 6 player tables are not permitted under V:EKN rules. This will fill in automatically.
B90: - | C90: GW = Game Win. This is calculated automatically, using V:EKN rules.
B91: - | C91: VPs = Victory Points. These must be entered manually upon completion of the round, and will flow automatically to the "Methuselahs" sheet. [Note: You may leave VPs blank for a player who scores no VPs.]
B92: - | C92: TPs = Tournament Points. These will be calculated for you automatically, using V:EKN rules, and will take into consideration the difference between 4 and 5 player table TP calculations. This is used as a tie breaker for entering the Final Round, and will flow automatically to the "Methuselahs" sheet.
B93: - | C93: Table Rank = The player's Ranking at the table after the completion of the round (after Victory Points [VPs] are manually entered). This is calculated automatically, and it is used to calculate Tournament Points (TPs) automatically.
B94: - | C94: Round Start Time and End Time = These fields are provided so that you may track the length of each round. This is useful when the tournament rounds have time limits.
B96: =B86+1 -> 11 | C96: Seat the Players for the Final Round and enter the Player numbers on the "Final Round" sheet.
B97: - | C97: The "Final Round" sheet is different from the other "Round" sheets. There are two sections for the Players on this sheet:
B98: a. | C98: "Current Leaders"/"Finalists" section: The top section lists the Current Leaders in the tournament. This will change to Finalists when all preliminary rounds have been posted. No changes can be made to this section. If a Finalist becomes ineligible for any reason (disqualification or self-withdrawal), use the DQ Flag on the "Methuselahs" sheet to eliminate the Player from contention. Disqualified players will not show up on the "Final Round" sheet.
B99: b. | C99: "Table Seating" section: Upon completion of the preliminary rounds (and a "coin toss" if necessary), the top 5 Players in the tournament (based on GWs, VPs, and TPs) will be listed in the above "Finalists" section. These 5 players should now be seated in this section. Seating should be done according to the V:EKN Rules. After the seating has been determined, enter the Player numbers into the "Final Round" sheet.
B100: - | C100: Player First Name, Player Last Name, and Table Number (1) will be completed automatically.
B101: - | C101: At the end of the round, enter the VPs for each Player.
C102: [Note: The "Methuselahs" sheet will now accurately reflect the Final Rank of all Players in the tournament.]
A105: Post-Tournament Procedures
B106: =B96+1 -> 12 | C106: Enter any notes, warnings, or miscellaneous information into the "Notes" sheet.
B107: - | C107: On the "Notes" sheet, you may enter any freeform information. It can be used to track warnings, create notes on the tournament and/or the decks for a later tournament report, or to remind yourself of things to do after the tournament. Consider writing notes about questions that you need to ask to Pascal Bertrand, the V:TES Net Rep (Rules@VampireTheEternalStruggle.com) about rulings that you made during the tournament.
B109: =B106+1 -> 13 | C109: Review The Archon to ensure accuracy. This is very important!
B110: - | C110: Perform a thorough check of The Archon to ensure that you have entered all the data correctly. Look particularly at the "Methuselahs" sheet, the "Round" sheets (all of them), and the "Standings" sheet. We want to report good data!
B111: - | C111: When you are sure that The Archon data is correct, submit the Archon on the V:EKN Event module through your event page ( http://www.vekn.net/index.php/event-calendar ). The module can detect a few errors, so be sure to read the error messages it reports in red. Only after this will the rankings of the players be updated. If you have any trouble submitting the archon, please contact the Ratings Coordinator at vtesratings@gmail.com
B113: 14 | C113: Send comments about this system to Vincent Ripoll, the current maintainer of the Archon.
B114: - | C114: I would greatly appreciate any comments that you might have, either positive or negative, regarding this system. After you have used this system at a tournament, please send an email to me at vtesratings@gmail.com, and let me know what you thought. Good suggestions may find their way into a later version of The Archon.

Sheet Tournament Info
A1: =IF(ISBLANK(B3),"Vampire: The Eternal Struggle Tournament",B3) -> Week of Nightmares 2024 - Day 2
A3: Event Name: | B3: Week of Nightmares 2024 - Day 2
A4: Event Date (DD-MON-YY): | B4: 45560
A5: Date Report due at V:EKN: | B5: =IF(B4="","",B4+8) -> 45568
A6: Organizer: | B6: Maciej Broniarz | C6: 6980004
A7: City: | B7: Warsaw
A8: Format (Constructed/Limited): | B8: Constructed | D8: Constructed | E8: Limited
A9: Level (Normal/Qualifier/Championship/Nationals) | B9: Standard Constructed | D9: Standard Constructed | E9: National Qualifier | F9: National Championship | G9: Continental Qualifier | H9: Continental Championship | I9: Grand Prix | J9: Storyline | K9: Limited | L9: Demo | M9: Unsanctioned Tournament
A10: Number of Players: | B10: =Methuselahs!$A$4 -> 32 | D10: 0 | E10: 0 | F10: 0.25 | G10: 0.25 | H10: 1 | I10: 0 | J10: 0 | K10: 0 | L10: 0 | M10: 0
A11: Number of Rounds (including final): | B11: 4 | D11: 3 | E11: 4
A12: Number of Event Matches: | B12: =MAX('Round 1'!D7:D206)+MAX('Round 2'!D7:D206)+MAX('Round 3'!D7:D206)+1 -> 22
A13: Number of New Members: | B13: 0
A14: Number of Warnings Issued: | B14: 0
A15: Number of Disqualifications: | B15: 0
A16: Multi-Judge System Used? | B16: No
A17: Head Judge: | B17: Rafal Nowak | C17: 8549008
A18: Assistant Judges: | C18: =IF(ISBLANK(B18),"","VEKN id")
C19: =IF(ISBLANK(B19),"","VEKN id")
C20: =IF(ISBLANK(B20),"","VEKN id")
C21: =IF(ISBLANK(B21),"","VEKN id")
C22: =IF(ISBLANK(B22),"","VEKN id")
C23: =IF(ISBLANK(B23),"","VEKN id")
C24: =IF(ISBLANK(B24),"","VEKN id")
C25: =IF(ISBLANK(B25),"","VEKN id")
C26: =IF(ISBLANK(B26),"","VEKN id")

Sheet Methuselahs
A1: =IF(ISBLANK('Tournament Info'!B3),"Vampire: The Eternal Struggle Tournament",'Tournament Info'!B3) -> Week of Nightmares 2024 - Day 2 | Z1: =HLOOKUP('Tournament Info'!$B$9,'Tournament Info'!$D$9:$M$10,2,FALSE()) -> 0 | AA1: 90
P2: champ | Q2: nat | R2: norm | S2: qual | T2: reg | Y2: Coef: | Z2: =LOG(MAX($A$4*$A$4,1),15)-1+$Z$1 -> 1.5595802 | AA2: 30
A3: Player Information | O3: 0 | P3: 1 | Q3: 0.25 | R3: 0 | S3: 0.25 | T3: 0 | AA3: 30
A4: =COUNT($A$7:$A$206) -> 32 | B4: players entered | AA4: 30
A5: Player | B5: Player | C5: Player | D5: Player | E5: V:EKN | G5: DQ | H5: Results - Rnds 1, 2, 3 | L5: Status | M5: Coin | N5: Adjusted | O5: VP | P5: TP | Q5: Coin | R5: Real | S5: Flag | T5: Player | U5: Final | V5: CurRank | W5: P# ties | X5: Distinct | Y5: Player | Z5: Final | AA5: 30 | AB5: Rating
A6: Num. | B6: First Name | C6: Last Name | D6: City | E6: Num. | F6: # rnds | G6: Flag | H6: GWs | I6: VPs | J6: TPs | K6: Rank | L6: for Final | M6: Ranking | N6: Rank | O6: =IF(ISERR(MAX($I$7:$I$206)),1,MAX($I$7:$I$206)+1) -> 9 | P6: =IF(ISERR(MAX($J$7:$J$206)),1,MAX($J$7:$J$206)+1) -> 175 | Q6: =IF(ISERR(MAX($M$7:$M$206)),1,MAX($M$7:$M$206)+1) -> 1 | R6: Rank | S6: Ties | T6: Num | U6: Rank | V6: =IF(ISERR(MAX($V$7:$V$206)),1,MAX($V$7:$V$206)+1) -> 33 | W6: =MAX(MPlayerNo)+1 -> 33 | X6: Rank | Y6: Num | Z6: Rank | AA6: Bonus | AB6: Points
A7: 1 | B7: Selim | C7: Ammouche | D7: Paris | E7: 1006 | F7: =IF(ISBLANK($A7),"",SUM(IF(ISNA(IF(VLOOKUP($A7,'Round 1'!$A$7:$J$206,COLUMN('Round 1'!$H$7),FALSE()),1,NA())),0,1),IF(ISNA(IF(VLOOKUP($A7,'Round 2'!$A$7:$J$206,COLUMN('Round 1'!$H$7),FALSE()),1,NA())),0,1),IF(ISNA(IF(VLOOKUP($A7,'Round 3'!$A$7:$J$206,COLUMN('Round 1'!$H$7),FALSE()),1,NA())),0,1),IF(ISNA(IF(VLOOKUP($A7,'Final Round'!$A$14:$K$18,1,FALSE()),1,NA())),0,1))) -> 3 | H7: =IF(ISBLANK($A7),"",IF(ISERROR(VLOOKUP($A7,'Round 1'!$A$7:$I$206,COLUMN('Round 1'!$G$7),FALSE())),0,VLOOKUP($A7,'Round 1'!$A$7:$I$206,COLUMN('Round 1'!$G$7),FALSE()))+IF(ISERROR(VLOOKUP($A7,'Round 2'!$A$7:$I$206,COLUMN('Round 2'!$G$7),FALSE())),0,VLOOKUP($A7,'Round 2'!$A$7:$I$206,COLUMN('Round 2'!$G$7),FALSE()))+IF(ISERROR(VLOOKUP($A7,'Round 3'!$A$7:$I$206,COLUMN('Round 3'!$G$7),FALSE())),0,VLOOKUP($A7,'Round 3'!$A$7:$I$206,COLUMN('Round 3'!$G$7),FALSE()))) -> 1 | I7: =IF(ISBLANK($A7),"",IF(ISERROR(VLOOKUP($A7,'Round 1'!$A$7:$I$206,COLUMN('Round 1'!$F$7),FALSE())),0,VLOOKUP($A7,'Round 1'!$A$7:$I$206,COLUMN('Round 1'!$F$7),FALSE()))+IF(ISERROR(VLOOKUP($A7,'Round 2'!$A$7:$I$206,COLUMN('Round 2'!$F$7),FALSE())),0,VLOOKUP($A7,'Round 2'!$A$7:$I$206,COLUMN('Round 2'!$F$7),FALSE()))+IF(ISERROR(VLOOKUP($A7,'Round 3'!$A$7:$I$206,COLUMN('Round 3'!$F$7),FALSE())),0,VLOOKUP($A7,'Round 3'!$A$7:$I$206,COLUMN('Round 3'!$F$7),FALSE()))) -> 4.5 | J7: =IF(ISBLANK($A7),"",IF(ISERROR(VLOOKUP($A7,'Round 1'!$A$7:$I$206,COLUMN('Round 1'!$H$7),FALSE())),0,VLOOKUP($A7,'Round 1'!$A$7:$I$206,COLUMN('Round 1'!$H$7),FALSE()))+IF(ISERROR(VLOOKUP($A7,'Round 2'!$A$7:$I$206,COLUMN('Round 2'!$H$7),FALSE())),0,VLOOKUP($A7,'Round 2'!$A$7:$I$206,COLUMN('Round 2'!$H$7),FALSE()))+IF(ISERROR(VLOOKUP($A7,'Round 3'!$A$7:$I$206,COLUMN('Round 3'!$H$7),FALSE())),0,VLOOKUP($A7,'Round 3'!$A$7:$I$206,COLUMN('Round 3'!$H$7),FALSE()))) -> 138 | K7: =IF(ISBLANK(A7),"",_xlfn.RANK.EQ(P7,$P$7:$P$206)) -> 6 | L7: =IF(ISBLANK($G7),IF($K7>5,"",IF(AND(ISNA(MATCH(K7+1,$K$7:$K$206,0)),$K7<$A$4),"TIE","")),"DQ") | N7: =IF(ISBLANK($G7),$R7,"DQ") -> 6 | O7: =IF(ISBLANK(A7),"",$H7*$O$6+$I7) -> 13.5 | P7: =IF(ISBLANK(A7),"",$O7*10*$P$6+$J7) -> 23763 | Q7: =IF(ISBLANK($G7),IF(ISBLANK($A7),-10,$P7*$Q$6+IF($M7>0,$Q$6-1-$M7,0)),-1) -> 23763 | R7: =IF(ISBLANK($A7),"",_xlfn.RANK.EQ($Q7,$Q$7:$Q$206)) -> 6 | S7: =IF(ISNA(MATCH($R7+1,$R$7:$R$206,0)),IF($R7=MAX($A$7:$A$206),$R7,-1),$R7) -> 6 | T7: =$A7 -> 1 | U7: =IF(N('Final Round'!$J$14)>0,IF(ISBLANK($A7),"",IF($N7>5,$N7,VLOOKUP($A7,'Final Round'!$A$14:$K$18,COLUMN('Final Round'!$J$1),FALSE()))),"") -> 6 | V7: =IF(ISNUMBER($U7),$U7,$R7) -> 6 | W7: =IF(ISBLANK($A7),"",($V$6-$V7)*$W$6+$W$6-$A7) -> 923 | X7: =IF(ISBLANK($A7),"",_xlfn.RANK.EQ($W7,$W$7:$W$206)) -> 6 | Y7: =$A7 -> 1 | Z7: =IF($U7="",$N7,$U7) -> 6 | AA7: =IF($U7<6,INDEX($AA$1:$AA$5,$Z7)*$Z$2,0) -> 0 | AB7: =IF(ISBLANK($A7),"",5+4*(I7+IF(AA7=0,0,VLOOKUP($A7,'Final Round'!$A$14:$K$18,COLUMN('Final Round'!$G$1),FALSE())))+8*(H7+IF(AA7=0,0,IF(VLOOKUP($A7,'Final Round'!$A$14:$K$18,COLUMN('Final Round'!$J$1),FALSE())=1,1,0)))+$AA7) -> 31
A8: 2 | B8: Joao | C8: Servolo | D8: Lisbon | E8: 2 | F8: =IF(ISBLANK($A8),"",SUM(IF(ISNA(IF(VLOOKUP($A8,'Round 1'!$A$7:$J$206,COLUMN('Round 1'!$H$7),FALSE()),1,NA())),0,1),IF(ISNA(IF(VLOOKUP($A8,'Round 2'!$A$7:$J$206,COLUMN('Round 1'!$H$7),FALSE()),1,NA())),0,1),IF(ISNA(IF(VLOOKUP($A8,'Round 3'!$A$7:$J$206,COLUMN('Round 1'!$H$7),FALSE()),1,NA())),0,1),IF(ISNA(IF(VLOOKUP($A8,'Final Round'!$A$14:$K$18,1,FALSE()),1,NA())),0,1))) -> 3 | H8: =IF(ISBLANK($A8),"",IF(ISERROR(VLOOKUP($A8,'Round 1'!$A$7:$I$206,COLUMN('Round 1'!$G$7),FALSE())),0,VLOOKUP($A8,'Round 1'!$A$7:$I$206,COLUMN('Round 1'!$G$7),FALSE()))+IF(ISERROR(VLOOKUP($A8,'Round 2'!$A$7:$I$206,COLUMN('Round 2'!$G$7),FALSE())),0,VLOOKUP($A8,'Round 2'!$A$7:$I$206,COLUMN('Round 2'!$G$7),FALSE()))+IF(ISERROR(VLOOKUP($A8,'Round 3'!$A$7:$I$206,COLUMN('Round 3'!$G$7),FALSE())),0,VLOOKUP($A8,'Round 3'!$A$7:$I$206,COLUMN('Round 3'!$G$7),FALSE()))) -> 0 | I8: =IF(ISBLANK($A8),"",IF(ISERROR(VLOOKUP($A8,'Round 1'!$A$7:$I$206,COLUMN('Round 1'!$F$7),FALSE())),0,VLOOKUP($A8,'Round 1'!$A$7:$I$206,COLUMN('Round 1'!$F$7),FALSE()))+IF(ISERROR(VLOOKUP($A8,'Round 2'!$A$7:$I$206,COLUMN('Round 2'!$F$7),FALSE())),0,VLOOKUP($A8,'Round 2'!$A$7:$I$206,COLUMN('Round 2'!$F$7),FALSE()))+IF(ISERROR(VLOOKUP($A8,'Round 3'!$A$7:$I$206,COLUMN('Round 3'!$F$7),FALSE())),0,VLOOKUP($A8,'Round 3'!$A$7:$I$206,COLUMN('Round 3'!$F$7),FALSE()))) -> 2.5 | J8: =IF(ISBLANK($A8),"",IF(ISERROR(VLOOKUP($A8,'Round 1'!$A$7:$I$206,COLUMN('Round 1'!$H$7),FALSE())),0,VLOOKUP($A8,'Round 1'!$A$7:$I$206,COLUMN('Round 1'!$H$7),FALSE()))+IF(ISERROR(VLOOKUP($A8,'Round 2'!$A$7:$I$206,COLUMN('Round 2'!$H$7),FALSE())),0,VLOOKUP($A8,'Round 2'!$A$7:$I$206,COLUMN('Round 2'!$H$7),FALSE()))+IF(ISERROR(VLOOKUP($A8,'Round 3'!$A$7:$I$206,COLUMN('Round 3'!$H$7),FALSE())),0,VLOOKUP($A8,'Round 3'!$A$7:$I$206,COLUMN('Round 3'!$H$7),FALSE()))) -> 112 | K8: =IF(ISBLANK(A8),"",_xlfn.RANK.EQ(P8,$P$7:$P$206)) -> 14 | L8: =IF(ISBLANK($G8),IF($K8>5,"",IF(AND(ISNA(MATCH(K8+1,$K$7:$K$206,0)),$K8<$A$4),"TIE","")),"DQ") | N8: =IF(ISBLANK($G8),$R8,"DQ") -> 14 | O8: =IF(ISBLANK(A8),"",$H8*$O$6+$I8) -> 2.5 | P8: =IF(ISBLANK(A8),"",$O8*10*$P$6+$J8) -> 4487 | Q8: =IF(ISBLANK($G8),IF(ISBLANK($A8),-10,$P8*$Q$6+IF($M8>0,$Q$6-1-$M8,0)),-1) -> 4487 | R8: =IF(ISBLANK($A8),"",_xlfn.RANK.EQ($Q8,$Q$7:$Q$206)) -> 14 | S8: =IF(ISNA(MATCH($R8+1,$R$7:$R$206,0)),IF($R8=MAX($A$7:$A$206),$R8,-1),$R8) -> 14 | T8: =$A8 -> 2 | U8: =IF(N('Final Round'!$J$14)>0,IF(ISBLANK($A8),"",IF($N8>5,$N8,VLOOKUP($A8,'Final Round'!$A$14:$K$18,COLUMN('Final Round'!$J$1),FALSE()))),"") -> 14 | V8: =IF(ISNUMBER($U8),$U8,$R8) -> 14 | W8: =IF(ISBLANK($A8),"",($V$6-$V8)*$W$6+$W$6-$A8) -> 658 | X8: =IF(ISBLANK($A8),"",_xlfn.RANK.EQ($W8,$W$7:$W$206)) -> 14 | Y8: =$A8 -> 2 | Z8: =IF($U8="",$N8,$U8) -> 14 | AA8: =IF($U8<6,INDEX($AA$1:$AA$5,$Z8)*$Z$2,0) -> 0 | AB8: =IF(ISBLANK($A8),"",5+4*(I8+IF(AA8=0,0,VLOOKUP($A8,'Final Round'!$A$14:$K$18,COLUMN('Final Round'!$G$1),FALSE())))+8*(H8+IF(AA8=0,0,IF(VLOOKUP($A8,'Final Round'!$A$14:$K$18,COLUMN('Final Round'!$J$1),FALSE())=1,1,0)))+$AA8) -> 15
A9: 3 | B9: Tero | C9: Aalto | D9: Helsinki | E9: 1009 | F9: =IF(ISBLANK($A9),"",SUM(IF(ISNA(IF(VLOOKUP($A9,'Round 1'!$A$7:$J$206,COLUMN('Round 1'!$H$7),FALSE()),1,NA())),0,1),IF(ISNA(IF(VLOOKUP($A9,'Round 2'!$A$7:$J$206,COLUMN('Round 1'!$H$7),FALSE()),1,NA())),0,1),IF(ISNA(IF(VLOOKUP($A9,'Round 3'!$A$7:$J$206,COLUMN('Round 1'!$H$7),FALSE()),1,NA())),0,1),IF(ISNA(IF(VLOOKUP($A9,'Final Round'!$A$14:$K$18,1,FALSE()),1,NA())),0,1))) -> 3 | H9: =IF(ISBLANK($A9),"",IF(ISERROR(VLOOKUP($A9,'Round 1'!$A$7:$I$206,COLUMN('Round 1'!$G$7),FALSE())),0,VLOOKUP($A9,'Round 1'!$A$7:$I$206,COLUMN('Round 1'!$G$7),FALSE()))+IF(ISERROR(VLOOKUP($A9,'Round 2'!$A$7:$I$206,COLUMN('Round 2'!$G$7),FALSE())),0,VLOOKUP($A9,'Round 2'!$A$7:$I$206,COLUMN('Round 2'!$G$7),FALSE()))+IF(ISERROR(VLOOKUP($A9,'Round 3'!$A$7:$I$206,COLUMN('Round 3'!$G$7),FALSE())),0,VLOOKUP($A9,'Round 3'!$A$7:$I$206,COLUMN('Round 3'!$G$7),FALSE()))) -> 1 | I9: =IF(ISBLANK($A9),"",IF(ISERROR(VLOOKUP($A9,'Round 1'!$A$7:$I$206,COLUMN('Round 1'!$F$7),FALSE())),0,VLOOKUP($A9,'Round 1'!$A$7:$I$206,COLUMN('Round 1'!$F$7),FALSE()))+IF(ISERROR(VLOOKUP($A9,'Round 2'!$A$7:$I$206,COLUMN('Round 2'!$F$7),FALSE())),0,VLOOKUP($A9,'Round 2'!$A$7:$I$206,COLUMN('Round 2'!$F$7),FALSE()))+IF(ISERROR(VLOOKUP($A9,'Round 3'!$A$7:$I$206,COLUMN('Round 3'!$F$7),FALSE())),0,VLOOKUP($A9,'Round 3'!$A$7:$I$206,COLUMN('Round 3'!$F$7),FALSE()))) -> 4 | J9: =IF(ISBLANK($A9),"",IF(ISERROR(VLOOKUP($A9,'Round 1'!$A$7:$I$206,COLUMN('Round 1'!$H$7),FALSE())),0,VLOOKUP($A9,'Round 1'!$A$7:$I$206,COLUMN('Round 1'!$H$7),FALSE()))+IF(ISERROR(VLOOKUP($A9,'Round 2'!$A$7:$I$206,COLUMN('Round 2'!$H$7),FALSE())),0,VLOOKUP($A9,'Round 2'!$A$7:$I$206,COLUMN('Round 2'!$H$7),FALSE()))+IF(ISERROR(VLOOKUP($A9,'Round 3'!$A$7:$I$206,COLUMN('Round 3'!$H$7),FALSE())),0,VLOOKUP($A9,'Round 3'!$A$7:$I$206,COLUMN('Round 3'!$H$7),FALSE()))) -> 120 | K9: =IF(ISBLANK(A9),"",_xlfn.RANK.EQ(P9,$P$7:$P$206)) -> 9 | L9: =IF(ISBLANK($G9),IF($K9>5,"",IF(AND(ISNA(MATCH(K9+1,$K$7:$K$206,0)),$K9<$A$4),"TIE","")),"DQ") | N9: =IF(ISBLANK($G9),$R9,"DQ") -> 9 | O9: =IF(ISBLANK(A9),"",$H9*$O$6+$I9) -> 13 | P9: =IF(ISBLANK(A9),"",$O9*10*$P$6+$J9) -> 22870 | Q9: =IF(ISBLANK($G9),IF(ISBLANK($A9),-10,$P9*$Q$6+IF($M9>0,$Q$6-1-$M9,0)),-1) -> 22870 | R9: =IF(ISBLANK($A9),"",_xlfn.RANK.EQ($Q9,$Q$7:$Q$206)) -> 9 | S9: =IF(ISNA(MATCH($R9+1,$R$7:$R$206,0)),IF($R9=MAX($A$7:$A$206),$R9,-1),$R9) -> -1 | T9: =$A9 -> 3 | U9: =IF(N('Final Round'!$J$14)>0,IF(ISBLANK($A9),"",IF($N9>5,$N9,VLOOKUP($A9,'Final Round'!$A$14:$K$18,COLUMN('Final Round'!$J$1),FALSE()))),"") -> 9 | V9: =IF(ISNUMBER($U9),$U9,$R9) -> 9 | W9: =IF(ISBLANK($A9),"",($V$6-$V9)*$W$6+$W$6-$A9) -> 822 | X9: =IF(ISBLANK($A9),"",_xlfn.RANK.EQ($W9,$W$7:$W$206)) -> 9 | Y9: =$A9 -> 3 | Z9: =IF($U9="",$N9,$U9) -> 9 | AA9: =IF($U9<6,INDEX($AA$1:$AA$5,$Z9)*$Z$2,0) -> 0 | AB9: =IF(ISBLANK($A9),"",5+4*(I9+IF(AA9=0,0,VLOOKUP($A9,'Final Round'!$A$14:$K$18,COLUMN('Final Round'!$G$1),FALSE())))+8*(H9+IF(AA9=0,0,IF(VLOOKUP($A9,'Final Round'!$A$14:$K$18,COLUMN('Final Round'!$J$1),FALSE())=1,1,0)))+$AA9) -> 29
A10: 4 | B10: Nikolaj | C10: Wendt | D10: Copenhagen | E10: 4 | F10: =IF(ISBLANK($A10),"",SUM(IF(ISNA(IF(VLOOKUP($A10,'Round 1'!$A$7:$J$206,COLUMN('Round 1'!$H$7),FALSE()),1,NA())),0,1),IF(ISNA(IF(VLOOKUP($A10,'Round 2'!$A$7:$J$206,COLUMN('Round 1'!$H$7),FALSE()),1,NA())),0,1),IF(ISNA(IF(VLOOKUP($A10,'Round 3'!$A$7:$J$206,COLUMN('Round 1'!$H$7),FALSE()),1,NA())),0,1),IF(ISNA(IF(VLOOKUP($A10,'Final Round'!$A$14:$K$18,1,FALSE()),1,NA())),0,1))) -> 3 | H10: =IF(ISBLANK($A10),"",IF(ISERROR(VLOOKUP($A10,'Round 1'!$A$7:$I$206,COLUMN('Round 1'!$G$7),FALSE())),0,VLOOKUP($A10,'Round 1'!$A$7:$I$206,COLUMN('Round 1'!$G$7),FALSE()))+IF(ISERROR(VLOOKUP($A10,'Round 2'!$A$7:$I$206,COLUMN('Round 2'!$G$7),FALSE())),0,VLOOKUP($A10,'Round 2'!$A$7:$I$206,COLUMN('Round 2'!$G$7),FALSE()))+IF(ISERROR(VLOOKUP($A10,'Round 3'!$A$7:$I$206,COLUMN('Round 3'!$G$7),FALSE())),0,VLOOKUP($A10,'Round 3'!$A$7:$I$206,COLUMN('Round 3'!$G$7),FALSE()))) -> 0 | I10: =IF(ISBLANK($A10),"",IF(ISERROR(VLOOKUP($A10,'Round 1'!$A$7:$I$206,COLUMN('Round 1'!$F$7),FALSE())),0,VLOOKUP($A10,'Round 1'!$A$7:$I$206,COLUMN('Round 1'!$F$7),FALSE()))+IF(ISERROR(VLOOKUP($A10,'Round 2'!$A$7:$I$206,COLUMN('Round 2'!$F$7),FALSE())),0,VLOOKUP($A10,'Round 2'!$A$7:$I$206,COLUMN('Round 2'!$F$7),FALSE()))+IF(ISERROR(VLOOKUP($A10,'Round 3'!$A$7:$I$206,COLUMN('Round 3'!$F$7),FALSE())),0,VLOOKUP($A10,'Round 3'!$A$7:$I$206,COLUMN('Round 3'!$F$7),FALSE()))) -> 1 | J10: =IF(ISBLANK($A10),"",IF(ISERROR(VLOOKUP($A10,'Round 1'!$A$7:$I$206,COLUMN('Round 1'!$H$7),FALSE())),0,VLOOKUP($A10,'Round 1'!$A$7:$I$206,COLUMN('Round 1'!$H$7),FALSE()))+IF(ISERROR(VLOOKUP($A10,'Round 2'!$A$7:$I$206,COLUMN('Round 2'!$H$7),FALSE())),0,VLOOKUP($A10,'Round 2'!$A$7:$I$206,COLUMN('Round 2'!$H$7),FALSE()))+IF(ISERROR(VLOOKUP($A10,'Round 3'!$A$7:$I$206,COLUMN('Round 3'!$H$7),FALSE())),0,VLOOKUP($A10,'Round 3'!$A$7:$I$206,COLUMN('Round 3'!$H$7),FALSE()))) -> 78 | K10: =IF(ISBLANK(A10),"",_xlfn.RANK.EQ(P10,$P$7:$P$206)) -> 23 | L10: =IF(ISBLANK($G10),IF($K10>5,"",IF(AND(ISNA(MATCH(K10+1,$K$7:$K$206,0)),$K10<$A$4),"TIE","")),"DQ") | N10: =IF(ISBLANK($G10),$R10,"DQ") -> 23 | O10: =IF(ISBLANK(A10),"",$H10*$O$6+$I10) -> 1 | P10: =IF(ISBLANK(A10),"",$O10*10*$P$6+$J10) -> 1828 | Q10: =IF(ISBLANK($G10),IF(ISBLANK($A10),-10,$P10*$Q$6+IF($M10>0,$Q$6-1-$M10,0)),-1) -> 1828 | R10: =IF(ISBLANK($A10),"",_xlfn.RANK.EQ($Q10,$Q$7:$Q$206)) -> 23 | S10: =IF(ISNA(MATCH($R10+1,$R$7:$R$206,0)),IF($R10=MAX($A$7:$A$206),$R10,-1),$R10) -> 23 | T10: =$A10 -> 4 | U10: =IF(N('Final Round'!$J$14)>0,IF(ISBLANK($A10),"",IF($N10>5,$N10,VLOOKUP($A10,'Final Round'!$A$14:$K$18,COLUMN('Final Round'!$J$1),FALSE()))),"") -> 23 | V10: =IF(ISNUMBER($U10),$U10,$R10) -> 23 | W10: =IF(ISBLANK($A10),"",($V$6-$V10)*$W$6+$W$6-$A10) -> 359 | X10: =IF(ISBLANK($A10),"",_xlfn.RANK.EQ($W10,$W$7:$W$206)) -> 23 | Y10: =$A10 -> 4 | Z10: =IF($U10="",$N10,$U10) -> 23 | AA10: =IF($U10<6,INDEX($AA$1:$AA$5,$Z10)*$Z$2,0) -> 0 | AB10: =IF(ISBLANK($A10),"",5+4*(I10+IF(AA10=0,0,VLOOKUP($A10,'Final Round'!$A$14:$K$18,COLUMN('Final Round'!$G$1),FALSE())))+8*(H10+IF(AA10=0,0,IF(VLOOKUP($A10,'Final Round'!$A$14:$K$18,COLUMN('Final Round'!$J$1),FALSE())=1,1,0)))+$AA10) -> 9
A11: 5 | B11: Jorge | C11: Delgado | D11: Madrid | E11: 5 | F11: =IF(ISBLANK($A11),"",SUM(IF(ISNA(IF(VLOOKUP($A11,'Round 1'!$A$7:$J$206,COLUMN('Round 1'!$H$7),FALSE()),1,NA())),0,1),IF(ISNA(IF(VLOOKUP($A11,'Round 2'!$A$7:$J$206,COLUMN('Round 1'!$H$7),FALSE()),1,NA())),0,1),IF(ISNA(IF(VLOOKUP($A11,'Round 3'!$A$7:$J$206,COLUMN('Round 1'!$H$7),FALSE()),1,NA())),0,1),IF(ISNA(IF(VLOOKUP($A11,'Final Round'!$A$14:$K$18,1,FALSE()),1,NA())),0,1))) -> 3 | H11: =IF(ISBLANK($A11),"",IF(ISERROR(VLOOKUP($A11,'Round 1'!$A$7:$I$206,COLUMN('Round 1'!$G$7),FALSE())),0,VLOOKUP($A11,'Round 1'!$A$7:$I$206,COLUMN('Round 1'!$G$7),FALSE()))+IF(ISERROR(VLOOKUP($A11,'Round 2'!$A$7:$I$206,COLUMN('Round 2'!$G$7),FALSE())),0,VLOOKUP($A11,'Round 2'!$A$7:$I$206,COLUMN('Round 2'!$G$7),FALSE()))+IF(ISERROR(VLOOKUP($A11,'Round 3'!$A$7:$I$206,COLUMN('Round 3'!$G$7),FALSE())),0,VLOOKUP($A11,'Round 3'!$A$7:$I$206,COLUMN('Round 3'!$G$7),FALSE()))) -> 1 | I11: =IF(ISBLANK($A11),"",IF(ISERROR(VLOOKUP($A11,'Round 1'!$A$7:$I$206,COLUMN('Round 1'!$F$7),FALSE())),0,VLOOKUP($A11,'Round 1'!$A$7:$I$206,COLUMN('Round 1'!$F$7),FALSE()))+IF(ISERROR(VLOOKUP($A11,'Round 2'!$A$7:$I$206,COLUMN('Round 2'!$F$7),FALSE())),0,VLOOKUP($A11,'Round 2'!$A$7:$I$206,COLUMN('Round 2'!$F$7),FALSE()))+IF(ISERROR(VLOOKUP($A11,'Round 3'!$A$7:$I$206,COLUMN('Round 3'!$F$7),FALSE())),0,VLOOKUP($A11,'Round 3'!$A$7:$I$206,COLUMN('Round 3'!$F$7),FALSE()))) -> 4 | J11: =IF(ISBLANK($A11),"",IF(ISERROR(VLOOKUP($A11,'Round 1'!$A$7:$I$206,COLUMN('Round 1'!$H$7),FALSE())),0,VLOOKUP($A11,'Round 1'!$A$7:$I$206,COLUMN('Round 1'!$H$7),FALSE()))+IF(ISERROR(VLOOKUP($A11,'Round 2'!$A$7:$I$206,COLUMN('Round 2'!$H$7),FALSE())),0,VLOOKUP($A11,'Round 2'!$A$7:$I$206,COLUMN('Round 2'!$H$7),FALSE()))+IF(ISERROR(VLOOKUP($A11,'Round 3'!$A$7:$I$206,COLUMN('Round 3'!$H$7),FALSE())),0,VLOOKUP($A11,'Round 3'!$A$7:$I$206,COLUMN('Round 3'!$H$7),FALSE()))) -> 132 | K11: =IF(ISBLANK(A11),"",_xlfn.RANK.EQ(P11,$P$7:$P$206)) -> 8 | L11: =IF(ISBLANK($G11),IF($K11>5,"",IF(AND(ISNA(MATCH(K11+1,$K$7:$K$206,0)),$K11<$A$4),"TIE","")),"DQ") | N11: =IF(ISBLANK($G11),$R11,"DQ") -> 8 | O11: =IF(ISBLANK(A11),"",$H11*$O$6+$I11) -> 13 | P11: =IF(ISBLANK(A11),"",$O11*10*$P$6+$J11) -> 22882 | Q11: =IF(ISBLANK($G11),IF(ISBLANK($A11),-10,$P11*$Q$6+IF($M11>0,$Q$6-1-$M11,0)),-1) -> 22882 | R11: =IF(ISBLANK($A11),"",_xlfn.RANK.EQ($Q11,$Q$7:$Q$206)) -> 8 | S11: =IF(ISNA(MATCH($R11+1,$R$7:$R$206,0)),IF($R11=MAX($A$7:$A$206),$R11,-1),$R11) -> 8 | T11: =$A11 -> 5 | U11: =IF(N('Final Round'!$J$14)>0,IF(ISBLANK($A11),"",IF($N11>5,$N11,VLOOKUP($A11,'Final Round'!$A$14:$K$18,COLUMN('Final Round'!$J$1),FALSE()))),"") -> 8 | V11: =IF(ISNUMBER($U11),$U11,$R11) -> 8 | W11: =IF(ISBLANK($A11),"",($V$6-$V11)*$W$6+$W$6-$A11) -> 853 | X11: =IF(ISBLANK($A11),"",_xlfn.RANK.EQ($W11,$W$7:$W$206)) -> 8 | Y11: =$A11 -> 5 | Z11: =IF($U11="",$N11,$U11) -> 8 | AA11: =IF($U11<6,INDEX($AA$1:$AA$5,$Z11)*$Z$2,0) -> 0 | AB11: =IF(ISBLANK($A11),"",5+4*(I11+IF(AA11=0,0,VLOOKUP($A11,'Final Round'!$A$14:$K$18,COLUMN('Final Round'!$G$1),FALSE())))+8*(H11+IF(AA11=0,0,IF(VLOOKUP($A11,'Final Round'!$A$14:$K$18,COLUMN('Final Round'!$J$1),FALSE())=1,1,0)))+$AA11) -> 29
A12: 6 | B12: Denis | C12: Bucar | D12: Zagreb | E12: 1002 | F12: =IF(ISBLANK($A12),"",SUM(IF(ISNA(IF(VLOOKUP($A12,'Round 1'!$A$7:$J$206,COLUMN('Round 1'!$H$7),FALSE()),1,NA())),0,1),IF(ISNA(IF(VLOOKUP($A12,'Round 2'!$A$7:$J$206,COLUMN('Round 1'!$H$7),FALSE()),1,NA())),0,1),IF(ISNA(IF(VLOOKUP($A12,'Round 3'!$A$7:$J$206,COLUMN('Round 1'!$H$7),FALSE()),1,NA())),0,1),IF(ISNA(IF(VLOOKUP($A12,'Final Round'!$A$14:$K$18,1,FALSE()),1,NA())),0,1))) -> 4 | H12: =IF(ISBLANK($A12),"",IF(ISERROR(VLOOKUP($A12,'Round 1'!$A$7:$I$206,COLUMN('Round 1'!$G$7),FALSE())),0,VLOOKUP($A12,'Round 1'!$A$7:$I$206,COLUMN('Round 1'!$G$7),FALSE()))+IF(ISERROR(VLOOKUP($A12,'Round 2'!$A$7:$I$206,COLUMN('Round 2'!$G$7),FALSE())),0,VLOOKUP($A12,'Round 2'!$A$7:$I$206,COLUMN('Round 2'!$G$7),FALSE()))+IF(ISERROR(VLOOKUP($A12,'Round 3'!$A$7:$I$206,COLUMN('Round 3'!$G$7),FALSE())),0,VLOOKUP($A12,'Round 3'!$A$7:$I$206,COLUMN('Round 3'!$G$7),FALSE()))) -> 1 | I12: =IF(ISBLANK($A12),"",IF(ISERROR(VLOOKUP($A12,'Round 1'!$A$7:$I$206,COLUMN('Round 1'!$F$7),FALSE())),0,VLOOKUP($A12,'Round 1'!$A$7:$I$206,COLUMN('Round 1'!$F$7),FALSE()))+IF(ISERROR(VLOOKUP($A12,'Round 2'!$A$7:$I$206,COLUMN('Round 2'!$F$7),FALSE())),0,VLOOKUP($A12,'Round 2'!$A$7:$I$206,COLUMN('Round 2'!$F$7),FALSE()))+IF(ISERROR(VLOOKUP($A12,'Round 3'!$A$7:$I$206,COLUMN('Round 3'!$F$7),FALSE())),0,VLOOKUP($A12,'Round 3'!$A$7:$I$206,COLUMN('Round 3'!$F$7),FALSE()))) -> 7 | J12: =IF(ISBLANK($A12),"",IF(ISERROR(VLOOKUP($A12,'Round 1'!$A$7:$I$206,COLUMN('Round 1'!$H$7),FALSE())),0,VLOOKUP($A12,'Round 1'!$A$7:$I$206,COLUMN('Round 1'!$H$7),FALSE()))+IF(ISERROR(VLOOKUP($A12,'Round 2'!$A$7:$I$206,COLUMN('Round 2'!$H$7),FALSE())),0,VLOOKUP($A12,'Round 2'!$A$7:$I$206,COLUMN('Round 2'!$H$7),FALSE()))+IF(ISERROR(VLOOKUP($A12,'Round 3'!$A$7:$I$206,COLUMN('Round 3'!$H$7),FALSE())),0,VLOOKUP($A12,'Round 3'!$A$7:$I$206,COLUMN('Round 3'!$H$7),FALSE()))) -> 156 | K12: =IF(ISBLANK(A12),"",_xlfn.RANK.EQ(P12,$P$7:$P$206)) -> 5 | L12: =IF(ISBLANK($G12),IF($K12>5,"",IF(AND(ISNA(MATCH(K12+1,$K$7:$K$206,0)),$K12<$A$4),"TIE","")),"DQ") | N12: =IF(ISBLANK($G12),$R12,"DQ") -> 5 | O12: =IF(ISBLANK(A12),"",$H12*$O$6+$I12) -> 16 | P12: =IF(ISBLANK(A12),"",$O12*10*$P$6+$J12) -> 28156 | Q12: =IF(ISBLANK($G12),IF(ISBLANK($A12),-10,$P12*$Q$6+IF($M12>0,$Q$6-1-$M12,0)),-1) -> 28156 | R12: =IF(ISBLANK($A12),"",_xlfn.RANK.EQ($Q12,$Q$7:$Q$206)) -> 5 | S12: =IF(ISNA(MATCH($R12+1,$R$7:$R$206,0)),IF($R12=MAX($A$7:$A$206),$R12,-1),$R12) -> 5 | T12: =$A12 -> 6 | U12: =IF(N('Final Round'!$J$14)>0,IF(ISBLANK($A12),"",IF($N12>5,$N12,VLOOKUP($A12,'Final Round'!$A$14:$K$18,COLUMN('Final Round'!$J$1),FALSE()))),"") -> 2 | V12: =IF(ISNUMBER($U12),$U12,$R12) -> 2 | W12: =IF(ISBLANK($A12),"",($V$6-$V12)*$W$6+$W$6-$A12) -> 1050 | X12: =IF(ISBLANK($A12),"",_xlfn.RANK.EQ($W12,$W$7:$W$206)) -> 2 | Y12: =$A12 -> 6 | Z12: =IF($U12="",$N12,$U12) -> 2 | AA12: =IF($U12<6,INDEX($AA$1:$AA$5,$Z12)*$Z$2,0) -> 46.787407 | AB12: =IF(ISBLANK($A12),"",5+4*(I12+IF(AA12=0,0,VLOOKUP($A12,'Final Round'!$A$14:$K$18,COLUMN('Final Round'!$G$1),FALSE())))+8*(H12+IF(AA12=0,0,IF(VLOOKUP($A12,'Final Round'!$A$14:$K$18,COLUMN('Final Round'!$J$1),FALSE())=1,1,0)))+$AA12) -> 87.787407
A13: 7 | B13: Pedro | C13: Valentim | D13: Porto | E13: 7 | F13: =IF(ISBLANK($A13),"",SUM(IF(ISNA(IF(VLOOKUP($A13,'Round 1'!$A$7:$J$206,COLUMN('Round 1'!$H$7),FALSE()),1,NA())),0,1),IF(ISNA(IF(VLOOKUP($A13,'Round 2'!$A$7:$J$206,COLUMN('Round 1'!$H$7),FALSE()),1,NA())),0,1),IF(ISNA(IF(VLOOKUP($A13,'Round 3'!$A$7:$J$206,COLUMN('Round 1'!$H$7),FALSE()),1,NA())),0,1),IF(ISNA(IF(VLOOKUP($A13,'Final Round'!$A$14:$K$18,1,FALSE()),1,NA())),0,1))) -> 2 | H13: =IF(ISBLANK($A13),"",IF(ISERROR(VLOOKUP($A13,'Round 1'!$A$7:$I$206,COLUMN('Round 1'!$G$7),FALSE())),0,VLOOKUP($A13,'Round 1'!$A$7:$I$206,COLUMN('Round 1'!$G$7),FALSE()))+IF(ISERROR(VLOOKUP($A13,'Round 2'!$A$7:$I$206,COLUMN('Round 2'!$G$7),FALSE())),0,VLOOKUP($A13,'Round 2'!$A$7:$I$206,COLUMN('Round 2'!$G$7),FALSE()))+IF(ISERROR(VLOOKUP($A13,'Round 3'!$A$7:$I$206,COLUMN('Round 3'!$G$7),FALSE())),0,VLOOKUP($A13,'Round 3'!$A$7:$I$206,COLUMN('Round 3'!$G$7),FALSE()))) -> 0 | I13: =IF(ISBLANK($A13),"",IF(ISERROR(VLOOKUP($A13,'Round 1'!$A$7:$I$206,COLUMN('Round 1'!$F$7),FALSE())),0,VLOOKUP($A13,'Round 1'!$A$7:$I$206,COLUMN('Round 1'!$F$7),FALSE()))+IF(ISERROR(VLOOKUP($A13,'Round 2'!$A$7:$I$206,COLUMN('Round 2'!$F$7),FALSE())),0,VLOOKUP($A13,'Round 2'!$A$7:$I$206,COLUMN('Round 2'!$F$7),FALSE()))+IF(ISERROR(VLOOKUP($A13,'Round 3'!$A$7:$I$206,COLUMN('Round 3'!$F$7),FALSE())),0,VLOOKUP($A13,'Round 3'!$A$7:$I$206,COLUMN('Round 3'!$F$7),FALSE()))) -> 0.5 | J13: =IF(ISBLANK($A13),"",IF(ISERROR(VLOOKUP($A13,'Round 1'!$A$7:$I$206,COLUMN('Round 1'!$H$7),FALSE())),0,VLOOKUP($A13,'Round 1'!$A$7:$I$206,COLUMN('Round 1'!$H$7),FALSE()))+IF(ISERROR(VLOOKUP($A13,'Round 2'!$A$7:$I$206,COLUMN('Round 2'!$H$7),FALSE())),0,VLOOKUP($A13,'Round 2'!$A$7:$I$206,COLUMN('Round 2'!$H$7),FALSE()))+IF(ISERROR(VLOOKUP($A13,'Round 3'!$A$7:$I$206,COLUMN('Round 3'!$H$7),FALSE())),0,VLOOKUP($A13,'Round 3'!$A$7:$I$206,COLUMN('Round 3'!$H$7),FALSE()))) -> 42 | K13: =IF(ISBLANK(A13),"",_xlfn.RANK.EQ(P13,$P$7:$P$206)) -> 27 | L13: =IF(ISBLANK($G13),IF($K13>5,"",IF(AND(ISNA(MATCH(K13+1,$K$7:$K$206,0)),$K13<$A$4),"TIE","")),"DQ") | N13: =IF(ISBLANK($G13),$R13,"DQ") -> 27 | O13: =IF(ISBLANK(A13),"",$H13*$O$6+$I13) -> 0.5 | P13: =IF(ISBLANK(A13),"",$O13*10*$P$6+$J13) -> 917 | Q13: =IF(ISBLANK($G13),IF(ISBLANK($A13),-10,$P13*$Q$6+IF($M13>0,$Q$6-1-$M13,0)),-1) -> 917 | R13: =IF(ISBLANK($A13),"",_xlfn.RANK.EQ($Q13,$Q$7:$Q$206)) -> 27 | S13: =IF(ISNA(MATCH($R13+1,$R$7:$R$206,0)),IF($R13=MAX($A$7:$A$206),$R13,-1),$R13) -> 27 | T13: =$A13 -> 7 | U13: =IF(N('Final Round'!$J$14)>0,IF(ISBLANK($A13),"",IF($N13>5,$N13,VLOOKUP($A13,'Final Round'!$A$14:$K$18,COLUMN('Final Round'!$J$1),FALSE()))),"") -> 27 | V13: =IF(ISNUMBER($U13),$U13,$R13) -> 27 | W13: =IF(ISBLANK($A13),"",($V$6-$V13)*$W$6+$W$6-$A13) -> 224 | X13: =IF(ISBLANK($A13),"",_xlfn.RANK.EQ($W13,$W$7:$W$206)) -> 27 | Y13: =$A13 -> 7 | Z13: =IF($U13="",$N13,$U13) -> 27 | AA13: =IF($U13<6,INDEX($AA$1:$AA$5,$Z13)*$Z$2,0) -> 0 | AB13: =IF(ISBLANK($A13),"",5+4*(I13+IF(AA13=0,0,VLOOKUP($A13,'Final Round'!$A$14:$K$18,COLUMN('Final Round'!$G$1),FALSE())))+8*(H13+IF(AA13=0,0,IF(VLOOKUP($A13,'Final Round'!$A$14:$K$18,COLUMN('Final Round'!$J$1),FALSE())=1,1,0)))+$AA13) -> 7
A14: 8 | B14: Marcin | C14: Zakrzewski | D14: Warsaw | E14: 8 | F14: =IF(ISBLANK($A14),"",SUM(IF(ISNA(IF(VLOOKUP($A14,'Round 1'!$A$7:$J$206,COLUMN('Round 1'!$H$7),FALSE()),1,NA())),0,1),IF(ISNA(IF(VLOOKUP($A14,'Round 2'!$A$7:$J$206,COLUMN('Round 1'!$H$7),FALSE()),1,NA())),0,1),IF(ISNA(IF(VLOOKUP($A14,'Round 3'!$A$7:$J$206,COLUMN('Round 1'!$H$7),FALSE()),1,NA())),0,1),IF(ISNA(IF(VLOOKUP($A14,'Final Round'!$A$14:$K$18,1,FALSE()),1,NA())),0,1))) -> 3 | H14: =IF(ISBLANK($A14),"",IF(ISERROR(VLOOKUP($A14,'Round 1'!$A$7:$I$206,COLUMN('Round 1'!$G$7),FALSE())),0,VLOOKUP($A14,'Round 1'!$A$7:$I$206,COLUMN('Round 1'!$G$7),FALSE()))+IF(ISERROR(VLOOKUP($A14,'Round 2'!$A$7:$I$206,COLUMN('Round 2'!$G$7),FALSE())),0,VLOOKUP($A14,'Round 2'!$A$7:$I$206,COLUMN('Round 2'!$G$7),FALSE()))+IF(ISERROR(VLOOKUP($A14,'Round 3'!$A$7:$I$206,COLUMN('Round 3'!$G$7),FALSE())),0,VLOOKUP($A14,'Round 3'!$A$7:$I$206,COLUMN('Round 3'!$G$7),FALSE()))) -> 0 | I14: =IF(ISBLANK($A14),"",IF(ISERROR(VLOOKUP($A14,'Round 1'!$A$7:$I$206,COLUMN('Round 1'!$F$7),FALSE())),0,VLOOKUP($A14,'Round 1'!$A$7:$I$206,COLUMN('Round 1'!$F$7),FALSE()))+IF(ISERROR(VLOOKUP($A14,'Round 2'!$A$7:$I$206,COLUMN('Round 2'!$F$7),FALSE())),0,VLOOKUP($A14,'Round 2'!$A$7:$I$206,COLUMN('Round 2'!$F$7),FALSE()))+IF(ISERROR(VLOOKUP($A14,'Round 3'!$A$7:$I$206,COLUMN('Round 3'!$F$7),FALSE())),0,VLOOKUP($A14,'Round 3'!$A$7:$I$206,COLUMN('Round 3'!$F$7),FALSE()))) -> 0.5 | J14: =IF(ISBLANK($A14),"",IF(ISERROR(VLOOKUP($A14,'Round 1'!$A$7:$I$206,COLUMN('Round 1'!$H$7),FALSE())),0,VLOOKUP($A14,'Round 1'!$A$7:$I$206,COLUMN('Round 1'!$H$7),FALSE()))+IF(ISERROR(VLOOKUP($A14,'Round 2'!$A$7:$I$206,COLUMN('Round 2'!$H$7),FALSE())),0,VLOOKUP($A14,'Round 2'!$A$7:$I$206,COLUMN('Round 2'!$H$7),FALSE()))+IF(ISERROR(VLOOKUP($A14,'Round 3'!$A$7:$I$206,COLUMN('Round 3'!$H$7),FALSE())),0,VLOOKUP($A14,'Round 3'!$A$7:$I$206,COLUMN('Round 3'!$H$7),FALSE()))) -> 84 | K14: =IF(ISBLANK(A14),"",_xlfn.RANK.EQ(P14,$P$7:$P$206)) -> 24 | L14: =IF(ISBLANK($G14),IF($K14>5,"",IF(AND(ISNA(MATCH(K14+1,$K$7:$K$206,0)),$K14<$A$4),"TIE","")),"DQ") | N14: =IF(ISBLANK($G14),$R14,"DQ") -> 24 | O14: =IF(ISBLANK(A14),"",$H14*$O$6+$I14) -> 0.5 | P14: =IF(ISBLANK(A14),"",$O14*10*$P$6+$J14) -> 959 | Q14: =IF(ISBLANK($G14),IF(ISBLANK($A14),-10,$P14*$Q$6+IF($M14>0,$Q$6-1-$M14,0)),-1) -> 959 | R14: =IF(ISBLANK($A14),"",_xlfn.RANK.EQ($Q14,$Q$7:$Q$206)) -> 24 | S14: =IF(ISNA(MATCH($R14+1,$R$7:$R$206,0)),IF($R14=MAX($A$7:$A$206),$R14,-1),$R14) -> 24 | T14: =$A14 -> 8 | U14: =IF(N('Final Round'!$J$14)>0,IF(ISBLANK($A14),"",IF($N14>5,$N14,VLOOKUP($A14,'Final Round'!$A$14:$K$18,COLUMN('Final Round'!$J$1),FALSE()))),"") -> 24 | V14: =IF(ISNUMBER($U14),$U14,$R14) -> 24 | W14: =IF(ISBLANK($A14),"",($V$6-$V14)*$W$6+$W$6-$A14) -> 322 | X14: =IF(ISBLANK($A14),"",_xlfn.RANK.EQ($W14,$W$7:$W$206)) -> 24 | Y14: =$A14 -> 8 | Z14: =IF($U14="",$N14,$U14) -> 24 | AA14: =IF($U14<6,INDEX($AA$1:$AA$5,$Z14)*$Z$2,0) -> 0 | AB14: =IF(ISBLANK($A14),"",5+4*(I14+IF(AA14=0,0,VLOOKUP($A14,'Final Round'!$A$14:$K$18,COLUMN('Final Round'!$G$1),FALSE())))+8*(H14+IF(AA14=0,0,IF(VLOOKUP($A14,'Final Round'!$A$14:$K$18,COLUMN('Final Round'!$J$1),FALSE())=1,1,0)))+$AA14) -> 7
A15: 9 | B15: Zsolt | C15: Cziraki | D15: Szeged | E15: 9 | F15: =IF(ISBLANK($A15),"",SUM(IF(ISNA(IF(VLOOKUP($A15,'Round 1'!$A$7:$J$206,COLUMN('Round 1'!$H$7),FALSE()),1,NA())),0,1),IF(ISNA(IF(VLOOKUP($A15,'Round 2'!$A$7:$J$206,COLUMN('Round 1'!$H$7),FALSE()),1,NA())),0,1),IF(ISNA(IF(VLOOKUP($A15,'Round 3'!$A$7:$J$206,COLUMN('Round 1'!$H$7),FALSE()),1,NA())),0,1),IF(ISNA(IF(VLOOKUP($A15,'Final Round'!$A$14:$K$18,1,FALSE()),1,NA())),0,1))) -> 3 | H15: =IF(ISBLANK($A15),"",IF(ISERROR(VLOOKUP($A15,'Round 1'!$A$7:$I$206,COLUMN('Round 1'!$G$7),FALSE())),0,VLOOKUP($A15,'Round 1'!$A$7:$I$206,COLUMN('Round 1'!$G$7),FALSE()))+IF(ISERROR(VLOOKUP($A15,'Round 2'!$A$7:$I$206,COLUMN('Round 2'!$G$7),FALSE())),0,VLOOKUP($A15,'Round 2'!$A$7:$I$206,COLUMN('Round 2'!$G$7),FALSE()))+IF(ISERROR(VLOOKUP($A15,'Round 3'!$A$7:$I$206,COLUMN('Round 3'!$G$7),FALSE())),0,VLOOKUP($A15,'Round 3'!$A$7:$I$206,COLUMN('Round 3'!$G$7),FALSE()))) -> 0 | I15: =IF(ISBLANK($A15),"",IF(ISERROR(VLOOKUP($A15,'Round 1'!$A$7:$I$206,COLUMN('Round 1'!$F$7),FALSE())),0,VLOOKUP($A15,'Round 1'!$A$7:$I$206,COLUMN('Round 1'!$F$7),FALSE()))+IF(ISERROR(VLOOKUP($A15,'Round 2'!$A$7:$I$206,COLUMN('Round 2'!$F$7),FALSE())),0,VLOOKUP($A15,'Round 2'!$A$7:$I$206,COLUMN('Round 2'!$F$7),FALSE()))+IF(ISERROR(VLOOKUP($A15,'Round 3'!$A$7:$I$206,COLUMN('Round 3'!$F$7),FALSE())),0,VLOOKUP($A15,'Round 3'!$A$7:$I$206,COLUMN('Round 3'!$F$7),FALSE()))) -> 2 | J15: =IF(ISBLANK($A15),"",IF(ISERROR(VLOOKUP($A15,'Round 1'!$A$7:$I$206,COLUMN('Round 1'!$H$7),FALSE())),0,VLOOKUP($A15,'Round 1'!$A$7:$I$206,COLUMN('Round 1'!$H$7),FALSE()))+IF(ISERROR(VLOOKUP($A15,'Round 2'!$A$7:$I$206,COLUMN('Round 2'!$H$7),FALSE())),0,VLOOKUP($A15,'Round 2'!$A$7:$I$206,COLUMN('Round 2'!$H$7),FALSE()))+IF(ISERROR(VLOOKUP($A15,'Round 3'!$A$7:$I$206,COLUMN('Round 3'!$H$7),FALSE())),0,VLOOKUP($A15,'Round 3'!$A$7:$I$206,COLUMN('Round 3'!$H$7),FALSE()))) -> 132 | K15: =IF(ISBLANK(A15),"",_xlfn.RANK.EQ(P15,$P$7:$P$206)) -> 16 | L15: =IF(ISBLANK($G15),IF($K15>5,"",IF(AND(ISNA(MATCH(K15+1,$K$7:$K$206,0)),$K15<$A$4),"TIE","")),"DQ") | N15: =IF(ISBLANK($G15),$R15,"DQ") -> 16 | O15: =IF(ISBLANK(A15),"",$H15*$O$6+$I15) -> 2 | P15: =IF(ISBLANK(A15),"",$O15*10*$P$6+$J15) -> 3632 | Q15: =IF(ISBLANK($G15),IF(ISBLANK($A15),-10,$P15*$Q$6+IF($M15>0,$Q$6-1-$M15,0)),-1) -> 3632 | R15: =IF(ISBLANK($A15),"",_xlfn.RANK.EQ($Q15,$Q$7:$Q$206)) -> 16 | S15: =IF(ISNA(MATCH($R15+1,$R$7:$R$206,0)),IF($R15=MAX($A$7:$A$206),$R15,-1),$R15) -> 16 | T15: =$A15 -> 9 | U15: =IF(N('Final Round'!$J$14)>0,IF(ISBLANK($A15),"",IF($N15>5,$N15,VLOOKUP($A15,'Final Round'!$A$14:$K$18,COLUMN('Final Round'!$J$1),FALSE()))),"") -> 16 | V15: =IF(ISNUMBER($U15),$U15,$R15) -> 16 | W15: =IF(ISBLANK($A15),"",($V$6-$V15)*$W$6+$W$6-$A15) -> 585 | X15: =IF(ISBLANK($A15),"",_xlfn.RANK.EQ($W15,$W$7:$W$206)) -> 16 | Y15: =$A15 -> 9 | Z15: =IF($U15="",$N15,$U15) -> 16 | AA15: =IF($U15<6,INDEX($AA$1:$AA$5,$Z15)*$Z$2,0) -> 0 | AB15: =IF(ISBLANK($A15),"",5+4*(I15+IF(AA15=0,0,VLOOKUP($A15,'Final Round'!$A$14:$K$18,COLUMN('Final Round'!$G$1),FALSE())))+8*(H15+IF(AA15=0,0,IF(VLOOKUP($A15,'Final Round'!$A$14:$K$18,COLUMN('Final Round'!$J$1),FALSE())=1,1,0)))+$AA15) -> 13
A16: 10 | B16: Danilo | C16: Torrisi | D16: Genova | E16: 10 | F16: =IF(ISBLANK($A16),"",SUM(IF(ISNA(IF(VLOOKUP($A16,'Round 1'!$A$7:$J$206,COLUMN('Round 1'!$H$7),FALSE()),1,NA())),0,1),IF(ISNA(IF(VLOOKUP($A16,'Round 2'!$A$7:$J$206,COLUMN('Round 1'!$H$7),FALSE()),1,NA())),0,1),IF(ISNA(IF(VLOOKUP($A16,'Round 3'!$A$7:$J$206,COLUMN('Round 1'!$H$7),FALSE()),1,NA())),0,1),IF(ISNA(IF(VLOOKUP($A16,'Final Round'!$A$14:$K$18,1,FALSE()),1,NA())),0,1))) -> 3 | H16: =IF(ISBLANK($A16),"",IF(ISERROR(VLOOKUP($A16,'Round 1'!$A$7:$I$206,COLUMN('Round 1'!$G$7),FALSE())),0,VLOOKUP($A16,'Round 1'!$A$7:$I$206,COLUMN('Round 1'!$G$7),FALSE()))+IF(ISERROR(VLOOKUP($A16,'Round 2'!$A$7:$I$206,COLUMN('Round 2'!$G$7),FALSE())),0,VLOOKUP($A16,'Round 2'!$A$7:$I$206,COLUMN('Round 2'!$G$7),FALSE()))+IF(ISERROR(VLOOKUP($A16,'Round 3'!$A$7:$I$206,COLUMN('Round 3'!$G$7),FALSE())),0,VLOOKUP($A16,'Round 3'!$A$7:$I$206,COLUMN('Round 3'!$G$7),FALSE()))) -> 0 | I16: =IF(ISBLANK($A16),"",IF(ISERROR(VLOOKUP($A16,'Round 1'!$A$7:$I$206,COLUMN('Round 1'!$F$7),FALSE())),0,VLOOKUP($A16,'Round 1'!$A$7:$I$206,COLUMN('Round 1'!$F$7),FALSE()))+IF(ISERROR(VLOOKUP($A16,'Round 2'!$A$7:$I$206,COLUMN('Round 2'!$F$7),FALSE())),0,VLOOKUP($A16,'Round 2'!$A$7:$I$206,COLUMN('Round 2'!$F$7),FALSE()))+IF(ISERROR(VLOOKUP($A16,'Round 3'!$A$7:$I$206,COLUMN('Round 3'!$F$7),FALSE())),0,VLOOKUP($A16,'Round 3'!$A$7:$I$206,COLUMN('Round 3'!$F$7),FALSE()))) -> 0 | J16: =IF(ISBLANK($A16),"",IF(ISERROR(VLOOKUP($A16,'Round 1'!$A$7:$I$206,COLUMN('Round 1'!$H$7),FALSE())),0,VLOOKUP($A16,'Round 1'!$A$7:$I$206,COLUMN('Round 1'!$H$7),FALSE()))+IF(ISERROR(VLOOKUP($A16,'Round 2'!$A$7:$I$206,COLUMN('Round 2'!$H$7),FALSE())),0,VLOOKUP($A16,'Round 2'!$A$7:$I$206,COLUMN('Round 2'!$H$7),FALSE()))+IF(ISERROR(VLOOKUP($A16,'Round 3'!$A$7:$I$206,COLUMN('Round 3'!$H$7),FALSE())),0,VLOOKUP($A16,'Round 3'!$A$7:$I$206,COLUMN('Round 3'!$H$7),FALSE()))) -> 72 | K16: =IF(ISBLANK(A16),"",_xlfn.RANK.EQ(P16,$P$7:$P$206)) -> 28 | L16: =IF(ISBLANK($G16),IF($K16>5,"",IF(AND(ISNA(MATCH(K16+1,$K$7:$K$206,0)),$K16<$A$4),"TIE","")),"DQ") | N16: =IF(ISBLANK($G16),$R16,"DQ") -> 28 | O16: =IF(ISBLANK(A16),"",$H16*$O$6+$I16) -> 0 | P16: =IF(ISBLANK(A16),"",$O16*10*$P$6+$J16) -> 72 | Q16: =IF(ISBLANK($G16),IF(ISBLANK($A16),-10,$P16*$Q$6+IF($M16>0,$Q$6-1-$M16,0)),-1) -> 72 | R16: =IF(ISBLANK($A16),"",_xlfn.RANK.EQ($Q16,$Q$7:$Q$206)) -> 28 | S16: =IF(ISNA(MATCH($R16+1,$R$7:$R$206,0)),IF($R16=MAX($A$7:$A$206),$R16,-1),$R16) -> 28 | T16: =$A16 -> 10 | U16: =IF(N('Final Round'!$J$14)>0,IF(ISBLANK($A16),"",IF($N16>5,$N16,VLOOKUP($A16,'Final Round'!$A$14:$K$18,COLUMN('Final Round'!$J$1),FALSE()))),"") -> 28 | V16: =IF(ISNUMBER($U16),$U16,$R16) -> 28 | W16: =IF(ISBLANK($A16),"",($V$6-$V16)*$W$6+$W$6-$A16) -> 188 | X16: =IF(ISBLANK($A16),"",_xlfn.RANK.EQ($W16,$W$7:$W$206)) -> 28 | Y16: =$A16 -> 10 | Z16: =IF($U16="",$N16,$U16) -> 28 | AA16: =IF($U16<6,INDEX($AA$1:$AA$5,$Z16)*$Z$2,0) -> 0 | AB16: =IF(ISBLANK($A16),"",5+4*(I16+IF(AA16=0,0,VLOOKUP($A16,'Final Round'!$A$14:$K$18,COLUMN('Final Round'!$G$1),FALSE())))+8*(H16+IF(AA16=0,0,IF(VLOOKUP($A16,'Final Round'!$A$14:$K$18,COLUMN('Final Round'!$J$1),FALSE())=1,1,0)))+$AA16) -> 5
A17: 11 | B17: Lasse | C17: Aagaard | D17: Naestved | E17: 11 | F17: =IF(ISBLANK($A17),"",SUM(IF(ISNA(IF(VLOOKUP($A17,'Round 1'!$A$7:$J$206,COLUMN('Round 1'!$H$7),FALSE()),1,NA())),0,1),IF(ISNA(IF(VLOOKUP($A17,'Round 2'!$A$7:$J$206,COLUMN('Round 1'!$H$7),FALSE()),1,NA())),0,1),IF(ISNA(IF(VLOOKUP($A17,'Round 3'!$A$7:$J$206,COLUMN('Round 1'!$H$7),FALSE()),1,NA())),0,1),IF(ISNA(IF(VLOOKUP($A17,'Final Round'!$A$14:$K$18,1,FALSE()),1,NA())),0,1))) -> 3 | H17: =IF(ISBLANK($A17),"",IF(ISERROR(VLOOKUP($A17,'Round 1'!$A$7:$I$206,COLUMN('Round 1'!$G$7),FALSE())),0,VLOOKUP($A17,'Round 1'!$A$7:$I$206,COLUMN('Round 1'!$G$7),FALSE()))+IF(ISERROR(VLOOKUP($A17,'Round 2'!$A$7:$I$206,COLUMN('Round 2'!$G$7),FALSE())),0,VLOOKUP($A17,'Round 2'!$A$7:$I$206,COLUMN('Round 2'!$G$7),FALSE()))+IF(ISERROR(VLOOKUP($A17,'Round 3'!$A$7:$I$206,COLUMN('Round 3'!$G$7),FALSE())),0,VLOOKUP($A17,'Round 3'!$A$7:$I$206,COLUMN('Round 3'!$G$7),FALSE()))) -> 0 | I17: =IF(ISBLANK($A17),"",IF(ISERROR(VLOOKUP($A17,'Round 1'!$A$7:$I$206,COLUMN('Round 1'!$F$7),FALSE())),0,VLOOKUP($A17,'Round 1'!$A$7:$I$206,COLUMN('Round 1'!$F$7),FALSE()))+IF(ISERROR(VLOOKUP($A17,'Round 2'!$A$7:$I$206,COLUMN('Round 2'!$F$7),FALSE())),0,VLOOKUP($A17,'Round 2'!$A$7:$I$206,COLUMN('Round 2'!$F$7),FALSE()))+IF(ISERROR(VLOOKUP($A17,'Round 3'!$A$7:$I$206,COLUMN('Round 3'!$F$7),FALSE())),0,VLOOKUP($A17,'Round 3'!$A$7:$I$206,COLUMN('Round 3'!$F$7),FALSE()))) -> 2 | J17: =IF(ISBLANK($A17),"",IF(ISERROR(VLOOKUP($A17,'Round 1'!$A$7:$I$206,COLUMN('Round 1'!$H$7),FALSE())),0,VLOOKUP($A17,'Round 1'!$A$7:$I$206,COLUMN('Round 1'!$H$7),FALSE()))+IF(ISERROR(VLOOKUP($A17,'Round 2'!$A$7:$I$206,COLUMN('Round 2'!$H$7),FALSE())),0,VLOOKUP($A17,'Round 2'!$A$7:$I$206,COLUMN('Round 2'!$H$7),FALSE()))+IF(ISERROR(VLOOKUP($A17,'Round 3'!$A$7:$I$206,COLUMN('Round 3'!$H$7),FALSE())),0,VLOOKUP($A17,'Round 3'!$A$7:$I$206,COLUMN('Round 3'!$H$7),FALSE()))) -> 90 | K17: =IF(ISBLANK(A17),"",_xlfn.RANK.EQ(P17,$P$7:$P$206)) -> 21 | L17: =IF(ISBLANK($G17),IF($K17>5,"",IF(AND(ISNA(MATCH(K17+1,$K$7:$K$206,0)),$K17<$A$4),"TIE","")),"DQ") | N17: =IF(ISBLANK($G17),$R17,"DQ") -> 21 | O17: =IF(ISBLANK(A17),"",$H17*$O$6+$I17) -> 2 | P17: =IF(ISBLANK(A17),"",$O17*10*$P$6+$J17) -> 3590 | Q17: =IF(ISBLANK($G17),IF(ISBLANK($A17),-10,$P17*$Q$6+IF($M17>0,$Q$6-1-$M17,0)),-1) -> 3590 | R17: =IF(ISBLANK($A17),"",_xlfn.RANK.EQ($Q17,$Q$7:$Q$206)) -> 21 | S17: =IF(ISNA(MATCH($R17+1,$R$7:$R$206,0)),IF($R17=MAX($A$7:$A$206),$R17,-1),$R17) -> 21 | T17: =$A17 -> 11 | U17: =IF(N('Final Round'!$J$14)>0,IF(ISBLANK($A17),"",IF($N17>5,$N17,VLOOKUP($A17,'Final Round'!$A$14:$K$18,COLUMN('Final Round'!$J$1),FALSE()))),"") -> 21 | V17: =IF(ISNUMBER($U17),$U17,$R17) -> 21 | W17: =IF(ISBLANK($A17),"",($V$6-$V17)*$W$6+$W$6-$A17) -> 418 | X17: =IF(ISBLANK($A17),"",_xlfn.RANK.EQ($W17,$W$7:$W$206)) -> 21 | Y17: =$A17 -> 11 | Z17: =IF($U17="",$N17,$U17) -> 21 | AA17: =IF($U17<6,INDEX($AA$1:$AA$5,$Z17)*$Z$2,0) -> 0 | AB17: =IF(ISBLANK($A17),"",5+4*(I17+IF(AA17=0,0,VLOOKUP($A17,'Final Round'!$A$14:$K$18,COLUMN('Final Round'!$G$1),FALSE())))+8*(H17+IF(AA17=0,0,IF(VLOOKUP($A17,'Final Round'!$A$14:$K$18,COLUMN('Final Round'!$J$1),FALSE())=1,1,0)))+$AA17) -> 13
A18: 12 | B18: Gyula | C18: Erdos | D18: Budapest | E18: 12 | F18: =IF(ISBLANK($A18),"",SUM(IF(ISNA(IF(VLOOKUP($A18,'Round 1'!$A$7:$J$206,COLUMN('Round 1'!$H$7),FALSE()),1,NA())),0,1),IF(ISNA(IF(VLOOKUP($A18,'Round 2'!$A$7:$J$206,COLUMN('Round 1'!$H$7),FALSE()),1,NA())),0,1),IF(ISNA(IF(VLOOKUP($A18,'Round 3'!$A$7:$J$206,COLUMN('Round 1'!$H$7),FALSE()),1,NA())),0,1),IF(ISNA(IF(VLOOKUP($A18,'Final Round'!$A$14:$K$18,1,FALSE()),1,NA())),0,1))) -> 3 | H18: =IF(ISBLANK($A18),"",IF(ISERROR(VLOOKUP($A18,'Round 1'!$A$7:$I$206,COLUMN('Round 1'!$G$7),FALSE())),0,VLOOKUP($A18,'Round 1'!$A$7:$I$206,COLUMN('Round 1'!$G$7),FALSE()))+IF(ISERROR(VLOOKUP($A18,'Round 2'!$A$7:$I$206,COLUMN('Round 2'!$G$7),FALSE())),0,VLOOKUP($A18,'Round 2'!$A$7:$I$206,COLUMN('Round 2'!$G$7),FALSE()))+IF(ISERROR(VLOOKUP($A18,'Round 3'!$A$7:$I$206,COLUMN('Round 3'!$G$7),FALSE())),0,VLOOKUP($A18,'Round 3'!$A$7:$I$206,COLUMN('Round 3'!$G$7),FALSE()))) -> 1 | I18: =IF(ISBLANK($A18),"",IF(ISERROR(VLOOKUP($A18,'Round 1'!$A$7:$I$206,COLUMN('Round 1'!$F$7),FALSE())),0,VLOOKUP($A18,'Round 1'!$A$7:$I$206,COLUMN('Round 1'!$F$7),FALSE()))+IF(ISERROR(VLOOKUP($A18,'Round 2'!$A$7:$I$206,COLUMN('Round 2'!$F$7),FALSE())),0,VLOOKUP($A18,'Round 2'!$A$7:$I$206,COLUMN('Round 2'!$F$7),FALSE()))+IF(ISERROR(VLOOKUP($A18,'Round 3'!$A$7:$I$206,COLUMN('Round 3'!$F$7),FALSE())),0,VLOOKUP($A18,'Round 3'!$A$7:$I$206,COLUMN('Round 3'!$F$7),FALSE()))) -> 4 | J18: =IF(ISBLANK($A18),"",IF(ISERROR(VLOOKUP($A18,'Round 1'!$A$7:$I$206,COLUMN('Round 1'!$H$7),FALSE())),0,VLOOKUP($A18,'Round 1'!$A$7:$I$206,COLUMN('Round 1'!$H$7),FALSE()))+IF(ISERROR(VLOOKUP($A18,'Round 2'!$A$7:$I$206,COLUMN('Round 2'!$H$7),FALSE())),0,VLOOKUP($A18,'Round 2'!$A$7:$I$206,COLUMN('Round 2'!$H$7),FALSE()))+IF(ISERROR(VLOOKUP($A18,'Round 3'!$A$7:$I$206,COLUMN('Round 3'!$H$7),FALSE())),0,VLOOKUP($A18,'Round 3'!$A$7:$I$206,COLUMN('Round 3'!$H$7),FALSE()))) -> 120 | K18: =IF(ISBLANK(A18),"",_xlfn.RANK.EQ(P18,$P$7:$P$206)) -> 9 | L18: =IF(ISBLANK($G18),IF($K18>5,"",IF(AND(ISNA(MATCH(K18+1,$K$7:$K$206,0)),$K18<$A$4),"TIE","")),"DQ") | N18: =IF(ISBLANK($G18),$R18,"DQ") -> 9 | O18: =IF(ISBLANK(A18),"",$H18*$O$6+$I18) -> 13 | P18: =IF(ISBLANK(A18),"",$O18*10*$P$6+$J18) -> 22870 | Q18: =IF(ISBLANK($G18),IF(ISBLANK($A18),-10,$P18*$Q$6+IF($M18>0,$Q$6-1-$M18,0)),-1) -> 22870 | R18: =IF(ISBLANK($A18),"",_xlfn.RANK.EQ($Q18,$Q$7:$Q$206)) -> 9 | S18: =IF(ISNA(MATCH($R18+1,$R$7:$R$206,0)),IF($R18=MAX($A$7:$A$206),$R18,-1),$R18) -> -1 | T18: =$A18 -> 12 | U18: =IF(N('Final Round'!$J$14)>0,IF(ISBLANK($A18),"",IF($N18>5,$N18,VLOOKUP($A18,'Final Round'!$A$14:$K$18,COLUMN('Final Round'!$J$1),FALSE()))),"") -> 9 | V18: =IF(ISNUMBER($U18),$U18,$R18) -> 9 | W18: =IF(ISBLANK($A18),"",($V$6-$V18)*$W$6+$W$6-$A18) -> 813 | X18: =IF(ISBLANK($A18),"",_xlfn.RANK.EQ($W18,$W$7:$W$206)) -> 10 | Y18: =$A18 -> 12 | Z18: =IF($U18="",$N18,$U18) -> 9 | AA18: =IF($U18<6,INDEX($AA$1:$AA$5,$Z18)*$Z$2,0) -> 0 | AB18: =IF(ISBLANK($A18),"",5+4*(I18+IF(AA18=0,0,VLOOKUP($A18,'Final Round'!$A$14:$K$18,COLUMN('Final Round'!$G$1),FALSE())))+8*(H18+IF(AA18=0,0,IF(VLOOKUP($A18,'Final Round'!$A$14:$K$18,COLUMN('Final Round'!$J$1),FALSE())=1,1,0)))+$AA18) -> 29
... A23: 17 | B23: Martin | C23: Weinmyer | D23: Vienna | E23: 17 | F23: =IF(ISBLANK($A23),"",SUM(IF(ISNA(IF(VLOOKUP($A23,'Round 1'!$A$7:$J$206,COLUMN('Round 1'!$H$7),FALSE()),1,NA())),0,1),IF(ISNA(IF(VLOOKUP($A23,'Round 2'!$A$7:$J$206,COLUMN('Round 1'!$H$7),FALSE()),1,NA())),0,1),IF(ISNA(IF(VLOOKUP($A23,'Round 3'!$A$7:$J$206,COLUMN('Round 1'!$H$7),FALSE()),1,NA())),0,1),IF(ISNA(IF(VLOOKUP($A23,'Final Round'!$A$14:$K$18,1,FALSE()),1,NA())),0,1))) -> 2 | H23: =IF(ISBLANK($A23),"",IF(ISERROR(VLOOKUP($A23,'Round 1'!$A$7:$I$206,COLUMN('Round 1'!$G$7),FALSE())),0,VLOOKUP($A23,'Round 1'!$A$7:$I$206,COLUMN('Round 1'!$G$7),FALSE()))+IF(ISERROR(VLOOKUP($A23,'Round 2'!$A$7:$I$206,COLUMN('Round 2'!$G$7),FALSE())),0,VLOOKUP($A23,'Round 2'!$A$7:$I$206,COLUMN('Round 2'!$G$7),FALSE()))+IF(ISERROR(VLOOKUP($A23,'Round 3'!$A$7:$I$206,COLUMN('Round 3'!$G$7),FALSE())),0,VLOOKUP($A23,'Round 3'!$A$7:$I$206,COLUMN('Round 3'!$G$7),FALSE()))) -> 1 | I23: =IF(ISBLANK($A23),"",IF(ISERROR(VLOOKUP($A23,'Round 1'!$A$7:$I$206,COLUMN('Round 1'!$F$7),FALSE())),0,VLOOKUP($A23,'Round 1'!$A$7:$I$206,COLUMN('Round 1'!$F$7),FALSE()))+IF(ISERROR(VLOOKUP($A23,'Round 2'!$A$7:$I$206,COLUMN('Round 2'!$F$7),FALSE())),0,VLOOKUP($A23,'Round 2'!$A$7:$I$206,COLUMN('Round 2'!$F$7),FALSE()))+IF(ISERROR(VLOOKUP($A23,'Round 3'!$A$7:$I$206,COLUMN('Round 3'!$F$7),FALSE())),0,VLOOKUP($A23,'Round 3'!$A$7:$I$206,COLUMN('Round 3'!$F$7),FALSE()))) -> 4.5 | J23: =IF(ISBLANK($A23),"",IF(ISERROR(VLOOKUP($A23,'Round 1'!$A$7:$I$206,COLUMN('Round 1'!$H$7),FALSE())),0,VLOOKUP($A23,'Round 1'!$A$7:$I$206,COLUMN('Round 1'!$H$7),FALSE()))+IF(ISERROR(VLOOKUP($A23,'Round 2'!$A$7:$I$206,COLUMN('Round 2'!$H$7),FALSE())),0,VLOOKUP($A23,'Round 2'!$A$7:$I$206,COLUMN('Round 2'!$H$7),FALSE()))+IF(ISERROR(VLOOKUP($A23,'Round 3'!$A$7:$I$206,COLUMN('Round 3'!$H$7),FALSE())),0,VLOOKUP($A23,'Round 3'!$A$7:$I$206,COLUMN('Round 3'!$H$7),FALSE()))) -> 84 | K23: =IF(ISBLANK(A23),"",_xlfn.RANK.EQ(P23,$P$7:$P$206)) -> 7 | L23: =IF(ISBLANK($G23),IF($K23>5,"",IF(AND(ISNA(MATCH(K23+1,$K$7:$K$206,0)),$K23<$A$4),"TIE","")),"DQ") | N23: =IF(ISBLANK($G23),$R23,"DQ") -> 7 | O23: =IF(ISBLANK(A23),"",$H23*$O$6+$I23) -> 13.5 | P23: =IF(ISBLANK(A23),"",$O23*10*$P$6+$J23) -> 23709 | Q23: =IF(ISBLANK($G23),IF(ISBLANK($A23),-10,$P23*$Q$6+IF($M23>0,$Q$6-1-$M23,0)),-1) -> 23709 | R23: =IF(ISBLANK($A23),"",_xlfn.RANK.EQ($Q23,$Q$7:$Q$206)) -> 7 | S23: =IF(ISNA(MATCH($R23+1,$R$7:$R$206,0)),IF($R23=MAX($A$7:$A$206),$R23,-1),$R23) -> 7 | T23: =$A23 -> 17 | U23: =IF(N('Final Round'!$J$14)>0,IF(ISBLANK($A23),"",IF($N23>5,$N23,VLOOKUP($A23,'Final Round'!$A$14:$K$18,COLUMN('Final Round'!$J$1),FALSE()))),"") -> 7 | V23: =IF(ISNUMBER($U23),$U23,$R23) -> 7 | W23: =IF(ISBLANK($A23),"",($V$6-$V23)*$W$6+$W$6-$A23) -> 874 | X23: =IF(ISBLANK($A23),"",_xlfn.RANK.EQ($W23,$W$7:$W$206)) -> 7 | Y23: =$A23 -> 17 | Z23: =IF($U23="",$N23,$U23) -> 7 | AA23: =IF($U23<6,INDEX($AA$1:$AA$5,$Z23)*$Z$2,0) -> 0 | AB23: =IF(ISBLANK($A23),"",5+4*(I23+IF(AA23=0,0,VLOOKUP($A23,'Final Round'!$A$14:$K$18,COLUMN('Final Round'!$G$1),FALSE())))+8*(H23+IF(AA23=0,0,IF(VLOOKUP($A23,'Final Round'!$A$14:$K$18,COLUMN('Final Round'!$J$1),FALSE())=1,1,0)))+$AA23) -> 31
A24: 18 | B24: Jozef | C24: Patrnciak | E24: 1003 | F24: =IF(ISBLANK($A24),"",SUM(IF(ISNA(IF(VLOOKUP($A24,'Round 1'!$A$7:$J$206,COLUMN('Round 1'!$H$7),FALSE()),1,NA())),0,1),IF(ISNA(IF(VLOOKUP($A24,'Round 2'!$A$7:$J$206,COLUMN('Round 1'!$H$7),FALSE()),1,NA())),0,1),IF(ISNA(IF(VLOOKUP($A24,'Round 3'!$A$7:$J$206,COLUMN('Round 1'!$H$7),FALSE()),1,NA())),0,1),IF(ISNA(IF(VLOOKUP($A24,'Final Round'!$A$14:$K$18,1,FALSE()),1,NA())),0,1))) -> 4 | H24: =IF(ISBLANK($A24),"",IF(ISERROR(VLOOKUP($A24,'Round 1'!$A$7:$I$206,COLUMN('Round 1'!$G$7),FALSE())),0,VLOOKUP($A24,'Round 1'!$A$7:$I$206,COLUMN('Round 1'!$G$7),FALSE()))+IF(ISERROR(VLOOKUP($A24,'Round 2'!$A$7:$I$206,COLUMN('Round 2'!$G$7),FALSE())),0,VLOOKUP($A24,'Round 2'!$A$7:$I$206,COLUMN('Round 2'!$G$7),FALSE()))+IF(ISERROR(VLOOKUP($A24,'Round 3'!$A$7:$I$206,COLUMN('Round 3'!$G$7),FALSE())),0,VLOOKUP($A24,'Round 3'!$A$7:$I$206,COLUMN('Round 3'!$G$7),FALSE()))) -> 2 | I24: =IF(ISBLANK($A24),"",IF(ISERROR(VLOOKUP($A24,'Round 1'!$A$7:$I$206,COLUMN('Round 1'!$F$7),FALSE())),0,VLOOKUP($A24,'Round 1'!$A$7:$I$206,COLUMN('Round 1'!$F$7),FALSE()))+IF(ISERROR(VLOOKUP($A24,'Round 2'!$A$7:$I$206,COLUMN('Round 2'!$F$7),FALSE())),0,VLOOKUP($A24,'Round 2'!$A$7:$I$206,COLUMN('Round 2'!$F$7),FALSE()))+IF(ISERROR(VLOOKUP($A24,'Round 3'!$A$7:$I$206,COLUMN('Round 3'!$F$7),FALSE())),0,VLOOKUP($A24,'Round 3'!$A$7:$I$206,COLUMN('Round 3'!$F$7),FALSE()))) -> 6.5 | J24: =IF(ISBLANK($A24),"",IF(ISERROR(VLOOKUP($A24,'Round 1'!$A$7:$I$206,COLUMN('Round 1'!$H$7),FALSE())),0,VLOOKUP($A24,'Round 1'!$A$7:$I$206,COLUMN('Round 1'!$H$7),FALSE()))+IF(ISERROR(VLOOKUP($A24,'Round 2'!$A$7:$I$206,COLUMN('Round 2'!$H$7),FALSE())),0,VLOOKUP($A24,'Round 2'!$A$7:$I$206,COLUMN('Round 2'!$H$7),FALSE()))+IF(ISERROR(VLOOKUP($A24,'Round 3'!$A$7:$I$206,COLUMN('Round 3'!$H$7),FALSE())),0,VLOOKUP($A24,'Round 3'!$A$7:$I$206,COLUMN('Round 3'!$H$7),FALSE()))) -> 144 | K24: =IF(ISBLANK(A24),"",_xlfn.RANK.EQ(P24,$P$7:$P$206)) -> 4 | L24: =IF(ISBLANK($G24),IF($K24>5,"",IF(AND(ISNA(MATCH(K24+1,$K$7:$K$206,0)),$K24<$A$4),"TIE","")),"DQ") | N24: =IF(ISBLANK($G24),$R24,"DQ") -> 4 | O24: =IF(ISBLANK(A24),"",$H24*$O$6+$I24) -> 24.5 | P24: =IF(ISBLANK(A24),"",$O24*10*$P$6+$J24) -> 43019 | Q24: =IF(ISBLANK($G24),IF(ISBLANK($A24),-10,$P24*$Q$6+IF($M24>0,$Q$6-1-$M24,0)),-1) -> 43019 | R24: =IF(ISBLANK($A24),"",_xlfn.RANK.EQ($Q24,$Q$7:$Q$206)) -> 4 | S24: =IF(ISNA(MATCH($R24+1,$R$7:$R$206,0)),IF($R24=MAX($A$7:$A$206),$R24,-1),$R24) -> 4 | T24: =$A24 -> 18 | U24: =IF(N('Final Round'!$J$14)>0,IF(ISBLANK($A24),"",IF($N24>5,$N24,VLOOKUP($A24,'Final Round'!$A$14:$K$18,COLUMN('Final Round'!$J$1),FALSE()))),"") -> 2 | V24: =IF(ISNUMBER($U24),$U24,$R24) -> 2 | W24: =IF(ISBLANK($A24),"",($V$6-$V24)*$W$6+$W$6-$A24) -> 1038 | X24: =IF(ISBLANK($A24),"",_xlfn.RANK.EQ($W24,$W$7:$W$206)) -> 3 | Y24: =$A24 -> 18 | Z24: =IF($U24="",$N24,$U24) -> 2 | AA24: =IF($U24<6,INDEX($AA$1:$AA$5,$Z24)*$Z$2,0) -> 46.787407 | AB24: =IF(ISBLANK($A24),"",5+4*(I24+IF(AA24=0,0,VLOOKUP($A24,'Final Round'!$A$14:$K$18,COLUMN('Final Round'!$G$1),FALSE())))+8*(H24+IF(AA24=0,0,IF(VLOOKUP($A24,'Final Round'!$A$14:$K$18,COLUMN('Final Round'!$J$1),FALSE())=1,1,0)))+$AA24) -> 95.787407
A25: 19 | B25: Ben | C25: Fox | D25: Cork | E25: 19 | F25: =IF(ISBLANK($A25),"",SUM(IF(ISNA(IF(VLOOKUP($A25,'Round 1'!$A$7:$J$206,COLUMN('Round 1'!$H$7),FALSE()),1,NA())),0,1),IF(ISNA(IF(VLOOKUP($A25,'Round 2'!$A$7:$J$206,COLUMN('Round 1'!$H$7),FALSE()),1,NA())),0,1),IF(ISNA(IF(VLOOKUP($A25,'Round 3'!$A$7:$J$206,COLUMN('Round 1'!$H$7),FALSE()),1,NA())),0,1),IF(ISNA(IF(VLOOKUP($A25,'Final Round'!$A$14:$K$18,1,FALSE()),1,NA())),0,1))) -> 3 | H25: =IF(ISBLANK($A25),"",IF(ISERROR(VLOOKUP($A25,'Round 1'!$A$7:$I$206,COLUMN('Round 1'!$G$7),FALSE())),0,VLOOKUP($A25,'Round 1'!$A$7:$I$206,COLUMN('Round 1'!$G$7),FALSE()))+IF(ISERROR(VLOOKUP($A25,'Round 2'!$A$7:$I$206,COLUMN('Round 2'!$G$7),FALSE())),0,VLOOKUP($A25,'Round 2'!$A$7:$I$206,COLUMN('Round 2'!$G$7),FALSE()))+IF(ISERROR(VLOOKUP($A25,'Round 3'!$A$7:$I$206,COLUMN('Round 3'!$G$7),FALSE())),0,VLOOKUP($A25,'Round 3'!$A$7:$I$206,COLUMN('Round 3'!$G$7),FALSE()))) -> 0 | I25: =IF(ISBLANK($A25),"",IF(ISERROR(VLOOKUP($A25,'Round 1'!$A$7:$I$206,COLUMN('Round 1'!$F$7),FALSE())),0,VLOOKUP($A25,'Round 1'!$A$7:$I$206,COLUMN('Round 1'!$F$7),FALSE()))+IF(ISERROR(VLOOKUP($A25,'Round 2'!$A$7:$I$206,COLUMN('Round 2'!$F$7),FALSE())),0,VLOOKUP($A25,'Round 2'!$A$7:$I$206,COLUMN('Round 2'!$F$7),FALSE()))+IF(ISERROR(VLOOKUP($A25,'Round 3'!$A$7:$I$206,COLUMN('Round 3'!$F$7),FALSE())),0,VLOOKUP($A25,'Round 3'!$A$7:$I$206,COLUMN('Round 3'!$F$7),FALSE()))) -> 1.5 | J25: =IF(ISBLANK($A25),"",IF(ISERROR(VLOOKUP($A25,'Round 1'!$A$7:$I$206,COLUMN('Round 1'!$H$7),FALSE())),0,VLOOKUP($A25,'Round 1'!$A$7:$I$206,COLUMN('Round 1'!$H$7),FALSE()))+IF(ISERROR(VLOOKUP($A25,'Round 2'!$A$7:$I$206,COLUMN('Round 2'!$H$7),FALSE())),0,VLOOKUP($A25,'Round 2'!$A$7:$I$206,COLUMN('Round 2'!$H$7),FALSE()))+IF(ISERROR(VLOOKUP($A25,'Round 3'!$A$7:$I$206,COLUMN('Round 3'!$H$7),FALSE())),0,VLOOKUP($A25,'Round 3'!$A$7:$I$206,COLUMN('Round 3'!$H$7),FALSE()))) -> 102 | K25: =IF(ISBLANK(A25),"",_xlfn.RANK.EQ(P25,$P$7:$P$206)) -> 22 | L25: =IF(ISBLANK($G25),IF($K25>5,"",IF(AND(ISNA(MATCH(K25+1,$K$7:$K$206,0)),$K25<$A$4),"TIE","")),"DQ") | N25: =IF(ISBLANK($G25),$R25,"DQ") -> 22 | O25: =IF(ISBLANK(A25),"",$H25*$O$6+$I25) -> 1.5 | P25: =IF(ISBLANK(A25),"",$O25*10*$P$6+$J25) -> 2727 | Q25: =IF(ISBLANK($G25),IF(ISBLANK($A25),-10,$P25*$Q$6+IF($M25>0,$Q$6-1-$M25,0)),-1) -> 2727 | R25: =IF(ISBLANK($A25),"",_xlfn.RANK.EQ($Q25,$Q$7:$Q$206)) -> 22 | S25: =IF(ISNA(MATCH($R25+1,$R$7:$R$206,0)),IF($R25=MAX($A$7:$A$206),$R25,-1),$R25) -> 22 | T25: =$A25 -> 19 | U25: =IF(N('Final Round'!$J$14)>0,IF(ISBLANK($A25),"",IF($N25>5,$N25,VLOOKUP($A25,'Final Round'!$A$14:$K$18,COLUMN('Final Round'!$J$1),FALSE()))),"") -> 22 | V25: =IF(ISNUMBER($U25),$U25,$R25) -> 22 | W25: =IF(ISBLANK($A25),"",($V$6-$V25)*$W$6+$W$6-$A25) -> 377 | X25: =IF(ISBLANK($A25),"",_xlfn.RANK.EQ($W25,$W$7:$W$206)) -> 22 | Y25: =$A25 -> 19 | Z25: =IF($U25="",$N25,$U25) -> 22 | AA25: =IF($U25<6,INDEX($AA$1:$AA$5,$Z25)*$Z$2,0) -> 0 | AB25: =IF(ISBLANK($A25),"",5+4*(I25+IF(AA25=0,0,VLOOKUP($A25,'Final Round'!$A$14:$K$18,COLUMN('Final Round'!$G$1),FALSE())))+8*(H25+IF(AA25=0,0,IF(VLOOKUP($A25,'Final Round'!$A$14:$K$18,COLUMN('Final Round'!$J$1),FALSE())=1,1,0)))+$AA25) -> 11
A26: 20 | B26: Tommi | C26: Hakomaa | E26: 1001 | F26: =IF(ISBLANK($A26),"",SUM(IF(ISNA(IF(VLOOKUP($A26,'Round 1'!$A$7:$J$206,COLUMN('Round 1'!$H$7),FALSE()),1,NA())),0,1),IF(ISNA(IF(VLOOKUP($A26,'Round 2'!$A$7:$J$206,COLUMN('Round 1'!$H$7),FALSE()),1,NA())),0,1),IF(ISNA(IF(VLOOKUP($A26,'Round 3'!$A$7:$J$206,COLUMN('Round 1'!$H$7),FALSE()),1,NA())),0,1),IF(ISNA(IF(VLOOKUP($A26,'Final Round'!$A$14:$K$18,1,FALSE()),1,NA())),0,1))) -> 4 | H26: =IF(ISBLANK($A26),"",IF(ISERROR(VLOOKUP($A26,'Round 1'!$A$7:$I$206,COLUMN('Round 1'!$G$7),FALSE())),0,VLOOKUP($A26,'Round 1'!$A$7:$I$206,COLUMN('Round 1'!$G$7),FALSE()))+IF(ISERROR(VLOOKUP($A26,'Round 2'!$A$7:$I$206,COLUMN('Round 2'!$G$7),FALSE())),0,VLOOKUP($A26,'Round 2'!$A$7:$I$206,COLUMN('Round 2'!$G$7),FALSE()))+IF(ISERROR(VLOOKUP($A26,'Round 3'!$A$7:$I$206,COLUMN('Round 3'!$G$7),FALSE())),0,VLOOKUP($A26,'Round 3'!$A$7:$I$206,COLUMN('Round 3'!$G$7),FALSE()))) -> 2 | I26: =IF(ISBLANK($A26),"",IF(ISERROR(VLOOKUP($A26,'Round 1'!$A$7:$I$206,COLUMN('Round 1'!$F$7),FALSE())),0,VLOOKUP($A26,'Round 1'!$A$7:$I$206,COLUMN('Round 1'!$F$7),FALSE()))+IF(ISERROR(VLOOKUP($A26,'Round 2'!$A$7:$I$206,COLUMN('Round 2'!$F$7),FALSE())),0,VLOOKUP($A26,'Round 2'!$A$7:$I$206,COLUMN('Round 2'!$F$7),FALSE()))+IF(ISERROR(VLOOKUP($A26,'Round 3'!$A$7:$I$206,COLUMN('Round 3'!$F$7),FALSE())),0,VLOOKUP($A26,'Round 3'!$A$7:$I$206,COLUMN('Round 3'!$F$7),FALSE()))) -> 7 | J26: =IF(ISBLANK($A26),"",IF(ISERROR(VLOOKUP($A26,'Round 1'!$A$7:$I$206,COLUMN('Round 1'!$H$7),FALSE())),0,VLOOKUP($A26,'Round 1'!$A$7:$I$206,COLUMN('Round 1'!$H$7),FALSE()))+IF(ISERROR(VLOOKUP($A26,'Round 2'!$A$7:$I$206,COLUMN('Round 2'!$H$7),FALSE())),0,VLOOKUP($A26,'Round 2'!$A$7:$I$206,COLUMN('Round 2'!$H$7),FALSE()))+IF(ISERROR(VLOOKUP($A26,'Round 3'!$A$7:$I$206,COLUMN('Round 3'!$H$7),FALSE())),0,VLOOKUP($A26,'Round 3'!$A$7:$I$206,COLUMN('Round 3'!$H$7),FALSE()))) -> 144 | K26: =IF(ISBLANK(A26),"",_xlfn.RANK.EQ(P26,$P$7:$P$206)) -> 3 | L26: =IF(ISBLANK($G26),IF($K26>5,"",IF(AND(ISNA(MATCH(K26+1,$K$7:$K$206,0)),$K26<$A$4),"TIE","")),"DQ") | N26: =IF(ISBLANK($G26),$R26,"DQ") -> 3 | O26: =IF(ISBLANK(A26),"",$H26*$O$6+$I26) -> 25 | P26: =IF(ISBLANK(A26),"",$O26*10*$P$6+$J26) -> 43894 | Q26: =IF(ISBLANK($G26),IF(ISBLANK($A26),-10,$P26*$Q$6+IF($M26>0,$Q$6-1-$M26,0)),-1) -> 43894 | R26: =IF(ISBLANK($A26),"",_xlfn.RANK.EQ($Q26,$Q$7:$Q$206)) -> 3 | S26: =IF(ISNA(MATCH($R26+1,$R$7:$R$206,0)),IF($R26=MAX($A$7:$A$206),$R26,-1),$R26) -> 3 | T26: =$A26 -> 20 | U26: =IF(N('Final Round'!$J$14)>0,IF(ISBLANK($A26),"",IF($N26>5,$N26,VLOOKUP($A26,'Final Round'!$A$14:$K$18,COLUMN('Final Round'!$J$1),FALSE()))),"") -> 1 | V26: =IF(ISNUMBER($U26),$U26,$R26) -> 1 | W26: =IF(ISBLANK($A26),"",($V$6-$V26)*$W$6+$W$6-$A26) -> 1069 | X26: =IF(ISBLANK($A26),"",_xlfn.RANK.EQ($W26,$W$7:$W$206)) -> 1 | Y26: =$A26 -> 20 | Z26: =IF($U26="",$N26,$U26) -> 1 | AA26: =IF($U26<6,INDEX($AA$1:$AA$5,$Z26)*$Z$2,0) -> 140.36222 | AB26: =IF(ISBLANK($A26),"",5+4*(I26+IF(AA26=0,0,VLOOKUP($A26,'Final Round'!$A$14:$K$18,COLUMN('Final Round'!$G$1),FALSE())))+8*(H26+IF(AA26=0,0,IF(VLOOKUP($A26,'Final Round'!$A$14:$K$18,COLUMN('Final Round'!$J$1),FALSE())=1,1,0)))+$AA26) -> 203.36222
A27: 21 | B27: Stanisław | C27: Szczepaniak | D27: Zielona Góra | E27: 21 | F27: =IF(ISBLANK($A27),"",SUM(IF(ISNA(IF(VLOOKUP($A27,'Round 1'!$A$7:$J$206,COLUMN('Round 1'!$H$7),FALSE()),1,NA())),0,1),IF(ISNA(IF(VLOOKUP($A27,'Round 2'!$A$7:$J$206,COLUMN('Round 1'!$H$7),FALSE()),1,NA())),0,1),IF(ISNA(IF(VLOOKUP($A27,'Round 3'!$A$7:$J$206,COLUMN('Round 1'!$H$7),FALSE()),1,NA())),0,1),IF(ISNA(IF(VLOOKUP($A27,'Final Round'!$A$14:$K$18,1,FALSE()),1,NA())),0,1))) -> 3 | H27: =IF(ISBLANK($A27),"",IF(ISERROR(VLOOKUP($A27,'Round 1'!$A$7:$I$206,COLUMN('Round 1'!$G$7),FALSE())),0,VLOOKUP($A27,'Round 1'!$A$7:$I$206,COLUMN('Round 1'!$G$7),FALSE()))+IF(ISERROR(VLOOKUP($A27,'Round 2'!$A$7:$I$206,COLUMN('Round 2'!$G$7),FALSE())),0,VLOOKUP($A27,'Round 2'!$A$7:$I$206,COLUMN('Round 2'!$G$7),FALSE()))+IF(ISERROR(VLOOKUP($A27,'Round 3'!$A$7:$I$206,COLUMN('Round 3'!$G$7),FALSE())),0,VLOOKUP($A27,'Round 3'!$A$7:$I$206,COLUMN('Round 3'!$G$7),FALSE()))) -> 0 | I27: =IF(ISBLANK($A27),"",IF(ISERROR(VLOOKUP($A27,'Round 1'!$A$7:$I$206,COLUMN('Round 1'!$F$7),FALSE())),0,VLOOKUP($A27,'Round 1'!$A$7:$I$206,COLUMN('Round 1'!$F$7),FALSE()))+IF(ISERROR(VLOOKUP($A27,'Round 2'!$A$7:$I$206,COLUMN('Round 2'!$F$7),FALSE())),0,VLOOKUP($A27,'Round 2'!$A$7:$I$206,COLUMN('Round 2'!$F$7),FALSE()))+IF(ISERROR(VLOOKUP($A27,'Round 3'!$A$7:$I$206,COLUMN('Round 3'!$F$7),FALSE())),0,VLOOKUP($A27,'Round 3'!$A$7:$I$206,COLUMN('Round 3'!$F$7),FALSE()))) -> 2 | J27: =IF(ISBLANK($A27),"",IF(ISERROR(VLOOKUP($A27,'Round 1'!$A$7:$I$206,COLUMN('Round 1'!$H$7),FALSE())),0,VLOOKUP($A27,'Round 1'!$A$7:$I$206,COLUMN('Round 1'!$H$7),FALSE()))+IF(ISERROR(VLOOKUP($A27,'Round 2'!$A$7:$I$206,COLUMN('Round 2'!$H$7),FALSE())),0,VLOOKUP($A27,'Round 2'!$A$7:$I$206,COLUMN('Round 2'!$H$7),FALSE()))+IF(ISERROR(VLOOKUP($A27,'Round 3'!$A$7:$I$206,COLUMN('Round 3'!$H$7),FALSE())),0,VLOOKUP($A27,'Round 3'!$A$7:$I$206,COLUMN('Round 3'!$H$7),FALSE()))) -> 96 | K27: =IF(ISBLANK(A27),"",_xlfn.RANK.EQ(P27,$P$7:$P$206)) -> 19 | L27: =IF(ISBLANK($G27),IF($K27>5,"",IF(AND(ISNA(MATCH(K27+1,$K$7:$K$206,0)),$K27<$A$4),"TIE","")),"DQ") | N27: =IF(ISBLANK($G27),$R27,"DQ") -> 19 | O27: =IF(ISBLANK(A27),"",$H27*$O$6+$I27) -> 2 | P27: =IF(ISBLANK(A27),"",$O27*10*$P$6+$J27) -> 3596 | Q27: =IF(ISBLANK($G27),IF(ISBLANK($A27),-10,$P27*$Q$6+IF($M27>0,$Q$6-1-$M27,0)),-1) -> 3596 | R27: =IF(ISBLANK($A27),"",_xlfn.RANK.EQ($Q27,$Q$7:$Q$206)) -> 19 | S27: =IF(ISNA(MATCH($R27+1,$R$7:$R$206,0)),IF($R27=MAX($A$7:$A$206),$R27,-1),$R27) -> -1 | T27: =$A27 -> 21 | U27: =IF(N('Final Round'!$J$14)>0,IF(ISBLANK($A27),"",IF($N27>5,$N27,VLOOKUP($A27,'Final Round'!$A$14:$K$18,COLUMN('Final Round'!$J$1),FALSE()))),"") -> 19 | V27: =IF(ISNUMBER($U27),$U27,$R27) -> 19 | W27: =IF(ISBLANK($A27),"",($V$6-$V27)*$W$6+$W$6-$A27) -> 474 | X27: =IF(ISBLANK($A27),"",_xlfn.RANK.EQ($W27,$W$7:$W$206)) -> 19 | Y27: =$A27 -> 21 | Z27: =IF($U27="",$N27,$U27) -> 19 | AA27: =IF($U27<6,INDEX($AA$1:$AA$5,$Z27)*$Z$2,0) -> 0 | AB27: =IF(ISBLANK($A27),"",5+4*(I27+IF(AA27=0,0,VLOOKUP($A27,'Final Round'!$A$14:$K$18,COLUMN('Final Round'!$G$1),FALSE())))+8*(H27+IF(AA27=0,0,IF(VLOOKUP($A27,'Final Round'!$A$14:$K$18,COLUMN('Final Round'!$J$1),FALSE())=1,1,0)))+$AA27) -> 13
A28: 22 | B28: Maciej | C28: Bernart | D28: Gdansk | E28: 22 | F28: =IF(ISBLANK($A28),"",SUM(IF(ISNA(IF(VLOOKUP($A28,'Round 1'!$A$7:$J$206,COLUMN('Round 1'!$H$7),FALSE()),1,NA())),0,1),IF(ISNA(IF(VLOOKUP($A28,'Round 2'!$A$7:$J$206,COLUMN('Round 1'!$H$7),FALSE()),1,NA())),0,1),IF(ISNA(IF(VLOOKUP($A28,'Round 3'!$A$7:$J$206,COLUMN('Round 1'!$H$7),FALSE()),1,NA())),0,1),IF(ISNA(IF(VLOOKUP($A28,'Final Round'!$A$14:$K$18,1,FALSE()),1,NA())),0,1))) -> 3 | H28: =IF(ISBLANK($A28),"",IF(ISERROR(VLOOKUP($A28,'Round 1'!$A$7:$I$206,COLUMN('Round 1'!$G$7),FALSE())),0,VLOOKUP($A28,'Round 1'!$A$7:$I$206,COLUMN('Round 1'!$G$7),FALSE()))+IF(ISERROR(VLOOKUP($A28,'Round 2'!$A$7:$I$206,COLUMN('Round 2'!$G$7),FALSE())),0,VLOOKUP($A28,'Round 2'!$A$7:$I$206,COLUMN('Round 2'!$G$7),FALSE()))+IF(ISERROR(VLOOKUP($A28,'Round 3'!$A$7:$I$206,COLUMN('Round 3'!$G$7),FALSE())),0,VLOOKUP($A28,'Round 3'!$A$7:$I$206,COLUMN('Round 3'!$G$7),FALSE()))) -> 0 | I28: =IF(ISBLANK($A28),"",IF(ISERROR(VLOOKUP($A28,'Round 1'!$A$7:$I$206,COLUMN('Round 1'!$F$7),FALSE())),0,VLOOKUP($A28,'Round 1'!$A$7:$I$206,COLUMN('Round 1'!$F$7),FALSE()))+IF(ISERROR(VLOOKUP($A28,'Round 2'!$A$7:$I$206,COLUMN('Round 2'!$F$7),FALSE())),0,VLOOKUP($A28,'Round 2'!$A$7:$I$206,COLUMN('Round 2'!$F$7),FALSE()))+IF(ISERROR(VLOOKUP($A28,'Round 3'!$A$7:$I$206,COLUMN('Round 3'!$F$7),FALSE())),0,VLOOKUP($A28,'Round 3'!$A$7:$I$206,COLUMN('Round 3'!$F$7),FALSE()))) -> 0.5 | J28: =IF(ISBLANK($A28),"",IF(ISERROR(VLOOKUP($A28,'Round 1'!$A$7:$I$206,COLUMN('Round 1'!$H$7),FALSE())),0,VLOOKUP($A28,'Round 1'!$A$7:$I$206,COLUMN('Round 1'!$H$7),FALSE()))+IF(ISERROR(VLOOKUP($A28,'Round 2'!$A$7:$I$206,COLUMN('Round 2'!$H$7),FALSE())),0,VLOOKUP($A28,'Round 2'!$A$7:$I$206,COLUMN('Round 2'!$H$7),FALSE()))+IF(ISERROR(VLOOKUP($A28,'Round 3'!$A$7:$I$206,COLUMN('Round 3'!$H$7),FALSE())),0,VLOOKUP($A28,'Round 3'!$A$7:$I$206,COLUMN('Round 3'!$H$7),FALSE()))) -> 78 | K28: =IF(ISBLANK(A28),"",_xlfn.RANK.EQ(P28,$P$7:$P$206)) -> 25 | L28: =IF(ISBLANK($G28),IF($K28>5,"",IF(AND(ISNA(MATCH(K28+1,$K$7:$K$206,0)),$K28<$A$4),"TIE","")),"DQ") | N28: =IF(ISBLANK($G28),$R28,"DQ") -> 25 | O28: =IF(ISBLANK(A28),"",$H28*$O$6+$I28) -> 0.5 | P28: =IF(ISBLANK(A28),"",$O28*10*$P$6+$J28) -> 953 | Q28: =IF(ISBLANK($G28),IF(ISBLANK($A28),-10,$P28*$Q$6+IF($M28>0,$Q$6-1-$M28,0)),-1) -> 953 | R28: =IF(ISBLANK($A28),"",_xlfn.RANK.EQ($Q28,$Q$7:$Q$206)) -> 25 | S28: =IF(ISNA(MATCH($R28+1,$R$7:$R$206,0)),IF($R28=MAX($A$7:$A$206),$R28,-1),$R28) -> 25 | T28: =$A28 -> 22 | U28: =IF(N('Final Round'!$J$14)>0,IF(ISBLANK($A28),"",IF($N28>5,$N28,VLOOKUP($A28,'Final Round'!$A$14:$K$18,COLUMN('Final Round'!$J$1),FALSE()))),"") -> 25 | V28: =IF(ISNUMBER($U28),$U28,$R28) -> 25 | W28: =IF(ISBLANK($A28),"",($V$6-$V28)*$W$6+$W$6-$A28) -> 275 | X28: =IF(ISBLANK($A28),"",_xlfn.RANK.EQ($W28,$W$7:$W$206)) -> 25 | Y28: =$A28 -> 22 | Z28: =IF($U28="",$N28,$U28) -> 25 | AA28: =IF($U28<6,INDEX($AA$1:$AA$5,$Z28)*$Z$2,0) -> 0 | AB28: =IF(ISBLANK($A28),"",5+4*(I28+IF(AA28=0,0,VLOOKUP($A28,'Final Round'!$A$14:$K$18,COLUMN('Final Round'!$G$1),FALSE())))+8*(H28+IF(AA28=0,0,IF(VLOOKUP($A28,'Final Round'!$A$14:$K$18,COLUMN('Final Round'!$J$1),FALSE())=1,1,0)))+$AA28) -> 7
A29: 23 | B29: Lovre | C29: de Grisogono | D29: Brezice | E29: 23 | F29: =IF(ISBLANK($A29),"",SUM(IF(ISNA(IF(VLOOKUP($A29,'Round 1'!$A$7:$J$206,COLUMN('Round 1'!$H$7),FALSE()),1,NA())),0,1),IF(ISNA(IF(VLOOKUP($A29,'Round 2'!$A$7:$J$206,COLUMN('Round 1'!$H$7),FALSE()),1,NA())),0,1),IF(ISNA(IF(VLOOKUP($A29,'Round 3'!$A$7:$J$206,COLUMN('Round 1'!$H$7),FALSE()),1,NA())),0,1),IF(ISNA(IF(VLOOKUP($A29,'Final Round'!$A$14:$K$18,1,FALSE()),1,NA())),0,1))) -> 3 | H29: =IF(ISBLANK($A29),"",IF(ISERROR(VLOOKUP($A29,'Round 1'!$A$7:$I$206,COLUMN('Round 1'!$G$7),FALSE())),0,VLOOKUP($A29,'Round 1'!$A$7:$I$206,COLUMN('Round 1'!$G$7),FALSE()))+IF(ISERROR(VLOOKUP($A29,'Round 2'!$A$7:$I$206,COLUMN('Round 2'!$G$7),FALSE())),0,VLOOKUP($A29,'Round 2'!$A$7:$I$206,COLUMN('Round 2'!$G$7),FALSE()))+IF(ISERROR(VLOOKUP($A29,'Round 3'!$A$7:$I$206,COLUMN('Round 3'!$G$7),FALSE())),0,VLOOKUP($A29,'Round 3'!$A$7:$I$206,COLUMN('Round 3'!$G$7),FALSE()))) -> 0 | I29: =IF(ISBLANK($A29),"",IF(ISERROR(VLOOKUP($A29,'Round 1'!$A$7:$I$206,COLUMN('Round 1'!$F$7),FALSE())),0,VLOOKUP($A29,'Round 1'!$A$7:$I$206,COLUMN('Round 1'!$F$7),FALSE()))+IF(ISERROR(VLOOKUP($A29,'Round 2'!$A$7:$I$206,COLUMN('Round 2'!$F$7),FALSE())),0,VLOOKUP($A29,'Round 2'!$A$7:$I$206,COLUMN('Round 2'!$F$7),FALSE()))+IF(ISERROR(VLOOKUP($A29,'Round 3'!$A$7:$I$206,COLUMN('Round 3'!$F$7),FALSE())),0,VLOOKUP($A29,'Round 3'!$A$7:$I$206,COLUMN('Round 3'!$F$7),FALSE()))) -> 0 | J29: =IF(ISBLANK($A29),"",IF(ISERROR(VLOOKUP($A29,'Round 1'!$A$7:$I$206,COLUMN('Round 1'!$H$7),FALSE())),0,VLOOKUP($A29,'Round 1'!$A$7:$I$206,COLUMN('Round 1'!$H$7),FALSE()))+IF(ISERROR(VLOOKUP($A29,'Round 2'!$A$7:$I$206,COLUMN('Round 2'!$H$7),FALSE())),0,VLOOKUP($A29,'Round 2'!$A$7:$I$206,COLUMN('Round 2'!$H$7),FALSE()))+IF(ISERROR(VLOOKUP($A29,'Round 3'!$A$7:$I$206,COLUMN('Round 3'!$H$7),FALSE())),0,VLOOKUP($A29,'Round 3'!$A$7:$I$206,COLUMN('Round 3'!$H$7),FALSE()))) -> 70 | K29: =IF(ISBLANK(A29),"",_xlfn.RANK.EQ(P29,$P$7:$P$206)) -> 29 | L29: =IF(ISBLANK($G29),IF($K29>5,"",IF(AND(ISNA(MATCH(K29+1,$K$7:$K$206,0)),$K29<$A$4),"TIE","")),"DQ") | N29: =IF(ISBLANK($G29),$R29,"DQ") -> 29 | O29: =IF(ISBLANK(A29),"",$H29*$O$6+$I29) -> 0 | P29: =IF(ISBLANK(A29),"",$O29*10*$P$6+$J29) -> 70 | Q29: =IF(ISBLANK($G29),IF(ISBLANK($A29),-10,$P29*$Q$6+IF($M29>0,$Q$6-1-$M29,0)),-1) -> 70 | R29: =IF(ISBLANK($A29),"",_xlfn.RANK.EQ($Q29,$Q$7:$Q$206)) -> 29 | S29: =IF(ISNA(MATCH($R29+1,$R$7:$R$206,0)),IF($R29=MAX($A$7:$A$206),$R29,-1),$R29) -> -1 | T29: =$A29 -> 23 | U29: =IF(N('Final Round'!$J$14)>0,IF(ISBLANK($A29),"",IF($N29>5,$N29,VLOOKUP($A29,'Final Round'!$A$14:$K$18,COLUMN('Final Round'!$J$1),FALSE()))),"") -> 29 | V29: =IF(ISNUMBER($U29),$U29,$R29) -> 29 | W29: =IF(ISBLANK($A29),"",($V$6-$V29)*$W$6+$W$6-$A29) -> 142 | X29: =IF(ISBLANK($A29),"",_xlfn.RANK.EQ($W29,$W$7:$W$206)) -> 30 | Y29: =$A29 -> 23 | Z29: =IF($U29="",$N29,$U29) -> 29 | AA29: =IF($U29<6,INDEX($AA$1:$AA$5,$Z29)*$Z$2,0) -> 0 | AB29: =IF(ISBLANK($A29),"",5+4*(I29+IF(AA29=0,0,VLOOKUP($A29,'Final Round'!$A$14:$K$18,COLUMN('Final Round'!$G$1),FALSE())))+8*(H29+IF(AA29=0,0,IF(VLOOKUP($A29,'Final Round'!$A$14:$K$18,COLUMN('Final Round'!$J$1),FALSE())=1,1,0)))+$AA29) -> 5
A30: 24 | B30: Teemu | C30: Sainomaa | D30: Kerava | E30: 1004 | F30: =IF(ISBLANK($A30),"",SUM(IF(ISNA(IF(VLOOKUP($A30,'Round 1'!$A$7:$J$206,COLUMN('Round 1'!$H$7),FALSE()),1,NA())),0,1),IF(ISNA(IF(VLOOKUP($A30,'Round 2'!$A$7:$J$206,COLUMN('Round 1'!$H$7),FALSE()),1,NA())),0,1),IF(ISNA(IF(VLOOKUP($A30,'Round 3'!$A$7:$J$206,COLUMN('Round 1'!$H$7),FALSE()),1,NA())),0,1),IF(ISNA(IF(VLOOKUP($A30,'Final Round'!$A$14:$K$18,1,FALSE()),1,NA())),0,1))) -> 4 | H30: =IF(ISBLANK($A30),"",IF(ISERROR(VLOOKUP($A30,'Round 1'!$A$7:$I$206,COLUMN('Round 1'!$G$7),FALSE())),0,VLOOKUP($A30,'Round 1'!$A$7:$I$206,COLUMN('Round 1'!$G$7),FALSE()))+IF(ISERROR(VLOOKUP($A30,'Round 2'!$A$7:$I$206,COLUMN('Round 2'!$G$7),FALSE())),0,VLOOKUP($A30,'Round 2'!$A$7:$I$206,COLUMN('Round 2'!$G$7),FALSE()))+IF(ISERROR(VLOOKUP($A30,'Round 3'!$A$7:$I$206,COLUMN('Round 3'!$G$7),FALSE())),0,VLOOKUP($A30,'Round 3'!$A$7:$I$206,COLUMN('Round 3'!$G$7),FALSE()))) -> 2 | I30: =IF(ISBLANK($A30),"",IF(ISERROR(VLOOKUP($A30,'Round 1'!$A$7:$I$206,COLUMN('Round 1'!$F$7),FALSE())),0,VLOOKUP($A30,'Round 1'!$A$7:$I$206,COLUMN('Round 1'!$F$7),FALSE()))+IF(ISERROR(VLOOKUP($A30,'Round 2'!$A$7:$I$206,COLUMN('Round 2'!$F$7),FALSE())),0,VLOOKUP($A30,'Round 2'!$A$7:$I$206,COLUMN('Round 2'!$F$7),FALSE()))+IF(ISERROR(VLOOKUP($A30,'Round 3'!$A$7:$I$206,COLUMN('Round 3'!$F$7),FALSE())),0,VLOOKUP($A30,'Round 3'!$A$7:$I$206,COLUMN('Round 3'!$F$7),FALSE()))) -> 7 | J30: =IF(ISBLANK($A30),"",IF(ISERROR(VLOOKUP($A30,'Round 1'!$A$7:$I$206,COLUMN('Round 1'!$H$7),FALSE())),0,VLOOKUP($A30,'Round 1'!$A$7:$I$206,COLUMN('Round 1'!$H$7),FALSE()))+IF(ISERROR(VLOOKUP($A30,'Round 2'!$A$7:$I$206,COLUMN('Round 2'!$H$7),FALSE())),0,VLOOKUP($A30,'Round 2'!$A$7:$I$206,COLUMN('Round 2'!$H$7),FALSE()))+IF(ISERROR(VLOOKUP($A30,'Round 3'!$A$7:$I$206,COLUMN('Round 3'!$H$7),FALSE())),0,VLOOKUP($A30,'Round 3'!$A$7:$I$206,COLUMN('Round 3'!$H$7),FALSE()))) -> 174 | K30: =IF(ISBLANK(A30),"",_xlfn.RANK.EQ(P30,$P$7:$P$206)) -> 2 | L30: =IF(ISBLANK($G30),IF($K30>5,"",IF(AND(ISNA(MATCH(K30+1,$K$7:$K$206,0)),$K30<$A$4),"TIE","")),"DQ") | N30: =IF(ISBLANK($G30),$R30,"DQ") -> 2 | O30: =IF(ISBLANK(A30),"",$H30*$O$6+$I30) -> 25 | P30: =IF(ISBLANK(A30),"",$O30*10*$P$6+$J30) -> 43924 | Q30: =IF(ISBLANK($G30),IF(ISBLANK($A30),-10,$P30*$Q$6+IF($M30>0,$Q$6-1-$M30,0)),-1) -> 43924 | R30: =IF(ISBLANK($A30),"",_xlfn.RANK.EQ($Q30,$Q$7:$Q$206)) -> 2 | S30: =IF(ISNA(MATCH($R30+1,$R$7:$R$206,0)),IF($R30=MAX($A$7:$A$206),$R30,-1),$R30) -> 2 | T30: =$A30 -> 24 | U30: =IF(N('Final Round'!$J$14)>0,IF(ISBLANK($A30),"",IF($N30>5,$N30,VLOOKUP($A30,'Final Round'!$A$14:$K$18,COLUMN('Final Round'!$J$1),FALSE()))),"") -> 2 | V30: =IF(ISNUMBER($U30),$U30,$R30) -> 2 | W30: =IF(ISBLANK($A30),"",($V$6-$V30)*$W$6+$W$6-$A30) -> 1032 | X30: =IF(ISBLANK($A30),"",_xlfn.RANK.EQ($W30,$W$7:$W$206)) -> 4 | Y30: =$A30 -> 24 | Z30: =IF($U30="",$N30,$U30) -> 2 | AA30: =IF($U30<6,INDEX($AA$1:$AA$5,$Z30)*$Z$2,0) -> 46.787407 | AB30: =IF(ISBLANK($A30),"",5+4*(I30+IF(AA30=0,0,VLOOKUP($A30,'Final Round'!$A$14:$K$18,COLUMN('Final Round'!$G$1),FALSE())))+8*(H30+IF(AA30=0,0,IF(VLOOKUP($A30,'Final Round'!$A$14:$K$18,COLUMN('Final Round'!$J$1),FALSE())=1,1,0)))+$AA30) -> 97.787407
A31: 25 | B31: Marcin | C31: Watras | D31: Bydgoszcz | E31: 25 | F31: =IF(ISBLANK($A31),"",SUM(IF(ISNA(IF(VLOOKUP($A31,'Round 1'!$A$7:$J$206,COLUMN('Round 1'!$H$7),FALSE()),1,NA())),0,1),IF(ISNA(IF(VLOOKUP($A31,'Round 2'!$A$7:$J$206,COLUMN('Round 1'!$H$7),FALSE()),1,NA())),0,1),IF(ISNA(IF(VLOOKUP($A31,'Round 3'!$A$7:$J$206,COLUMN('Round 1'!$H$7),FALSE()),1,NA())),0,1),IF(ISNA(IF(VLOOKUP($A31,'Final Round'!$A$14:$K$18,1,FALSE()),1,NA())),0,1))) -> 4 | H31: =IF(ISBLANK($A31),"",IF(ISERROR(VLOOKUP($A31,'Round 1'!$A$7:$I$206,COLUMN('Round 1'!$G$7),FALSE())),0,VLOOKUP($A31,'Round 1'!$A$7:$I$206,COLUMN('Round 1'!$G$7),FALSE()))+IF(ISERROR(VLOOKUP($A31,'Round 2'!$A$7:$I$206,COLUMN('Round 2'!$G$7),FALSE())),0,VLOOKUP($A31,'Round 2'!$A$7:$I$206,COLUMN('Round 2'!$G$7),FALSE()))+IF(ISERROR(VLOOKUP($A31,'Round 3'!$A$7:$I$206,COLUMN('Round 3'!$G$7),FALSE())),0,VLOOKUP($A31,'Round 3'!$A$7:$I$206,COLUMN('Round 3'!$G$7),FALSE()))) -> 2 | I31: =IF(ISBLANK($A31),"",IF(ISERROR(VLOOKUP($A31,'Round 1'!$A$7:$I$206,COLUMN('Round 1'!$F$7),FALSE())),0,VLOOKUP($A31,'Round 1'!$A$7:$I$206,COLUMN('Round 1'!$F$7),FALSE()))+IF(ISERROR(VLOOKUP($A31,'Round 2'!$A$7:$I$206,COLUMN('Round 2'!$F$7),FALSE())),0,VLOOKUP($A31,'Round 2'!$A$7:$I$206,COLUMN('Round 2'!$F$7),FALSE()))+IF(ISERROR(VLOOKUP($A31,'Round 3'!$A$7:$I$206,COLUMN('Round 3'!$F$7),FALSE())),0,VLOOKUP($A31,'Round 3'!$A$7:$I$206,COLUMN('Round 3'!$F$7),FALSE()))) -> 8 | J31: =IF(ISBLANK($A31),"",IF(ISERROR(VLOOKUP($A31,'Round 1'!$A$7:$I$206,COLUMN('Round 1'!$H$7),FALSE())),0,VLOOKUP($A31,'Round 1'!$A$7:$I$206,COLUMN('Round 1'!$H$7),FALSE()))+IF(ISERROR(VLOOKUP($A31,'Round 2'!$A$7:$I$206,COLUMN('Round 2'!$H$7),FALSE())),0,VLOOKUP($A31,'Round 2'!$A$7:$I$206,COLUMN('Round 2'!$H$7),FALSE()))+IF(ISERROR(VLOOKUP($A31,'Round 3'!$A$7:$I$206,COLUMN('Round 3'!$H$7),FALSE())),0,VLOOKUP($A31,'Round 3'!$A$7:$I$206,COLUMN('Round 3'!$H$7),FALSE()))) -> 174 | K31: =IF(ISBLANK(A31),"",_xlfn.RANK.EQ(P31,$P$7:$P$206)) -> 1 | L31: =IF(ISBLANK($G31),IF($K31>5,"",IF(AND(ISNA(MATCH(K31+1,$K$7:$K$206,0)),$K31<$A$4),"TIE","")),"DQ") | N31: =IF(ISBLANK($G31),$R31,"DQ") -> 1 | O31: =IF(ISBLANK(A31),"",$H31*$O$6+$I31) -> 26 | P31: =IF(ISBLANK(A31),"",$O31*10*$P$6+$J31) -> 45674 | Q31: =IF(ISBLANK($G31),IF(ISBLANK($A31),-10,$P31*$Q$6+IF($M31>0,$Q$6-1-$M31,0)),-1) -> 45674 | R31: =IF(ISBLANK($A31),"",_xlfn.RANK.EQ($Q31,$Q$7:$Q$206)) -> 1 | S31: =IF(ISNA(MATCH($R31+1,$R$7:$R$206,0)),IF($R31=MAX($A$7:$A$206),$R31,-1),$R31) -> 1 | T31: =$A31 -> 25 | U31: =IF(N('Final Round'!$J$14)>0,IF(ISBLANK($A31),"",IF($N31>5,$N31,VLOOKUP($A31,'Final Round'!$A$14:$K$18,COLUMN('Final Round'!$J$1),FALSE()))),"") -> 2 | V31: =IF(ISNUMBER($U31),$U31,$R31) -> 2 | W31: =IF(ISBLANK($A31),"",($V$6-$V31)*$W$6+$W$6-$A31) -> 1031 | X31: =IF(ISBLANK($A31),"",_xlfn.RANK.EQ($W31,$W$7:$W$206)) -> 5 | Y31: =$A31 -> 25 | Z31: =IF($U31="",$N31,$U31) -> 2 | AA31: =IF($U31<6,INDEX($AA$1:$AA$5,$Z31)*$Z$2,0) -> 46.787407 | AB31: =IF(ISBLANK($A31),"",5+4*(I31+IF(AA31=0,0,VLOOKUP($A31,'Final Round'!$A$14:$K$18,COLUMN('Final Round'!$G$1),FALSE())))+8*(H31+IF(AA31=0,0,IF(VLOOKUP($A31,'Final Round'!$A$14:$K$18,COLUMN('Final Round'!$J$1),FALSE())=1,1,0)))+$AA31) -> 101.78741
A32: 26 | B32: Aleksandr | C32: Mandrichenko | D32: Bratislava | E32: 26 | F32: =IF(ISBLANK($A32),"",SUM(IF(ISNA(IF(VLOOKUP($A32,'Round 1'!$A$7:$J$206,COLUMN('Round 1'!$H$7),FALSE()),1,NA())),0,1),IF(ISNA(IF(VLOOKUP($A32,'Round 2'!$A$7:$J$206,COLUMN('Round 1'!$H$7),FALSE()),1,NA())),0,1),IF(ISNA(IF(VLOOKUP($A32,'Round 3'!$A$7:$J$206,COLUMN('Round 1'!$H$7),FALSE()),1,NA())),0,1),IF(ISNA(IF(VLOOKUP($A32,'Final Round'!$A$14:$K$18,1,FALSE()),1,NA())),0,1))) -> 3 | H32: =IF(ISBLANK($A32),"",IF(ISERROR(VLOOKUP($A32,'Round 1'!$A$7:$I$206,COLUMN('Round 1'!$G$7),FALSE())),0,VLOOKUP($A32,'Round 1'!$A$7:$I$206,COLUMN('Round 1'!$G$7),FALSE()))+IF(ISERROR(VLOOKUP($A32,'Round 2'!$A$7:$I$206,COLUMN('Round 2'!$G$7),FALSE())),0,VLOOKUP($A32,'Round 2'!$A$7:$I$206,COLUMN('Round 2'!$G$7),FALSE()))+IF(ISERROR(VLOOKUP($A32,'Round 3'!$A$7:$I$206,COLUMN('Round 3'!$G$7),FALSE())),0,VLOOKUP($A32,'Round 3'!$A$7:$I$206,COLUMN('Round 3'!$G$7),FALSE()))) -> 0 | I32: =IF(ISBLANK($A32),"",IF(ISERROR(VLOOKUP($A32,'Round 1'!$A$7:$I$206,COLUMN('Round 1'!$F$7),FALSE())),0,VLOOKUP($A32,'Round 1'!$A$7:$I$206,COLUMN('Round 1'!$F$7),FALSE()))+IF(ISERROR(VLOOKUP($A32,'Round 2'!$A$7:$I$206,COLUMN('Round 2'!$F$7),FALSE())),0,VLOOKUP($A32,'Round 2'!$A$7:$I$206,COLUMN('Round 2'!$F$7),FALSE()))+IF(ISERROR(VLOOKUP($A32,'Round 3'!$A$7:$I$206,COLUMN('Round 3'!$F$7),FALSE())),0,VLOOKUP($A32,'Round 3'!$A$7:$I$206,COLUMN('Round 3'!$F$7),FALSE()))) -> 2 | J32: =IF(ISBLANK($A32),"",IF(ISERROR(VLOOKUP($A32,'Round 1'!$A$7:$I$206,COLUMN('Round 1'!$H$7),FALSE())),0,VLOOKUP($A32,'Round 1'!$A$7:$I$206,COLUMN('Round 1'!$H$7),FALSE()))+IF(ISERROR(VLOOKUP($A32,'Round 2'!$A$7:$I$206,COLUMN('Round 2'!$H$7),FALSE())),0,VLOOKUP($A32,'Round 2'!$A$7:$I$206,COLUMN('Round 2'!$H$7),FALSE()))+IF(ISERROR(VLOOKUP($A32,'Round 3'!$A$7:$I$206,COLUMN('Round 3'!$H$7),FALSE())),0,VLOOKUP($A32,'Round 3'!$A$7:$I$206,COLUMN('Round 3'!$H$7),FALSE()))) -> 96 | K32: =IF(ISBLANK(A32),"",_xlfn.RANK.EQ(P32,$P$7:$P$206)) -> 19 | L32: =IF(ISBLANK($G32),IF($K32>5,"",IF(AND(ISNA(MATCH(K32+1,$K$7:$K$206,0)),$K32<$A$4),"TIE","")),"DQ") | N32: =IF(ISBLANK($G32),$R32,"DQ") -> 19 | O32: =IF(ISBLANK(A32),"",$H32*$O$6+$I32) -> 2 | P32: =IF(ISBLANK(A32),"",$O32*10*$P$6+$J32) -> 3596 | Q32: =IF(ISBLANK($G32),IF(ISBLANK($A32),-10,$P32*$Q$6+IF($M32>0,$Q$6-1-$M32,0)),-1) -> 3596 | R32: =IF(ISBLANK($A32),"",_xlfn.RANK.EQ($Q32,$Q$7:$Q$206)) -> 19 | S32: =IF(ISNA(MATCH($R32+1,$R$7:$R$206,0)),IF($R32=MAX($A$7:$A$206),$R32,-1),$R32) -> -1 | T32: =$A32 -> 26 | U32: =IF(N('Final Round'!$J$14)>0,IF(ISBLANK($A32),"",IF($N32>5,$N32,VLOOKUP($A32,'Final Round'!$A$14:$K$18,COLUMN('Final Round'!$J$1),FALSE()))),"") -> 19 | V32: =IF(ISNUMBER($U32),$U32,$R32) -> 19 | W32: =IF(ISBLANK($A32),"",($V$6-$V32)*$W$6+$W$6-$A32) -> 469 | X32: =IF(ISBLANK($A32),"",_xlfn.RANK.EQ($W32,$W$7:$W$206)) -> 20 | Y32: =$A32 -> 26 | Z32: =IF($U32="",$N32,$U32) -> 19 | AA32: =IF($U32<6,INDEX($AA$1:$AA$5,$Z32)*$Z$2,0) -> 0 | AB32: =IF(ISBLANK($A32),"",5+4*(I32+IF(AA32=0,0,VLOOKUP($A32,'Final Round'!$A$14:$K$18,COLUMN('Final Round'!$G$1),FALSE())))+8*(H32+IF(AA32=0,0,IF(VLOOKUP($A32,'Final Round'!$A$14:$K$18,COLUMN('Final Round'!$J$1),FALSE())=1,1,0)))+$AA32) -> 13
A33: 27 | B33: Paolo | C33: Pasqualin | D33: Torino | E33: 27 | F33: =IF(ISBLANK($A33),"",SUM(IF(ISNA(IF(VLOOKUP($A33,'Round 1'!$A$7:$J$206,COLUMN('Round 1'!$H$7),FALSE()),1,NA())),0,1),IF(ISNA(IF(VLOOKUP($A33,'Round 2'!$A$7:$J$206,COLUMN('Round 1'!$H$7),FALSE()),1,NA())),0,1),IF(ISNA(IF(VLOOKUP($A33,'Round 3'!$A$7:$J$206,COLUMN('Round 1'!$H$7),FALSE()),1,NA())),0,1),IF(ISNA(IF(VLOOKUP($A33,'Final Round'!$A$14:$K$18,1,FALSE()),1,NA())),0,1))) -> 3 | H33: =IF(ISBLANK($A33),"",IF(ISERROR(VLOOKUP($A33,'Round 1'!$A$7:$I$206,COLUMN('Round 1'!$G$7),FALSE())),0,VLOOKUP($A33,'Round 1'!$A$7:$I$206,COLUMN('Round 1'!$G$7),FALSE()))+IF(ISERROR(VLOOKUP($A33,'Round 2'!$A$7:$I$206,COLUMN('Round 2'!$G$7),FALSE())),0,VLOOKUP($A33,'Round 2'!$A$7:$I$206,COLUMN('Round 2'!$G$7),FALSE()))+IF(ISERROR(VLOOKUP($A33,'Round 3'!$A$7:$I$206,COLUMN('Round 3'!$G$7),FALSE())),0,VLOOKUP($A33,'Round 3'!$A$7:$I$206,COLUMN('Round 3'!$G$7),FALSE()))) -> 0 | I33: =IF(ISBLANK($A33),"",IF(ISERROR(VLOOKUP($A33,'Round 1'!$A$7:$I$206,COLUMN('Round 1'!$F$7),FALSE())),0,VLOOKUP($A33,'Round 1'!$A$7:$I$206,COLUMN('Round 1'!$F$7),FALSE()))+IF(ISERROR(VLOOKUP($A33,'Round 2'!$A$7:$I$206,COLUMN('Round 2'!$F$7),FALSE())),0,VLOOKUP($A33,'Round 2'!$A$7:$I$206,COLUMN('Round 2'!$F$7),FALSE()))+IF(ISERROR(VLOOKUP($A33,'Round 3'!$A$7:$I$206,COLUMN('Round 3'!$F$7),FALSE())),0,VLOOKUP($A33,'Round 3'!$A$7:$I$206,COLUMN('Round 3'!$F$7),FALSE()))) -> 0 | J33: =IF(ISBLANK($A33),"",IF(ISERROR(VLOOKUP($A33,'Round 1'!$A$7:$I$206,COLUMN('Round 1'!$H$7),FALSE())),0,VLOOKUP($A33,'Round 1'!$A$7:$I$206,COLUMN('Round 1'!$H$7),FALSE()))+IF(ISERROR(VLOOKUP($A33,'Round 2'!$A$7:$I$206,COLUMN('Round 2'!$H$7),FALSE())),0,VLOOKUP($A33,'Round 2'!$A$7:$I$206,COLUMN('Round 2'!$H$7),FALSE()))+IF(ISERROR(VLOOKUP($A33,'Round 3'!$A$7:$I$206,COLUMN('Round 3'!$H$7),FALSE())),0,VLOOKUP($A33,'Round 3'!$A$7:$I$206,COLUMN('Round 3'!$H$7),FALSE()))) -> 60 | K33: =IF(ISBLANK(A33),"",_xlfn.RANK.EQ(P33,$P$7:$P$206)) -> 31 | L33: =IF(ISBLANK($G33),IF($K33>5,"",IF(AND(ISNA(MATCH(K33+1,$K$7:$K$206,0)),$K33<$A$4),"TIE","")),"DQ") | N33: =IF(ISBLANK($G33),$R33,"DQ") -> 31 | O33: =IF(ISBLANK(A33),"",$H33*$O$6+$I33) -> 0 | P33: =IF(ISBLANK(A33),"",$O33*10*$P$6+$J33) -> 60 | Q33: =IF(ISBLANK($G33),IF(ISBLANK($A33),-10,$P33*$Q$6+IF($M33>0,$Q$6-1-$M33,0)),-1) -> 60 | R33: =IF(ISBLANK($A33),"",_xlfn.RANK.EQ($Q33,$Q$7:$Q$206)) -> 31 | S33: =IF(ISNA(MATCH($R33+1,$R$7:$R$206,0)),IF($R33=MAX($A$7:$A$206),$R33,-1),$R33) -> 31 | T33: =$A33 -> 27 | U33: =IF(N('Final Round'!$J$14)>0,IF(ISBLANK($A33),"",IF($N33>5,$N33,VLOOKUP($A33,'Final Round'!$A$14:$K$18,COLUMN('Final Round'!$J$1),FALSE()))),"") -> 31 | V33: =IF(ISNUMBER($U33),$U33,$R33) -> 31 | W33: =IF(ISBLANK($A33),"",($V$6-$V33)*$W$6+$W$6-$A33) -> 72 | X33: =IF(ISBLANK($A33),"",_xlfn.RANK.EQ($W33,$W$7:$W$206)) -> 31 | Y33: =$A33 -> 27 | Z33: =IF($U33="",$N33,$U33) -> 31 | AA33: =IF($U33<6,INDEX($AA$1:$AA$5,$Z33)*$Z$2,0) -> 0 | AB33: =IF(ISBLANK($A33),"",5+4*(I33+IF(AA33=0,0,VLOOKUP($A33,'Final Round'!$A$14:$K$18,COLUMN('Final Round'!$G$1),FALSE())))+8*(H33+IF(AA33=0,0,IF(VLOOKUP($A33,'Final Round'!$A$14:$K$18,COLUMN('Final Round'!$J$1),FALSE())=1,1,0)))+$AA33) -> 5
A34: 28 | B34: Piotr | C34: Jurczak | D34: Wroclaw | E34: 28 | F34: =IF(ISBLANK($A34),"",SUM(IF(ISNA(IF(VLOOKUP($A34,'Round 1'!$A$7:$J$206,COLUMN('Round 1'!$H$7),FALSE()),1,NA())),0,1),IF(ISNA(IF(VLOOKUP($A34,'Round 2'!$A$7:$J$206,COLUMN('Round 1'!$H$7),FALSE()),1,NA())),0,1),IF(ISNA(IF(VLOOKUP($A34,'Round 3'!$A$7:$J$206,COLUMN('Round 1'!$H$7),FALSE()),1,NA())),0,1),IF(ISNA(IF(VLOOKUP($A34,'Final Round'!$A$14:$K$18,1,FALSE()),1,NA())),0,1))) -> 2 | H34: =IF(ISBLANK($A34),"",IF(ISERROR(VLOOKUP($A34,'Round 1'!$A$7:$I$206,COLUMN('Round 1'!$G$7),FALSE())),0,VLOOKUP($A34,'Round 1'!$A$7:$I$206,COLUMN('Round 1'!$G$7),FALSE()))+IF(ISERROR(VLOOKUP($A34,'Round 2'!$A$7:$I$206,COLUMN('Round 2'!$G$7),FALSE())),0,VLOOKUP($A34,'Round 2'!$A$7:$I$206,COLUMN('Round 2'!$G$7),FALSE()))+IF(ISERROR(VLOOKUP($A34,'Round 3'!$A$7:$I$206,COLUMN('Round 3'!$G$7),FALSE())),0,VLOOKUP($A34,'Round 3'!$A$7:$I$206,COLUMN('Round 3'!$G$7),FALSE()))) -> 0 | I34: =IF(ISBLANK($A34),"",IF(ISERROR(VLOOKUP($A34,'Round 1'!$A$7:$I$206,COLUMN('Round 1'!$F$7),FALSE())),0,VLOOKUP($A34,'Round 1'!$A$7:$I$206,COLUMN('Round 1'!$F$7),FALSE()))+IF(ISERROR(VLOOKUP($A34,'Round 2'!$A$7:$I$206,COLUMN('Round 2'!$F$7),FALSE())),0,VLOOKUP($A34,'Round 2'!$A$7:$I$206,COLUMN('Round 2'!$F$7),FALSE()))+IF(ISERROR(VLOOKUP($A34,'Round 3'!$A$7:$I$206,COLUMN('Round 3'!$F$7),FALSE())),0,VLOOKUP($A34,'Round 3'!$A$7:$I$206,COLUMN('Round 3'!$F$7),FALSE()))) -> 2.5 | J34: =IF(ISBLANK($A34),"",IF(ISERROR(VLOOKUP($A34,'Round 1'!$A$7:$I$206,COLUMN('Round 1'!$H$7),FALSE())),0,VLOOKUP($A34,'Round 1'!$A$7:$I$206,COLUMN('Round 1'!$H$7),FALSE()))+IF(ISERROR(VLOOKUP($A34,'Round 2'!$A$7:$I$206,COLUMN('Round 2'!$H$7),FALSE())),0,VLOOKUP($A34,'Round 2'!$A$7:$I$206,COLUMN('Round 2'!$H$7),FALSE()))+IF(ISERROR(VLOOKUP($A34,'Round 3'!$A$7:$I$206,COLUMN('Round 3'!$H$7),FALSE())),0,VLOOKUP($A34,'Round 3'!$A$7:$I$206,COLUMN('Round 3'!$H$7),FALSE()))) -> 54 | K34: =IF(ISBLANK(A34),"",_xlfn.RANK.EQ(P34,$P$7:$P$206)) -> 15 | L34: =IF(ISBLANK($G34),IF($K34>5,"",IF(AND(ISNA(MATCH(K34+1,$K$7:$K$206,0)),$K34<$A$4),"TIE","")),"DQ") | N34: =IF(ISBLANK($G34),$R34,"DQ") -> 15 | O34: =IF(ISBLANK(A34),"",$H34*$O$6+$I34) -> 2.5 | P34: =IF(ISBLANK(A34),"",$O34*10*$P$6+$J34) -> 4429 | Q34: =IF(ISBLANK($G34),IF(ISBLANK($A34),-10,$P34*$Q$6+IF($M34>0,$Q$6-1-$M34,0)),-1) -> 4429 | R34: =IF(ISBLANK($A34),"",_xlfn.RANK.EQ($Q34,$Q$7:$Q$206)) -> 15 | S34: =IF(ISNA(MATCH($R34+1,$R$7:$R$206,0)),IF($R34=MAX($A$7:$A$206),$R34,-1),$R34) -> 15 | T34: =$A34 -> 28 | U34: =IF(N('Final Round'!$J$14)>0,IF(ISBLANK($A34),"",IF($N34>5,$N34,VLOOKUP($A34,'Final Round'!$A$14:$K$18,COLUMN('Final Round'!$J$1),FALSE()))),"") -> 15 | V34: =IF(ISNUMBER($U34),$U34,$R34) -> 15 | W34: =IF(ISBLANK($A34),"",($V$6-$V34)*$W$6+$W$6-$A34) -> 599 | X34: =IF(ISBLANK($A34),"",_xlfn.RANK.EQ($W34,$W$7:$W$206)) -> 15 | Y34: =$A34 -> 28 | Z34: =IF($U34="",$N34,$U34) -> 15 | AA34: =IF($U34<6,INDEX($AA$1:$AA$5,$Z34)*$Z$2,0) -> 0 | AB34: =IF(ISBLANK($A34),"",5+4*(I34+IF(AA34=0,0,VLOOKUP($A34,'Final Round'!$A$14:$K$18,COLUMN('Final Round'!$G$1),FALSE())))+8*(H34+IF(AA34=0,0,IF(VLOOKUP($A34,'Final Round'!$A$14:$K$18,COLUMN('Final Round'!$J$1),FALSE())=1,1,0)))+$AA34) -> 15
A35: 29 | B35: Djordje | C35: Sutic | D35: Belgrade | E35: 29 | F35: =IF(ISBLANK($A35),"",SUM(IF(ISNA(IF(VLOOKUP($A35,'Round 1'!$A$7:$J$206,COLUMN('Round 1'!$H$7),FALSE()),1,NA())),0,1),IF(ISNA(IF(VLOOKUP($A35,'Round 2'!$A$7:$J$206,COLUMN('Round 1'!$H$7),FALSE()),1,NA())),0,1),IF(ISNA(IF(VLOOKUP($A35,'Round 3'!$A$7:$J$206,COLUMN('Round 1'!$H$7),FALSE()),1,NA())),0,1),IF(ISNA(IF(VLOOKUP($A35,'Final Round'!$A$14:$K$18,1,FALSE()),1,NA())),0,1))) -> 3 | H35: =IF(ISBLANK($A35),"",IF(ISERROR(VLOOKUP($A35,'Round 1'!$A$7:$I$206,COLUMN('Round 1'!$G$7),FALSE())),0,VLOOKUP($A35,'Round 1'!$A$7:$I$206,COLUMN('Round 1'!$G$7),FALSE()))+IF(ISERROR(VLOOKUP($A35,'Round 2'!$A$7:$I$206,COLUMN('Round 2'!$G$7),FALSE())),0,VLOOKUP($A35,'Round 2'!$A$7:$I$206,COLUMN('Round 2'!$G$7),FALSE()))+IF(ISERROR(VLOOKUP($A35,'Round 3'!$A$7:$I$206,COLUMN('Round 3'!$G$7),FALSE())),0,VLOOKUP($A35,'Round 3'!$A$7:$I$206,COLUMN('Round 3'!$G$7),FALSE()))) -> 0 | I35: =IF(ISBLANK($A35),"",IF(ISERROR(VLOOKUP($A35,'Round 1'!$A$7:$I$206,COLUMN('Round 1'!$F$7),FALSE())),0,VLOOKUP($A35,'Round 1'!$A$7:$I$206,COLUMN('Round 1'!$F$7),FALSE()))+IF(ISERROR(VLOOKUP($A35,'Round 2'!$A$7:$I$206,COLUMN('Round 2'!$F$7),FALSE())),0,VLOOKUP($A35,'Round 2'!$A$7:$I$206,COLUMN('Round 2'!$F$7),FALSE()))+IF(ISERROR(VLOOKUP($A35,'Round 3'!$A$7:$I$206,COLUMN('Round 3'!$F$7),FALSE())),0,VLOOKUP($A35,'Round 3'!$A$7:$I$206,COLUMN('Round 3'!$F$7),FALSE()))) -> 3 | J35: =IF(ISBLANK($A35),"",IF(ISERROR(VLOOKUP($A35,'Round 1'!$A$7:$I$206,COLUMN('Round 1'!$H$7),FALSE())),0,VLOOKUP($A35,'Round 1'!$A$7:$I$206,COLUMN('Round 1'!$H$7),FALSE()))+IF(ISERROR(VLOOKUP($A35,'Round 2'!$A$7:$I$206,COLUMN('Round 2'!$H$7),FALSE())),0,VLOOKUP($A35,'Round 2'!$A$7:$I$206,COLUMN('Round 2'!$H$7),FALSE()))+IF(ISERROR(VLOOKUP($A35,'Round 3'!$A$7:$I$206,COLUMN('Round 3'!$H$7),FALSE())),0,VLOOKUP($A35,'Round 3'!$A$7:$I$206,COLUMN('Round 3'!$H$7),FALSE()))) -> 120 | K35: =IF(ISBLANK(A35),"",_xlfn.RANK.EQ(P35,$P$7:$P$206)) -> 12 | L35: =IF(ISBLANK($G35),IF($K35>5,"",IF(AND(ISNA(MATCH(K35+1,$K$7:$K$206,0)),$K35<$A$4),"TIE","")),"DQ") | N35: =IF(ISBLANK($G35),$R35,"DQ") -> 12 | O35: =IF(ISBLANK(A35),"",$H35*$O$6+$I35) -> 3 | P35: =IF(ISBLANK(A35),"",$O35*10*$P$6+$J35) -> 5370 | Q35: =IF(ISBLANK($G35),IF(ISBLANK($A35),-10,$P35*$Q$6+IF($M35>0,$Q$6-1-$M35,0)),-1) -> 5370 | R35: =IF(ISBLANK($A35),"",_xlfn.RANK.EQ($Q35,$Q$7:$Q$206)) -> 12 | S35: =IF(ISNA(MATCH($R35+1,$R$7:$R$206,0)),IF($R35=MAX($A$7:$A$206),$R35,-1),$R35) -> 12 | T35: =$A35 -> 29 | U35: =IF(N('Final Round'!$J$14)>0,IF(ISBLANK($A35),"",IF($N35>5,$N35,VLOOKUP($A35,'Final Round'!$A$14:$K$18,COLUMN('Final Round'!$J$1),FALSE()))),"") -> 12 | V35: =IF(ISNUMBER($U35),$U35,$R35) -> 12 | W35: =IF(ISBLANK($A35),"",($V$6-$V35)*$W$6+$W$6-$A35) -> 697 | X35: =IF(ISBLANK($A35),"",_xlfn.RANK.EQ($W35,$W$7:$W$206)) -> 12 | Y35: =$A35 -> 29 | Z35: =IF($U35="",$N35,$U35) -> 12 | AA35: =IF($U35<6,INDEX($AA$1:$AA$5,$Z35)*$Z$2,0) -> 0 | AB35: =IF(ISBLANK($A35),"",5+4*(I35+IF(AA35=0,0,VLOOKUP($A35,'Final Round'!$A$14:$K$18,COLUMN('Final Round'!$G$1),FALSE())))+8*(H35+IF(AA35=0,0,IF(VLOOKUP($A35,'Final Round'!$A$14:$K$18,COLUMN('Final Round'!$J$1),FALSE())=1,1,0)))+$AA35) -> 17
A36: 30 | B36: Thomas | C36: Stellmach | D36: Berlin | E36: 30 | F36: =IF(ISBLANK($A36),"",SUM(IF(ISNA(IF(VLOOKUP($A36,'Round 1'!$A$7:$J$206,COLUMN('Round 1'!$H$7),FALSE()),1,NA())),0,1),IF(ISNA(IF(VLOOKUP($A36,'Round 2'!$A$7:$J$206,COLUMN('Round 1'!$H$7),FALSE()),1,NA())),0,1),IF(ISNA(IF(VLOOKUP($A36,'Round 3'!$A$7:$J$206,COLUMN('Round 1'!$H$7),FALSE()),1,NA())),0,1),IF(ISNA(IF(VLOOKUP($A36,'Final Round'!$A$14:$K$18,1,FALSE()),1,NA())),0,1))) -> 2 | H36: =IF(ISBLANK($A36),"",IF(ISERROR(VLOOKUP($A36,'Round 1'!$A$7:$I$206,COLUMN('Round 1'!$G$7),FALSE())),0,VLOOKUP($A36,'Round 1'!$A$7:$I$206,COLUMN('Round 1'!$G$7),FALSE()))+IF(ISERROR(VLOOKUP($A36,'Round 2'!$A$7:$I$206,COLUMN('Round 2'!$G$7),FALSE())),0,VLOOKUP($A36,'Round 2'!$A$7:$I$206,COLUMN('Round 2'!$G$7),FALSE()))+IF(ISERROR(VLOOKUP($A36,'Round 3'!$A$7:$I$206,COLUMN('Round 3'!$G$7),FALSE())),0,VLOOKUP($A36,'Round 3'!$A$7:$I$206,COLUMN('Round 3'!$G$7),FALSE()))) -> 0 | I36: =IF(ISBLANK($A36),"",IF(ISERROR(VLOOKUP($A36,'Round 1'!$A$7:$I$206,COLUMN('Round 1'!$F$7),FALSE())),0,VLOOKUP($A36,'Round 1'!$A$7:$I$206,COLUMN('Round 1'!$F$7),FALSE()))+IF(ISERROR(VLOOKUP($A36,'Round 2'!$A$7:$I$206,COLUMN('Round 2'!$F$7),FALSE())),0,VLOOKUP($A36,'Round 2'!$A$7:$I$206,COLUMN('Round 2'!$F$7),FALSE()))+IF(ISERROR(VLOOKUP($A36,'Round 3'!$A$7:$I$206,COLUMN('Round 3'!$F$7),FALSE())),0,VLOOKUP($A36,'Round 3'!$A$7:$I$206,COLUMN('Round 3'!$F$7),FALSE()))) -> 0 | J36: =IF(ISBLANK($A36),"",IF(ISERROR(VLOOKUP($A36,'Round 1'!$A$7:$I$206,COLUMN('Round 1'!$H$7),FALSE())),0,VLOOKUP($A36,'Round 1'!$A$7:$I$206,COLUMN('Round 1'!$H$7),FALSE()))+IF(ISERROR(VLOOKUP($A36,'Round 2'!$A$7:$I$206,COLUMN('Round 2'!$H$7),FALSE())),0,VLOOKUP($A36,'Round 2'!$A$7:$I$206,COLUMN('Round 2'!$H$7),FALSE()))+IF(ISERROR(VLOOKUP($A36,'Round 3'!$A$7:$I$206,COLUMN('Round 3'!$H$7),FALSE())),0,VLOOKUP($A36,'Round 3'!$A$7:$I$206,COLUMN('Round 3'!$H$7),FALSE()))) -> 42 | K36: =IF(ISBLANK(A36),"",_xlfn.RANK.EQ(P36,$P$7:$P$206)) -> 32 | L36: =IF(ISBLANK($G36),IF($K36>5,"",IF(AND(ISNA(MATCH(K36+1,$K$7:$K$206,0)),$K36<$A$4),"TIE","")),"DQ") | N36: =IF(ISBLANK($G36),$R36,"DQ") -> 32 | O36: =IF(ISBLANK(A36),"",$H36*$O$6+$I36) -> 0 | P36: =IF(ISBLANK(A36),"",$O36*10*$P$6+$J36) -> 42 | Q36: =IF(ISBLANK($G36),IF(ISBLANK($A36),-10,$P36*$Q$6+IF($M36>0,$Q$6-1-$M36,0)),-1) -> 42 | R36: =IF(ISBLANK($A36),"",_xlfn.RANK.EQ($Q36,$Q$7:$Q$206)) -> 32 | S36: =IF(ISNA(MATCH($R36+1,$R$7:$R$206,0)),IF($R36=MAX($A$7:$A$206),$R36,-1),$R36) -> 32 | T36: =$A36 -> 30 | U36: =IF(N('Final Round'!$J$14)>0,IF(ISBLANK($A36),"",IF($N36>5,$N36,VLOOKUP($A36,'Final Round'!$A$14:$K$18,COLUMN('Final Round'!$J$1),FALSE()))),"") -> 32 | V36: =IF(ISNUMBER($U36),$U36,$R36) -> 32 | W36: =IF(ISBLANK($A36),"",($V$6-$V36)*$W$6+$W$6-$A36) -> 36 | X36: =IF(ISBLANK($A36),"",_xlfn.RANK.EQ($W36,$W$7:$W$206)) -> 32 | Y36: =$A36 -> 30 | Z36: =IF($U36="",$N36,$U36) -> 32 | AA36: =IF($U36<6,INDEX($AA$1:$AA$5,$Z36)*$Z$2,0) -> 0 | AB36: =IF(ISBLANK($A36),"",5+4*(I36+IF(AA36=0,0,VLOOKUP($A36,'Final Round'!$A$14:$K$18,COLUMN('Final Round'!$G$1),FALSE())))+8*(H36+IF(AA36=0,0,IF(VLOOKUP($A36,'Final Round'!$A$14:$K$18,COLUMN('Final Round'!$J$1),FALSE())=1,1,0)))+$AA36) -> 5
A37: 31 | B37: Edouard | C37: Menneson | D37: Paris | E37: 31 | F37: =IF(ISBLANK($A37),"",SUM(IF(ISNA(IF(VLOOKUP($A37,'Round 1'!$A$7:$J$206,COLUMN('Round 1'!$H$7),FALSE()),1,NA())),0,1),IF(ISNA(IF(VLOOKUP($A37,'Round 2'!$A$7:$J$206,COLUMN('Round 1'!$H$7),FALSE()),1,NA())),0,1),IF(ISNA(IF(VLOOKUP($A37,'Round 3'!$A$7:$J$206,COLUMN('Round 1'!$H$7),FALSE()),1,NA())),0,1),IF(ISNA(IF(VLOOKUP($A37,'Final Round'!$A$14:$K$18,1,FALSE()),1,NA())),0,1))) -> 3 | H37: =IF(ISBLANK($A37),"",IF(ISERROR(VLOOKUP($A37,'Round 1'!$A$7:$I$206,COLUMN('Round 1'!$G$7),FALSE())),0,VLOOKUP($A37,'Round 1'!$A$7:$I$206,COLUMN('Round 1'!$G$7),FALSE()))+IF(ISERROR(VLOOKUP($A37,'Round 2'!$A$7:$I$206,COLUMN('Round 2'!$G$7),FALSE())),0,VLOOKUP($A37,'Round 2'!$A$7:$I$206,COLUMN('Round 2'!$G$7),FALSE()))+IF(ISERROR(VLOOKUP($A37,'Round 3'!$A$7:$I$206,COLUMN('Round 3'!$G$7),FALSE())),0,VLOOKUP($A37,'Round 3'!$A$7:$I$206,COLUMN('Round 3'!$G$7),FALSE()))) -> 1 | I37: =IF(ISBLANK($A37),"",IF(ISERROR(VLOOKUP($A37,'Round 1'!$A$7:$I$206,COLUMN('Round 1'!$F$7),FALSE())),0,VLOOKUP($A37,'Round 1'!$A$7:$I$206,COLUMN('Round 1'!$F$7),FALSE()))+IF(ISERROR(VLOOKUP($A37,'Round 2'!$A$7:$I$206,COLUMN('Round 2'!$F$7),FALSE())),0,VLOOKUP($A37,'Round 2'!$A$7:$I$206,COLUMN('Round 2'!$F$7),FALSE()))+IF(ISERROR(VLOOKUP($A37,'Round 3'!$A$7:$I$206,COLUMN('Round 3'!$F$7),FALSE())),0,VLOOKUP($A37,'Round 3'!$A$7:$I$206,COLUMN('Round 3'!$F$7),FALSE()))) -> 4 | J37: =IF(ISBLANK($A37),"",IF(ISERROR(VLOOKUP($A37,'Round 1'!$A$7:$I$206,COLUMN('Round 1'!$H$7),FALSE())),0,VLOOKUP($A37,'Round 1'!$A$7:$I$206,COLUMN('Round 1'!$H$7),FALSE()))+IF(ISERROR(VLOOKUP($A37,'Round 2'!$A$7:$I$206,COLUMN('Round 2'!$H$7),FALSE())),0,VLOOKUP($A37,'Round 2'!$A$7:$I$206,COLUMN('Round 2'!$H$7),FALSE()))+IF(ISERROR(VLOOKUP($A37,'Round 3'!$A$7:$I$206,COLUMN('Round 3'!$H$7),FALSE())),0,VLOOKUP($A37,'Round 3'!$A$7:$I$206,COLUMN('Round 3'!$H$7),FALSE()))) -> 120 | K37: =IF(ISBLANK(A37),"",_xlfn.RANK.EQ(P37,$P$7:$P$206)) -> 9 | L37: =IF(ISBLANK($G37),IF($K37>5,"",IF(AND(ISNA(MATCH(K37+1,$K$7:$K$206,0)),$K37<$A$4),"TIE","")),"DQ") | N37: =IF(ISBLANK($G37),$R37,"DQ") -> 9 | O37: =IF(ISBLANK(A37),"",$H37*$O$6+$I37) -> 13 | P37: =IF(ISBLANK(A37),"",$O37*10*$P$6+$J37) -> 22870 | Q37: =IF(ISBLANK($G37),IF(ISBLANK($A37),-10,$P37*$Q$6+IF($M37>0,$Q$6-1-$M37,0)),-1) -> 22870 | R37: =IF(ISBLANK($A37),"",_xlfn.RANK.EQ($Q37,$Q$7:$Q$206)) -> 9 | S37: =IF(ISNA(MATCH($R37+1,$R$7:$R$206,0)),IF($R37=MAX($A$7:$A$206),$R37,-1),$R37) -> -1 | T37: =$A37 -> 31 | U37: =IF(N('Final Round'!$J$14)>0,IF(ISBLANK($A37),"",IF($N37>5,$N37,VLOOKUP($A37,'Final Round'!$A$14:$K$18,COLUMN('Final Round'!$J$1),FALSE()))),"") -> 9 | V37: =IF(ISNUMBER($U37),$U37,$R37) -> 9 | W37: =IF(ISBLANK($A37),"",($V$6-$V37)*$W$6+$W$6-$A37) -> 794 | X37: =IF(ISBLANK($A37),"",_xlfn.RANK.EQ($W37,$W$7:$W$206)) -> 11 | Y37: =$A37 -> 31 | Z37: =IF($U37="",$N37,$U37) -> 9 | AA37: =IF($U37<6,INDEX($AA$1:$AA$5,$Z37)*$Z$2,0) -> 0 | AB37: =IF(ISBLANK($A37),"",5+4*(I37+IF(AA37=0,0,VLOOKUP($A37,'Final Round'!$A$14:$K$18,COLUMN('Final Round'!$G$1),FALSE())))+8*(H37+IF(AA37=0,0,IF(VLOOKUP($A37,'Final Round'!$A$14:$K$18,COLUMN('Final Round'!$J$1),FALSE())=1,1,0)))+$AA37) -> 29
A38: 32 | B38: Nemanja | C38: Jovicic | D38: Belgrade | E38: 32 | F38: =IF(ISBLANK($A38),"",SUM(IF(ISNA(IF(VLOOKUP($A38,'Round 1'!$A$7:$J$206,COLUMN('Round 1'!$H$7),FALSE()),1,NA())),0,1),IF(ISNA(IF(VLOOKUP($A38,'Round 2'!$A$7:$J$206,COLUMN('Round 1'!$H$7),FALSE()),1,NA())),0,1),IF(ISNA(IF(VLOOKUP($A38,'Round 3'!$A$7:$J$206,COLUMN('Round 1'!$H$7),FALSE()),1,NA())),0,1),IF(ISNA(IF(VLOOKUP($A38,'Final Round'!$A$14:$K$18,1,FALSE()),1,NA())),0,1))) -> 3 | H38: =IF(ISBLANK($A38),"",IF(ISERROR(VLOOKUP($A38,'Round 1'!$A$7:$I$206,COLUMN('Round 1'!$G$7),FALSE())),0,VLOOKUP($A38,'Round 1'!$A$7:$I$206,COLUMN('Round 1'!$G$7),FALSE()))+IF(ISERROR(VLOOKUP($A38,'Round 2'!$A$7:$I$206,COLUMN('Round 2'!$G$7),FALSE())),0,VLOOKUP($A38,'Round 2'!$A$7:$I$206,COLUMN('Round 2'!$G$7),FALSE()))+IF(ISERROR(VLOOKUP($A38,'Round 3'!$A$7:$I$206,COLUMN('Round 3'!$G$7),FALSE())),0,VLOOKUP($A38,'Round 3'!$A$7:$I$206,COLUMN('Round 3'!$G$7),FALSE()))) -> 0 | I38: =IF(ISBLANK($A38),"",IF(ISERROR(VLOOKUP($A38,'Round 1'!$A$7:$I$206,COLUMN('Round 1'!$F$7),FALSE())),0,VLOOKUP($A38,'Round 1'!$A$7:$I$206,COLUMN('Round 1'!$F$7),FALSE()))+IF(ISERROR(VLOOKUP($A38,'Round 2'!$A$7:$I$206,COLUMN('Round 2'!$F$7),FALSE())),0,VLOOKUP($A38,'Round 2'!$A$7:$I$206,COLUMN('Round 2'!$F$7),FALSE()))+IF(ISERROR(VLOOKUP($A38,'Round 3'!$A$7:$I$206,COLUMN('Round 3'!$F$7),FALSE())),0,VLOOKUP($A38,'Round 3'!$A$7:$I$206,COLUMN('Round 3'!$F$7),FALSE()))) -> 0.5 | J38: =IF(ISBLANK($A38),"",IF(ISERROR(VLOOKUP($A38,'Round 1'!$A$7:$I$206,COLUMN('Round 1'!$H$7),FALSE())),0,VLOOKUP($A38,'Round 1'!$A$7:$I$206,COLUMN('Round 1'!$H$7),FALSE()))+IF(ISERROR(VLOOKUP($A38,'Round 2'!$A$7:$I$206,COLUMN('Round 2'!$H$7),FALSE())),0,VLOOKUP($A38,'Round 2'!$A$7:$I$206,COLUMN('Round 2'!$H$7),FALSE()))+IF(ISERROR(VLOOKUP($A38,'Round 3'!$A$7:$I$206,COLUMN('Round 3'!$H$7),FALSE())),0,VLOOKUP($A38,'Round 3'!$A$7:$I$206,COLUMN('Round 3'!$H$7),FALSE()))) -> 66 | K38: =IF(ISBLANK(A38),"",_xlfn.RANK.EQ(P38,$P$7:$P$206)) -> 26 | L38: =IF(ISBLANK($G38),IF($K38>5,"",IF(AND(ISNA(MATCH(K38+1,$K$7:$K$206,0)),$K38<$A$4),"TIE","")),"DQ") | N38: =IF(ISBLANK($G38),$R38,"DQ") -> 26 | O38: =IF(ISBLANK(A38),"",$H38*$O$6+$I38) -> 0.5 | P38: =IF(ISBLANK(A38),"",$O38*10*$P$6+$J38) -> 941 | Q38: =IF(ISBLANK($G38),IF(ISBLANK($A38),-10,$P38*$Q$6+IF($M38>0,$Q$6-1-$M38,0)),-1) -> 941 | R38: =IF(ISBLANK($A38),"",_xlfn.RANK.EQ($Q38,$Q$7:$Q$206)) -> 26 | S38: =IF(ISNA(MATCH($R38+1,$R$7:$R$206,0)),IF($R38=MAX($A$7:$A$206),$R38,-1),$R38) -> 26 | T38: =$A38 -> 32 | U38: =IF(N('Final Round'!$J$14)>0,IF(ISBLANK($A38),"",IF($N38>5,$N38,VLOOKUP($A38,'Final Round'!$A$14:$K$18,COLUMN('Final Round'!$J$1),FALSE()))),"") -> 26 | V38: =IF(ISNUMBER($U38),$U38,$R38) -> 26 | W38: =IF(ISBLANK($A38),"",($V$6-$V38)*$W$6+$W$6-$A38) -> 232 | X38: =IF(ISBLANK($A38),"",_xlfn.RANK.EQ($W38,$W$7:$W$206)) -> 26 | Y38: =$A38 -> 32 | Z38: =IF($U38="",$N38,$U38) -> 26 | AA38: =IF($U38<6,INDEX($AA$1:$AA$5,$Z38)*$Z$2,0) -> 0 | AB38: =IF(ISBLANK($A38),"",5+4*(I38+IF(AA38=0,0,VLOOKUP($A38,'Final Round'!$A$14:$K$18,COLUMN('Final Round'!$G$1),FALSE())))+8*(H38+IF(AA38=0,0,IF(VLOOKUP($A38,'Final Round'!$A$14:$K$18,COLUMN('Final Round'!$J$1),FALSE())=1,1,0)))+$AA38) -> 7
F39: =IF(ISBLANK($A39),"",SUM(IF(ISNA(IF(VLOOKUP($A39,'Round 1'!$A$7:$J$206,COLUMN('Round 1'!$H$7),FALSE()),1,NA())),0,1),IF(ISNA(IF(VLOOKUP($A39,'Round 2'!$A$7:$J$206,COLUMN('Round 1'!$H$7),FALSE()),1,NA())),0,1),IF(ISNA(IF(VLOOKUP($A39,'Round 3'!$A$7:$J$206,COLUMN('Round 1'!$H$7),FALSE()),1,NA())),0,1),IF(ISNA(IF(VLOOKUP($A39,'Final Round'!$A$14:$K$18,1,FALSE()),1,NA())),0,1))) | H39: =IF(ISBLANK($A39),"",IF(ISERROR(VLOOKUP($A39,'Round 1'!$A$7:$I$206,COLUMN('Round 1'!$G$7),FALSE())),0,VLOOKUP($A39,'Round 1'!$A$7:$I$206,COLUMN('Round 1'!$G$7),FALSE()))+IF(ISERROR(VLOOKUP($A39,'Round 2'!$A$7:$I$206,COLUMN('Round 2'!$G$7),FALSE())),0,VLOOKUP($A39,'Round 2'!$A$7:$I$206,COLUMN('Round 2'!$G$7),FALSE()))+IF(ISERROR(VLOOKUP($A39,'Round 3'!$A$7:$I$206,COLUMN('Round 3'!$G$7),FALSE())),0,VLOOKUP($A39,'Round 3'!$A$7:$I$206,COLUMN('Round 3'!$G$7),FALSE()))) | I39: =IF(ISBLANK($A39),"",IF(ISERROR(VLOOKUP($A39,'Round 1'!$A$7:$I$206,COLUMN('Round 1'!$F$7),FALSE())),0,VLOOKUP($A39,'Round 1'!$A$7:$I$206,COLUMN('Round 1'!$F$7),FALSE()))+IF(ISERROR(VLOOKUP($A39,'Round 2'!$A$7:$I$206,COLUMN('Round 2'!$F$7),FALSE())),0,VLOOKUP($A39,'Round 2'!$A$7:$I$206,COLUMN('Round 2'!$F$7),FALSE()))+IF(ISERROR(VLOOKUP($A39,'Round 3'!$A$7:$I$206,COLUMN('Round 3'!$F$7),FALSE())),0,VLOOKUP($A39,'Round 3'!$A$7:$I$206,COLUMN('Round 3'!$F$7),FALSE()))) | J39: =IF(ISBLANK($A39),"",IF(ISERROR(VLOOKUP($A39,'Round 1'!$A$7:$I$206,COLUMN('Round 1'!$H$7),FALSE())),0,VLOOKUP($A39,'Round 1'!$A$7:$I$206,COLUMN('Round 1'!$H$7),FALSE()))+IF(ISERROR(VLOOKUP($A39,'Round 2'!$A$7:$I$206,COLUMN('Round 2'!$H$7),FALSE())),0,VLOOKUP($A39,'Round 2'!$A$7:$I$206,COLUMN('Round 2'!$H$7),FALSE()))+IF(ISERROR(VLOOKUP($A39,'Round 3'!$A$7:$I$206,COLUMN('Round 3'!$H$7),FALSE())),0,VLOOKUP($A39,'Round 3'!$A$7:$I$206,COLUMN('Round 3'!$H$7),FALSE()))) | K39: =IF(ISBLANK(A39),"",_xlfn.RANK.EQ(P39,$P$7:$P$206)) | L39: =IF(ISBLANK($G39),IF($K39>5,"",IF(AND(ISNA(MATCH(K39+1,$K$7:$K$206,0)),$K39<$A$4),"TIE","")),"DQ") | N39: =IF(ISBLANK($G39),$R39,"DQ") | O39: =IF(ISBLANK(A39),"",$H39*$O$6+$I39) | P39: =IF(ISBLANK(A39),"",$O39*10*$P$6+$J39) | Q39: =IF(ISBLANK($G39),IF(ISBLANK($A39),-10,$P39*$Q$6+IF($M39>0,$Q$6-1-$M39,0)),-1) -> -10 | R39: =IF(ISBLANK($A39),"",_xlfn.RANK.EQ($Q39,$Q$7:$Q$206)) | S39: =IF(ISNA(MATCH($R39+1,$R$7:$R$206,0)),IF($R39=MAX($A$7:$A$206),$R39,-1),$R39) | T39: =$A39 -> 0 | U39: =IF(N('Final Round'!$J$14)>0,IF(ISBLANK($A39),"",IF($N39>5,$N39,VLOOKUP($A39,'Final Round'!$A$14:$K$18,COLUMN('Final Round'!$J$1),FALSE()))),"") | V39: =IF(ISNUMBER($U39),$U39,$R39) | W39: =IF(ISBLANK($A39),"",($V$6-$V39)*$W$6+$W$6-$A39) | X39: =IF(ISBLANK($A39),"",_xlfn.RANK.EQ($W39,$W$7:$W$206)) | Y39: =$A39 -> 0 | Z39: =IF($U39="",$N39,$U39) | AA39: =IF($U39<6,INDEX($AA$1:$AA$5,$Z39)*$Z$2,0) -> 0 | AB39: =IF(ISBLANK($A39),"",5+4*(I39+IF(AA39=0,0,VLOOKUP($A39,'Final Round'!$A$14:$K$18,COLUMN('Final Round'!$G$1),FALSE())))+8*(H39+IF(AA39=0,0,IF(VLOOKUP($A39,'Final Round'!$A$14:$K$18,COLUMN('Final Round'!$J$1),FALSE())=1,1,0)))+$AA39)
F40: =IF(ISBLANK($A40),"",SUM(IF(ISNA(IF(VLOOKUP($A40,'Round 1'!$A$7:$J$206,COLUMN('Round 1'!$H$7),FALSE()),1,NA())),0,1),IF(ISNA(IF(VLOOKUP($A40,'Round 2'!$A$7:$J$206,COLUMN('Round 1'!$H$7),FALSE()),1,NA())),0,1),IF(ISNA(IF(VLOOKUP($A40,'Round 3'!$A$7:$J$206,COLUMN('Round 1'!$H$7),FALSE()),1,NA())),0,1),IF(ISNA(IF(VLOOKUP($A40,'Final Round'!$A$14:$K$18,1,FALSE()),1,NA())),0,1))) | H40: =IF(ISBLANK($A40),"",IF(ISERROR(VLOOKUP($A40,'Round 1'!$A$7:$I$206,COLUMN('Round 1'!$G$7),FALSE())),0,VLOOKUP($A40,'Round 1'!$A$7:$I$206,COLUMN('Round 1'!$G$7),FALSE()))+IF(ISERROR(VLOOKUP($A40,'Round 2'!$A$7:$I$206,COLUMN('Round 2'!$G$7),FALSE())),0,VLOOKUP($A40,'Round 2'!$A$7:$I$206,COLUMN('Round 2'!$G$7),FALSE()))+IF(ISERROR(VLOOKUP($A40,'Round 3'!$A$7:$I$206,COLUMN('Round 3'!$G$7),FALSE())),0,VLOOKUP($A40,'Round 3'!$A$7:$I$206,COLUMN('Round 3'!$G$7),FALSE()))) | I40: =IF(ISBLANK($A40),"",IF(ISERROR(VLOOKUP($A40,'Round 1'!$A$7:$I$206,COLUMN('Round 1'!$F$7),FALSE())),0,VLOOKUP($A40,'Round 1'!$A$7:$I$206,COLUMN('Round 1'!$F$7),FALSE()))+IF(ISERROR(VLOOKUP($A40,'Round 2'!$A$7:$I$206,COLUMN('Round 2'!$F$7),FALSE())),0,VLOOKUP($A40,'Round 2'!$A$7:$I$206,COLUMN('Round 2'!$F$7),FALSE()))+IF(ISERROR(VLOOKUP($A40,'Round 3'!$A$7:$I$206,COLUMN('Round 3'!$F$7),FALSE())),0,VLOOKUP($A40,'Round 3'!$A$7:$I$206,COLUMN('Round 3'!$F$7),FALSE()))) | J40: =IF(ISBLANK($A40),"",IF(ISERROR(VLOOKUP($A40,'Round 1'!$A$7:$I$206,COLUMN('Round 1'!$H$7),FALSE())),0,VLOOKUP($A40,'Round 1'!$A$7:$I$206,COLUMN('Round 1'!$H$7),FALSE()))+IF(ISERROR(VLOOKUP($A40,'Round 2'!$A$7:$I$206,COLUMN('Round 2'!$H$7),FALSE())),0,VLOOKUP($A40,'Round 2'!$A$7:$I$206,COLUMN('Round 2'!$H$7),FALSE()))+IF(ISERROR(VLOOKUP($A40,'Round 3'!$A$7:$I$206,COLUMN('Round 3'!$H$7),FALSE())),0,VLOOKUP($A40,'Round 3'!$A$7:$I$206,COLUMN('Round 3'!$H$7),FALSE()))) | K40: =IF(ISBLANK(A40),"",_xlfn.RANK.EQ(P40,$P$7:$P$206)) | L40: =IF(ISBLANK($G40),IF($K40>5,"",IF(AND(ISNA(MATCH(K40+1,$K$7:$K$206,0)),$K40<$A$4),"TIE","")),"DQ") | N40: =IF(ISBLANK($G40),$R40,"DQ") | O40: =IF(ISBLANK(A40),"",$H40*$O$6+$I40) | P40: =IF(ISBLANK(A40),"",$O40*10*$P$6+$J40) | Q40: =IF(ISBLANK($G40),IF(ISBLANK($A40),-10,$P40*$Q$6+IF($M40>0,$Q$6-1-$M40,0)),-1) -> -10 | R40: =IF(ISBLANK($A40),"",_xlfn.RANK.EQ($Q40,$Q$7:$Q$206)) | S40: =IF(ISNA(MATCH($R40+1,$R$7:$R$206,0)),IF($R40=MAX($A$7:$A$206),$R40,-1),$R40) | T40: =$A40 -> 0 | U40: =IF(N('Final Round'!$J$14)>0,IF(ISBLANK($A40),"",IF($N40>5,$N40,VLOOKUP($A40,'Final Round'!$A$14:$K$18,COLUMN('Final Round'!$J$1),FALSE()))),"") | V40: =IF(ISNUMBER($U40),$U40,$R40) | W40: =IF(ISBLANK($A40),"",($V$6-$V40)*$W$6+$W$6-$A40) | X40: =IF(ISBLANK($A40),"",_xlfn.RANK.EQ($W40,$W$7:$W$206)) | Y40: =$A40 -> 0 | Z40: =IF($U40="",$N40,$U40) | AA40: =IF($U40<6,INDEX($AA$1:$AA$5,$Z40)*$Z$2,0) -> 0 | AB40: =IF(ISBLANK($A40),"",5+4*(I40+IF(AA40=0,0,VLOOKUP($A40,'Final Round'!$A$14:$K$18,COLUMN('Final Round'!$G$1),FALSE())))+8*(H40+IF(AA40=0,0,IF(VLOOKUP($A40,'Final Round'!$A$14:$K$18,COLUMN('Final Round'!$J$1),FALSE())=1,1,0)))+$AA40)
F41: =IF(ISBLANK($A41),"",SUM(IF(ISNA(IF(VLOOKUP($A41,'Round 1'!$A$7:$J$206,COLUMN('Round 1'!$H$7),FALSE()),1,NA())),0,1),IF(ISNA(IF(VLOOKUP($A41,'Round 2'!$A$7:$J$206,COLUMN('Round 1'!$H$7),FALSE()),1,NA())),0,1),IF(ISNA(IF(VLOOKUP($A41,'Round 3'!$A$7:$J$206,COLUMN('Round 1'!$H$7),FALSE()),1,NA())),0,1),IF(ISNA(IF(VLOOKUP($A41,'Final Round'!$A$14:$K$18,1,FALSE()),1,NA())),0,1))) | H41: =IF(ISBLANK($A41),"",IF(ISERROR(VLOOKUP($A41,'Round 1'!$A$7:$I$206,COLUMN('Round 1'!$G$7),FALSE())),0,VLOOKUP($A41,'Round 1'!$A$7:$I$206,COLUMN('Round 1'!$G$7),FALSE()))+IF(ISERROR(VLOOKUP($A41,'Round 2'!$A$7:$I$206,COLUMN('Round 2'!$G$7),FALSE())),0,VLOOKUP($A41,'Round 2'!$A$7:$I$206,COLUMN('Round 2'!$G$7),FALSE()))+IF(ISERROR(VLOOKUP($A41,'Round 3'!$A$7:$I$206,COLUMN('Round 3'!$G$7),FALSE())),0,VLOOKUP($A41,'Round 3'!$A$7:$I$206,COLUMN('Round 3'!$G$7),FALSE()))) | I41: =IF(ISBLANK($A41),"",IF(ISERROR(VLOOKUP($A41,'Round 1'!$A$7:$I$206,COLUMN('Round 1'!$F$7),FALSE())),0,VLOOKUP($A41,'Round 1'!$A$7:$I$206,COLUMN('Round 1'!$F$7),FALSE()))+IF(ISERROR(VLOOKUP($A41,'Round 2'!$A$7:$I$206,COLUMN('Round 2'!$F$7),FALSE())),0,VLOOKUP($A41,'Round 2'!$A$7:$I$206,COLUMN('Round 2'!$F$7),FALSE()))+IF(ISERROR(VLOOKUP($A41,'Round 3'!$A$7:$I$206,COLUMN('Round 3'!$F$7),FALSE())),0,VLOOKUP($A41,'Round 3'!$A$7:$I$206,COLUMN('Round 3'!$F$7),FALSE()))) | J41: =IF(ISBLANK($A41),"",IF(ISERROR(VLOOKUP($A41,'Round 1'!$A$7:$I$206,COLUMN('Round 1'!$H$7),FALSE())),0,VLOOKUP($A41,'Round 1'!$A$7:$I$206,COLUMN('Round 1'!$H$7),FALSE()))+IF(ISERROR(VLOOKUP($A41,'Round 2'!$A$7:$I$206,COLUMN('Round 2'!$H$7),FALSE())),0,VLOOKUP($A41,'Round 2'!$A$7:$I$206,COLUMN('Round 2'!$H$7),FALSE()))+IF(ISERROR(VLOOKUP($A41,'Round 3'!$A$7:$I$206,COLUMN('Round 3'!$H$7),FALSE())),0,VLOOKUP($A41,'Round 3'!$A$7:$I$206,COLUMN('Round 3'!$H$7),FALSE()))) | K41: =IF(ISBLANK(A41),"",_xlfn.RANK.EQ(P41,$P$7:$P$206)) | L41: =IF(ISBLANK($G41),IF($K41>5,"",IF(AND(ISNA(MATCH(K41+1,$K$7:$K$206,0)),$K41<$A$4),"TIE","")),"DQ") | N41: =IF(ISBLANK($G41),$R41,"DQ") | O41: =IF(ISBLANK(A41),"",$H41*$O$6+$I41) | P41: =IF(ISBLANK(A41),"",$O41*10*$P$6+$J41) | Q41: =IF(ISBLANK($G41),IF(ISBLANK($A41),-10,$P41*$Q$6+IF($M41>0,$Q$6-1-$M41,0)),-1) -> -10 | R41: =IF(ISBLANK($A41),"",_xlfn.RANK.EQ($Q41,$Q$7:$Q$206)) | S41: =IF(ISNA(MATCH($R41+1,$R$7:$R$206,0)),IF($R41=MAX($A$7:$A$206),$R41,-1),$R41) | T41: =$A41 -> 0 | U41: =IF(N('Final Round'!$J$14)>0,IF(ISBLANK($A41),"",IF($N41>5,$N41,VLOOKUP($A41,'Final Round'!$A$14:$K$18,COLUMN('Final Round'!$J$1),FALSE()))),"") | V41: =IF(ISNUMBER($U41),$U41,$R41) | W41: =IF(ISBLANK($A41),"",($V$6-$V41)*$W$6+$W$6-$A41) | X41: =IF(ISBLANK($A41),"",_xlfn.RANK.EQ($W41,$W$7:$W$206)) | Y41: =$A41 -> 0 | Z41: =IF($U41="",$N41,$U41) | AA41: =IF($U41<6,INDEX($AA$1:$AA$5,$Z41)*$Z$2,0) -> 0 | AB41: =IF(ISBLANK($A41),"",5+4*(I41+IF(AA41=0,0,VLOOKUP($A41,'Final Round'!$A$14:$K$18,COLUMN('Final Round'!$G$1),FALSE())))+8*(H41+IF(AA41=0,0,IF(VLOOKUP($A41,'Final Round'!$A$14:$K$18,COLUMN('Final Round'!$J$1),FALSE())=1,1,0)))+$AA41)
F42: =IF(ISBLANK($A42),"",SUM(IF(ISNA(IF(VLOOKUP($A42,'Round 1'!$A$7:$J$206,COLUMN('Round 1'!$H$7),FALSE()),1,NA())),0,1),IF(ISNA(IF(VLOOKUP($A42,'Round 2'!$A$7:$J$206,COLUMN('Round 1'!$H$7),FALSE()),1,NA())),0,1),IF(ISNA(IF(VLOOKUP($A42,'Round 3'!$A$7:$J$206,COLUMN('Round 1'!$H$7),FALSE()),1,NA())),0,1),IF(ISNA(IF(VLOOKUP($A42,'Final Round'!$A$14:$K$18,1,FALSE()),1,NA())),0,1))) | H42: =IF(ISBLANK($A42),"",IF(ISERROR(VLOOKUP($A42,'Round 1'!$A$7:$I$206,COLUMN('Round 1'!$G$7),FALSE())),0,VLOOKUP($A42,'Round 1'!$A$7:$I$206,COLUMN('Round 1'!$G$7),FALSE()))+IF(ISERROR(VLOOKUP($A42,'Round 2'!$A$7:$I$206,COLUMN('Round 2'!$G$7),FALSE())),0,VLOOKUP($A42,'Round 2'!$A$7:$I$206,COLUMN('Round 2'!$G$7),FALSE()))+IF(ISERROR(VLOOKUP($A42,'Round 3'!$A$7:$I$206,COLUMN('Round 3'!$G$7),FALSE())),0,VLOOKUP($A42,'Round 3'!$A$7:$I$206,COLUMN('Round 3'!$G$7),FALSE()))) | I42: =IF(ISBLANK($A42),"",IF(ISERROR(VLOOKUP($A42,'Round 1'!$A$7:$I$206,COLUMN('Round 1'!$F$7),FALSE())),0,VLOOKUP($A42,'Round 1'!$A$7:$I$206,COLUMN('Round 1'!$F$7),FALSE()))+IF(ISERROR(VLOOKUP($A42,'Round 2'!$A$7:$I$206,COLUMN('Round 2'!$F$7),FALSE())),0,VLOOKUP($A42,'Round 2'!$A$7:$I$206,COLUMN('Round 2'!$F$7),FALSE()))+IF(ISERROR(VLOOKUP($A42,'Round 3'!$A$7:$I$206,COLUMN('Round 3'!$F$7),FALSE())),0,VLOOKUP($A42,'Round 3'!$A$7:$I$206,COLUMN('Round 3'!$F$7),FALSE()))) | J42: =IF(ISBLANK($A42),"",IF(ISERROR(VLOOKUP($A42,'Round 1'!$A$7:$I$206,COLUMN('Round 1'!$H$7),FALSE())),0,VLOOKUP($A42,'Round 1'!$A$7:$I$206,COLUMN('Round 1'!$H$7),FALSE()))+IF(ISERROR(VLOOKUP($A42,'Round 2'!$A$7:$I$206,COLUMN('Round 2'!$H$7),FALSE())),0,VLOOKUP($A42,'Round 2'!$A$7:$I$206,COLUMN('Round 2'!$H$7),FALSE()))+IF(ISERROR(VLOOKUP($A42,'Round 3'!$A$7:$I$206,COLUMN('Round 3'!$H$7),FALSE())),0,VLOOKUP($A42,'Round 3'!$A$7:$I$206,COLUMN('Round 3'!$H$7),FALSE()))) | K42: =IF(ISBLANK(A42),"",_xlfn.RANK.EQ(P42,$P$7:$P$206)) | L42: =IF(ISBLANK($G42),IF($K42>5,"",IF(AND(ISNA(MATCH(K42+1,$K$7:$K$206,0)),$K42<$A$4),"TIE","")),"DQ") | N42: =IF(ISBLANK($G42),$R42,"DQ") | O42: =IF(ISBLANK(A42),"",$H42*$O$6+$I42) | P42: =IF(ISBLANK(A42),"",$O42*10*$P$6+$J42) | Q42: =IF(ISBLANK($G42),IF(ISBLANK($A42),-10,$P42*$Q$6+IF($M42>0,$Q$6-1-$M42,0)),-1) -> -10 | R42: =IF(ISBLANK($A42),"",_xlfn.RANK.EQ($Q42,$Q$7:$Q$206)) | S42: =IF(ISNA(MATCH($R42+1,$R$7:$R$206,0)),IF($R42=MAX($A$7:$A$206),$R42,-1),$R42) | T42: =$A42 -> 0 | U42: =IF(N('Final Round'!$J$14)>0,IF(ISBLANK($A42),"",IF($N42>5,$N42,VLOOKUP($A42,'Final Round'!$A$14:$K$18,COLUMN('Final Round'!$J$1),FALSE()))),"") | V42: =IF(ISNUMBER($U42),$U42,$R42) | W42: =IF(ISBLANK($A42),"",($V$6-$V42)*$W$6+$W$6-$A42) | X42: =IF(ISBLANK($A42),"",_xlfn.RANK.EQ($W42,$W$7:$W$206)) | Y42: =$A42 -> 0 | Z42: =IF($U42="",$N42,$U42) | AA42: =IF($U42<6,INDEX($AA$1:$AA$5,$Z42)*$Z$2,0) -> 0 | AB42: =IF(ISBLANK($A42),"",5+4*(I42+IF(AA42=0,0,VLOOKUP($A42,'Final Round'!$A$14:$K$18,COLUMN('Final Round'!$G$1),FALSE())))+8*(H42+IF(AA42=0,0,IF(VLOOKUP($A42,'Final Round'!$A$14:$K$18,COLUMN('Final Round'!$J$1),FALSE())=1,1,0)))+$AA42)
F43: =IF(ISBLANK($A43),"",SUM(IF(ISNA(IF(VLOOKUP($A43,'Round 1'!$A$7:$J$206,COLUMN('Round 1'!$H$7),FALSE()),1,NA())),0,1),IF(ISNA(IF(VLOOKUP($A43,'Round 2'!$A$7:$J$206,COLUMN('Round 1'!$H$7),FALSE()),1,NA())),0,1),IF(ISNA(IF(VLOOKUP($A43,'Round 3'!$A$7:$J$206,COLUMN('Round 1'!$H$7),FALSE()),1,NA())),0,1),IF(ISNA(IF(VLOOKUP($A43,'Final Round'!$A$14:$K$18,1,FALSE()),1,NA())),0,1))) | H43: =IF(ISBLANK($A43),"",IF(ISERROR(VLOOKUP($A43,'Round 1'!$A$7:$I$206,COLUMN('Round 1'!$G$7),FALSE())),0,VLOOKUP($A43,'Round 1'!$A$7:$I$206,COLUMN('Round 1'!$G$7),FALSE()))+IF(ISERROR(VLOOKUP($A43,'Round 2'!$A$7:$I$206,COLUMN('Round 2'!$G$7),FALSE())),0,VLOOKUP($A43,'Round 2'!$A$7:$I$206,COLUMN('Round 2'!$G$7),FALSE()))+IF(ISERROR(VLOOKUP($A43,'Round 3'!$A$7:$I$206,COLUMN('Round 3'!$G$7),FALSE())),0,VLOOKUP($A43,'Round 3'!$A$7:$I$206,COLUMN('Round 3'!$G$7),FALSE()))) | I43: =IF(ISBLANK($A43),"",IF(ISERROR(VLOOKUP($A43,'Round 1'!$A$7:$I$206,COLUMN('Round 1'!$F$7),FALSE())),0,VLOOKUP($A43,'Round 1'!$A$7:$I$206,COLUMN('Round 1'!$F$7),FALSE()))+IF(ISERROR(VLOOKUP($A43,'Round 2'!$A$7:$I$206,COLUMN('Round 2'!$F$7),FALSE())),0,VLOOKUP($A43,'Round 2'!$A$7:$I$206,COLUMN('Round 2'!$F$7),FALSE()))+IF(ISERROR(VLOOKUP($A43,'Round 3'!$A$7:$I$206,COLUMN('Round 3'!$F$7),FALSE())),0,VLOOKUP($A43,'Round 3'!$A$7:$I$206,COLUMN('Round 3'!$F$7),FALSE()))) | J43: =IF(ISBLANK($A43),"",IF(ISERROR(VLOOKUP($A43,'Round 1'!$A$7:$I$206,COLUMN('Round 1'!$H$7),FALSE())),0,VLOOKUP($A43,'Round 1'!$A$7:$I$206,COLUMN('Round 1'!$H$7),FALSE()))+IF(ISERROR(VLOOKUP($A43,'Round 2'!$A$7:$I$206,COLUMN('Round 2'!$H$7),FALSE())),0,VLOOKUP($A43,'Round 2'!$A$7:$I$206,COLUMN('Round 2'!$H$7),FALSE()))+IF(ISERROR(VLOOKUP($A43,'Round 3'!$A$7:$I$206,COLUMN('Round 3'!$H$7),FALSE())),0,VLOOKUP($A43,'Round 3'!$A$7:$I$206,COLUMN('Round 3'!$H$7),FALSE()))) | K43: =IF(ISBLANK(A43),"",_xlfn.RANK.EQ(P43,$P$7:$P$206)) | L43: =IF(ISBLANK($G43),IF($K43>5,"",IF(AND(ISNA(MATCH(K43+1,$K$7:$K$206,0)),$K43<$A$4),"TIE","")),"DQ") | N43: =IF(ISBLANK($G43),$R43,"DQ") | O43: =IF(ISBLANK(A43),"",$H43*$O$6+$I43) | P43: =IF(ISBLANK(A43),"",$O43*10*$P$6+$J43) | Q43: =IF(ISBLANK($G43),IF(ISBLANK($A43),-10,$P43*$Q$6+IF($M43>0,$Q$6-1-$M43,0)),-1) -> -10 | R43: =IF(ISBLANK($A43),"",_xlfn.RANK.EQ($Q43,$Q$7:$Q$206)) | S43: =IF(ISNA(MATCH($R43+1,$R$7:$R$206,0)),IF($R43=MAX($A$7:$A$206),$R43,-1),$R43) | T43: =$A43 -> 0 | U43: =IF(N('Final Round'!$J$14)>0,IF(ISBLANK($A43),"",IF($N43>5,$N43,VLOOKUP($A43,'Final Round'!$A$14:$K$18,COLUMN('Final Round'!$J$1),FALSE()))),"") | V43: =IF(ISNUMBER($U43),$U43,$R43) | W43: =IF(ISBLANK($A43),"",($V$6-$V43)*$W$6+$W$6-$A43) | X43: =IF(ISBLANK($A43),"",_xlfn.RANK.EQ($W43,$W$7:$W$206)) | Y43: =$A43 -> 0 | Z43: =IF($U43="",$N43,$U43) | AA43: =IF($U43<6,INDEX($AA$1:$AA$5,$Z43)*$Z$2,0) -> 0 | AB43: =IF(ISBLANK($A43),"",5+4*(I43+IF(AA43=0,0,VLOOKUP($A43,'Final Round'!$A$14:$K$18,COLUMN('Final Round'!$G$1),FALSE())))+8*(H43+IF(AA43=0,0,IF(VLOOKUP($A43,'Final Round'!$A$14:$K$18,COLUMN('Final Round'!$J$1),FALSE())=1,1,0)))+$AA43)
F44: =IF(ISBLANK($A44),"",SUM(IF(ISNA(IF(VLOOKUP($A44,'Round 1'!$A$7:$J$206,COLUMN('Round 1'!$H$7),FALSE()),1,NA())),0,1),IF(ISNA(IF(VLOOKUP($A44,'Round 2'!$A$7:$J$206,COLUMN('Round 1'!$H$7),FALSE()),1,NA())),0,1),IF(ISNA(IF(VLOOKUP($A44,'Round 3'!$A$7:$J$206,COLUMN('Round 1'!$H$7),FALSE()),1,NA())),0,1),IF(ISNA(IF(VLOOKUP($A44,'Final Round'!$A$14:$K$18,1,FALSE()),1,NA())),0,1))) | H44: =IF(ISBLANK($A44),"",IF(ISERROR(VLOOKUP($A44,'Round 1'!$A$7:$I$206,COLUMN('Round 1'!$G$7),FALSE())),0,VLOOKUP($A44,'Round 1'!$A$7:$I$206,COLUMN('Round 1'!$G$7),FALSE()))+IF(ISERROR(VLOOKUP($A44,'Round 2'!$A$7:$I$206,COLUMN('Round 2'!$G$7),FALSE())),0,VLOOKUP($A44,'Round 2'!$A$7:$I$206,COLUMN('Round 2'!$G$7),FALSE()))+IF(ISERROR(VLOOKUP($A44,'Round 3'!$A$7:$I$206,COLUMN('Round 3'!$G$7),FALSE())),0,VLOOKUP($A44,'Round 3'!$A$7:$I$206,COLUMN('Round 3'!$G$7),FALSE()))) | I44: =IF(ISBLANK($A44),"",IF(ISERROR(VLOOKUP($A44,'Round 1'!$A$7:$I$206,COLUMN('Round 1'!$F$7),FALSE())),0,VLOOKUP($A44,'Round 1'!$A$7:$I$206,COLUMN('Round 1'!$F$7),FALSE()))+IF(ISERROR(VLOOKUP($A44,'Round 2'!$A$7:$I$206,COLUMN('Round 2'!$F$7),FALSE())),0,VLOOKUP($A44,'Round 2'!$A$7:$I$206,COLUMN('Round 2'!$F$7),FALSE()))+IF(ISERROR(VLOOKUP($A44,'Round 3'!$A$7:$I$206,COLUMN('Round 3'!$F$7),FALSE())),0,VLOOKUP($A44,'Round 3'!$A$7:$I$206,COLUMN('Round 3'!$F$7),FALSE()))) | J44: =IF(ISBLANK($A44),"",IF(ISERROR(VLOOKUP($A44,'Round 1'!$A$7:$I$206,COLUMN('Round 1'!$H$7),FALSE())),0,VLOOKUP($A44,'Round 1'!$A$7:$I$206,COLUMN('Round 1'!$H$7),FALSE()))+IF(ISERROR(VLOOKUP($A44,'Round 2'!$A$7:$I$206,COLUMN('Round 2'!$H$7),FALSE())),0,VLOOKUP($A44,'Round 2'!$A$7:$I$206,COLUMN('Round 2'!$H$7),FALSE()))+IF(ISERROR(VLOOKUP($A44,'Round 3'!$A$7:$I$206,COLUMN('Round 3'!$H$7),FALSE())),0,VLOOKUP($A44,'Round 3'!$A$7:$I$206,COLUMN('Round 3'!$H$7),FALSE()))) | K44: =IF(ISBLANK(A44),"",_xlfn.RANK.EQ(P44,$P$7:$P$206)) | L44: =IF(ISBLANK($G44),IF($K44>5,"",IF(AND(ISNA(MATCH(K44+1,$K$7:$K$206,0)),$K44<$A$4),"TIE","")),"DQ") | N44: =IF(ISBLANK($G44),$R44,"DQ") | O44: =IF(ISBLANK(A44),"",$H44*$O$6+$I44) | P44: =IF(ISBLANK(A44),"",$O44*10*$P$6+$J44) | Q44: =IF(ISBLANK($G44),IF(ISBLANK($A44),-10,$P44*$Q$6+IF($M44>0,$Q$6-1-$M44,0)),-1) -> -10 | R44: =IF(ISBLANK($A44),"",_xlfn.RANK.EQ($Q44,$Q$7:$Q$206)) | S44: =IF(ISNA(MATCH($R44+1,$R$7:$R$206,0)),IF($R44=MAX($A$7:$A$206),$R44,-1),$R44) | T44: =$A44 -> 0 | U44: =IF(N('Final Round'!$J$14)>0,IF(ISBLANK($A44),"",IF($N44>5,$N44,VLOOKUP($A44,'Final Round'!$A$14:$K$18,COLUMN('Final Round'!$J$1),FALSE()))),"") | V44: =IF(ISNUMBER($U44),$U44,$R44) | W44: =IF(ISBLANK($A44),"",($V$6-$V44)*$W$6+$W$6-$A44) | X44: =IF(ISBLANK($A44),"",_xlfn.RANK.EQ($W44,$W$7:$W$206)) | Y44: =$A44 -> 0 | Z44: =IF($U44="",$N44,$U44) | AA44: =IF($U44<6,INDEX($AA$1:$AA$5,$Z44)*$Z$2,0) -> 0 | AB44: =IF(ISBLANK($A44),"",5+4*(I44+IF(AA44=0,0,VLOOKUP($A44,'Final Round'!$A$14:$K$18,COLUMN('Final Round'!$G$1),FALSE())))+8*(H44+IF(AA44=0,0,IF(VLOOKUP($A44,'Final Round'!$A$14:$K$18,COLUMN('Final Round'!$J$1),FALSE())=1,1,0)))+$AA44)
F45: =IF(ISBLANK($A45),"",SUM(IF(ISNA(IF(VLOOKUP($A45,'Round 1'!$A$7:$J$206,COLUMN('Round 1'!$H$7),FALSE()),1,NA())),0,1),IF(ISNA(IF(VLOOKUP($A45,'Round 2'!$A$7:$J$206,COLUMN('Round 1'!$H$7),FALSE()),1,NA())),0,1),IF(ISNA(IF(VLOOKUP($A45,'Round 3'!$A$7:$J$206,COLUMN('Round 1'!$H$7),FALSE()),1,NA())),0,1),IF(ISNA(IF(VLOOKUP($A45,'Final Round'!$A$14:$K$18,1,FALSE()),1,NA())),0,1))) | H45: =IF(ISBLANK($A45),"",IF(ISERROR(VLOOKUP($A45,'Round 1'!$A$7:$I$206,COLUMN('Round 1'!$G$7),FALSE())),0,VLOOKUP($A45,'Round 1'!$A$7:$I$206,COLUMN('Round 1'!$G$7),FALSE()))+IF(ISERROR(VLOOKUP($A45,'Round 2'!$A$7:$I$206,COLUMN('Round 2'!$G$7),FALSE())),0,VLOOKUP($A45,'Round 2'!$A$7:$I$206,COLUMN('Round 2'!$G$7),FALSE()))+IF(ISERROR(VLOOKUP($A45,'Round 3'!$A$7:$I$206,COLUMN('Round 3'!$G$7),FALSE())),0,VLOOKUP($A45,'Round 3'!$A$7:$I$206,COLUMN('Round 3'!$G$7),FALSE()))) | I45: =IF(ISBLANK($A45),"",IF(ISERROR(VLOOKUP($A45,'Round 1'!$A$7:$I$206,COLUMN('Round 1'!$F$7),FALSE())),0,VLOOKUP($A45,'Round 1'!$A$7:$I$206,COLUMN('Round 1'!$F$7),FALSE()))+IF(ISERROR(VLOOKUP($A45,'Round 2'!$A$7:$I$206,COLUMN('Round 2'!$F$7),FALSE())),0,VLOOKUP($A45,'Round 2'!$A$7:$I$206,COLUMN('Round 2'!$F$7),FALSE()))+IF(ISERROR(VLOOKUP($A45,'Round 3'!$A$7:$I$206,COLUMN('Round 3'!$F$7),FALSE())),0,VLOOKUP($A45,'Round 3'!$A$7:$I$206,COLUMN('Round 3'!$F$7),FALSE()))) | J45: =IF(ISBLANK($A45),"",IF(ISERROR(VLOOKUP($A45,'Round 1'!$A$7:$I$206,COLUMN('Round 1'!$H$7),FALSE())),0,VLOOKUP($A45,'Round 1'!$A$7:$I$206,COLUMN('Round 1'!$H$7),FALSE()))+IF(ISERROR(VLOOKUP($A45,'Round 2'!$A$7:$I$206,COLUMN('Round 2'!$H$7),FALSE())),0,VLOOKUP($A45,'Round 2'!$A$7:$I$206,COLUMN('Round 2'!$H$7),FALSE()))+IF(ISERROR(VLOOKUP($A45,'Round 3'!$A$7:$I$206,COLUMN('Round 3'!$H$7),FALSE())),0,VLOOKUP($A45,'Round 3'!$A$7:$I$206,COLUMN('Round 3'!$H$7),FALSE()))) | K45: =IF(ISBLANK(A45),"",_xlfn.RANK.EQ(P45,$P$7:$P$206)) | L45: =IF(ISBLANK($G45),IF($K45>5,"",IF(AND(ISNA(MATCH(K45+1,$K$7:$K$206,0)),$K45<$A$4),"TIE","")),"DQ") | N45: =IF(ISBLANK($G45),$R45,"DQ") | O45: =IF(ISBLANK(A45),"",$H45*$O$6+$I45) | P45: =IF(ISBLANK(A45),"",$O45*10*$P$6+$J45) | Q45: =IF(ISBLANK($G45),IF(ISBLANK($A45),-10,$P45*$Q$6+IF($M45>0,$Q$6-1-$M45,0)),-1) -> -10 | R45: =IF(ISBLANK($A45),"",_xlfn.RANK.EQ($Q45,$Q$7:$Q$206)) | S45: =IF(ISNA(MATCH($R45+1,$R$7:$R$206,0)),IF($R45=MAX($A$7:$A$206),$R45,-1),$R45) | T45: =$A45 -> 0 | U45: =IF(N('Final Round'!$J$14)>0,IF(ISBLANK($A45),"",IF($N45>5,$N45,VLOOKUP($A45,'Final Round'!$A$14:$K$18,COLUMN('Final Round'!$J$1),FALSE()))),"") | V45: =IF(ISNUMBER($U45),$U45,$R45) | W45: =IF(ISBLANK($A45),"",($V$6-$V45)*$W$6+$W$6-$A45) | X45: =IF(ISBLANK($A45),"",_xlfn.RANK.EQ($W45,$W$7:$W$206)) | Y45: =$A45 -> 0 | Z45: =IF($U45="",$N45,$U45) | AA45: =IF($U45<6,INDEX($AA$1:$AA$5,$Z45)*$Z$2,0) -> 0 | AB45: =IF(ISBLANK($A45),"",5+4*(I45+IF(AA45=0,0,VLOOKUP($A45,'Final Round'!$A$14:$K$18,COLUMN('Final Round'!$G$1),FALSE())))+8*(H45+IF(AA45=0,0,IF(VLOOKUP($A45,'Final Round'!$A$14:$K$18,COLUMN('Final Round'!$J$1),FALSE())=1,1,0)))+$AA45)
F46: =IF(ISBLANK($A46),"",SUM(IF(ISNA(IF(VLOOKUP($A46,'Round 1'!$A$7:$J$206,COLUMN('Round 1'!$H$7),FALSE()),1,NA())),0,1),IF(ISNA(IF(VLOOKUP($A46,'Round 2'!$A$7:$J$206,COLUMN('Round 1'!$H$7),FALSE()),1,NA())),0,1),IF(ISNA(IF(VLOOKUP($A46,'Round 3'!$A$7:$J$206,COLUMN('Round 1'!$H$7),FALSE()),1,NA())),0,1),IF(ISNA(IF(VLOOKUP($A46,'Final Round'!$A$14:$K$18,1,FALSE()),1,NA())),0,1))) | H46: =IF(ISBLANK($A46),"",IF(ISERROR(VLOOKUP($A46,'Round 1'!$A$7:$I$206,COLUMN('Round 1'!$G$7),FALSE())),0,VLOOKUP($A46,'Round 1'!$A$7:$I$206,COLUMN('Round 1'!$G$7),FALSE()))+IF(ISERROR(VLOOKUP($A46,'Round 2'!$A$7:$I$206,COLUMN('Round 2'!$G$7),FALSE())),0,VLOOKUP($A46,'Round 2'!$A$7:$I$206,COLUMN('Round 2'!$G$7),FALSE()))+IF(ISERROR(VLOOKUP($A46,'Round 3'!$A$7:$I$206,COLUMN('Round 3'!$G$7),FALSE())),0,VLOOKUP($A46,'Round 3'!$A$7:$I$206,COLUMN('Round 3'!$G$7),FALSE()))) | I46: =IF(ISBLANK($A46),"",IF(ISERROR(VLOOKUP($A46,'Round 1'!$A$7:$I$206,COLUMN('Round 1'!$F$7),FALSE())),0,VLOOKUP($A46,'Round 1'!$A$7:$I$206,COLUMN('Round 1'!$F$7),FALSE()))+IF(ISERROR(VLOOKUP($A46,'Round 2'!$A$7:$I$206,COLUMN('Round 2'!$F$7),FALSE())),0,VLOOKUP($A46,'Round 2'!$A$7:$I$206,COLUMN('Round 2'!$F$7),FALSE()))+IF(ISERROR(VLOOKUP($A46,'Round 3'!$A$7:$I$206,COLUMN('Round 3'!$F$7),FALSE())),0,VLOOKUP($A46,'Round 3'!$A$7:$I$206,COLUMN('Round 3'!$F$7),FALSE()))) | J46: =IF(ISBLANK($A46),"",IF(ISERROR(VLOOKUP($A46,'Round 1'!$A$7:$I$206,COLUMN('Round 1'!$H$7),FALSE())),0,VLOOKUP($A46,'Round 1'!$A$7:$I$206,COLUMN('Round 1'!$H$7),FALSE()))+IF(ISERROR(VLOOKUP($A46,'Round 2'!$A$7:$I$206,COLUMN('Round 2'!$H$7),FALSE())),0,VLOOKUP($A46,'Round 2'!$A$7:$I$206,COLUMN('Round 2'!$H$7),FALSE()))+IF(ISERROR(VLOOKUP($A46,'Round 3'!$A$7:$I$206,COLUMN('Round 3'!$H$7),FALSE())),0,VLOOKUP($A46,'Round 3'!$A$7:$I$206,COLUMN('Round 3'!$H$7),FALSE()))) | K46: =IF(ISBLANK(A46),"",_xlfn.RANK.EQ(P46,$P$7:$P$206)) | L46: =IF(ISBLANK($G46),IF($K46>5,"",IF(AND(ISNA(MATCH(K46+1,$K$7:$K$206,0)),$K46<$A$4),"TIE","")),"DQ") | N46: =IF(ISBLANK($G46),$R46,"DQ") | O46: =IF(ISBLANK(A46),"",$H46*$O$6+$I46) | P46: =IF(ISBLANK(A46),"",$O46*10*$P$6+$J46) | Q46: =IF(ISBLANK($G46),IF(ISBLANK($A46),-10,$P46*$Q$6+IF($M46>0,$Q$6-1-$M46,0)),-1) -> -10 | R46: =IF(ISBLANK($A46),"",_xlfn.RANK.EQ($Q46,$Q$7:$Q$206)) | S46: =IF(ISNA(MATCH($R46+1,$R$7:$R$206,0)),IF($R46=MAX($A$7:$A$206),$R46,-1),$R46) | T46: =$A46 -> 0 | U46: =IF(N('Final Round'!$J$14)>0,IF(ISBLANK($A46),"",IF($N46>5,$N46,VLOOKUP($A46,'Final Round'!$A$14:$K$18,COLUMN('Final Round'!$J$1),FALSE()))),"") | V46: =IF(ISNUMBER($U46),$U46,$R46) | W46: =IF(ISBLANK($A46),"",($V$6-$V46)*$W$6+$W$6-$A46) | X46: =IF(ISBLANK($A46),"",_xlfn.RANK.EQ($W46,$W$7:$W$206)) | Y46: =$A46 -> 0 | Z46: =IF($U46="",$N46,$U46) | AA46: =IF($U46<6,INDEX($AA$1:$AA$5,$Z46)*$Z$2,0) -> 0 | AB46: =IF(ISBLANK($A46),"",5+4*(I46+IF(AA46=0,0,VLOOKUP($A46,'Final Round'!$A$14:$K$18,COLUMN('Final Round'!$G$1),FALSE())))+8*(H46+IF(AA46=0,0,IF(VLOOKUP($A46,'Final Round'!$A$14:$K$18,COLUMN('Final Round'!$J$1),FALSE())=1,1,0)))+$AA46)
F47: =IF(ISBLANK($A47),"",SUM(IF(ISNA(IF(VLOOKUP($A47,'Round 1'!$A$7:$J$206,COLUMN('Round 1'!$H$7),FALSE()),1,NA())),0,1),IF(ISNA(IF(VLOOKUP($A47,'Round 2'!$A$7:$J$206,COLUMN('Round 1'!$H$7),FALSE()),1,NA())),0,1),IF(ISNA(IF(VLOOKUP($A47,'Round 3'!$A$7:$J$206,COLUMN('Round 1'!$H$7),FALSE()),1,NA())),0,1),IF(ISNA(IF(VLOOKUP($A47,'Final Round'!$A$14:$K$18,1,FALSE()),1,NA())),0,1))) | H47: =IF(ISBLANK($A47),"",IF(ISERROR(VLOOKUP($A47,'Round 1'!$A$7:$I$206,COLUMN('Round 1'!$G$7),FALSE())),0,VLOOKUP($A47,'Round 1'!$A$7:$I$206,COLUMN('Round 1'!$G$7),FALSE()))+IF(ISERROR(VLOOKUP($A47,'Round 2'!$A$7:$I$206,COLUMN('Round 2'!$G$7),FALSE())),0,VLOOKUP($A47,'Round 2'!$A$7:$I$206,COLUMN('Round 2'!$G$7),FALSE()))+IF(ISERROR(VLOOKUP($A47,'Round 3'!$A$7:$I$206,COLUMN('Round 3'!$G$7),FALSE())),0,VLOOKUP($A47,'Round 3'!$A$7:$I$206,COLUMN('Round 3'!$G$7),FALSE()))) | I47: =IF(ISBLANK($A47),"",IF(ISERROR(VLOOKUP($A47,'Round 1'!$A$7:$I$206,COLUMN('Round 1'!$F$7),FALSE())),0,VLOOKUP($A47,'Round 1'!$A$7:$I$206,COLUMN('Round 1'!$F$7),FALSE()))+IF(ISERROR(VLOOKUP($A47,'Round 2'!$A$7:$I$206,COLUMN('Round 2'!$F$7),FALSE())),0,VLOOKUP($A47,'Round 2'!$A$7:$I$206,COLUMN('Round 2'!$F$7),FALSE()))+IF(ISERROR(VLOOKUP($A47,'Round 3'!$A$7:$I$206,COLUMN('Round 3'!$F$7),FALSE())),0,VLOOKUP($A47,'Round 3'!$A$7:$I$206,COLUMN('Round 3'!$F$7),FALSE()))) | J47: =IF(ISBLANK($A47),"",IF(ISERROR(VLOOKUP($A47,'Round 1'!$A$7:$I$206,COLUMN('Round 1'!$H$7),FALSE())),0,VLOOKUP($A47,'Round 1'!$A$7:$I$206,COLUMN('Round 1'!$H$7),FALSE()))+IF(ISERROR(VLOOKUP($A47,'Round 2'!$A$7:$I$206,COLUMN('Round 2'!$H$7),FALSE())),0,VLOOKUP($A47,'Round 2'!$A$7:$I$206,COLUMN('Round 2'!$H$7),FALSE()))+IF(ISERROR(VLOOKUP($A47,'Round 3'!$A$7:$I$206,COLUMN('Round 3'!$H$7),FALSE())),0,VLOOKUP($A47,'Round 3'!$A$7:$I$206,COLUMN('Round 3'!$H$7),FALSE()))) | K47: =IF(ISBLANK(A47),"",_xlfn.RANK.EQ(P47,$P$7:$P$206)) | L47: =IF(ISBLANK($G47),IF($K47>5,"",IF(AND(ISNA(MATCH(K47+1,$K$7:$K$206,0)),$K47<$A$4),"TIE","")),"DQ") | N47: =IF(ISBLANK($G47),$R47,"DQ") | O47: =IF(ISBLANK(A47),"",$H47*$O$6+$I47) | P47: =IF(ISBLANK(A47),"",$O47*10*$P$6+$J47) | Q47: =IF(ISBLANK($G47),IF(ISBLANK($A47),-10,$P47*$Q$6+IF($M47>0,$Q$6-1-$M47,0)),-1) -> -10 | R47: =IF(ISBLANK($A47),"",_xlfn.RANK.EQ($Q47,$Q$7:$Q$206)) | S47: =IF(ISNA(MATCH($R47+1,$R$7:$R$206,0)),IF($R47=MAX($A$7:$A$206),$R47,-1),$R47) | T47: =$A47 -> 0 | U47: =IF(N('Final Round'!$J$14)>0,IF(ISBLANK($A47),"",IF($N47>5,$N47,VLOOKUP($A47,'Final Round'!$A$14:$K$18,COLUMN('Final Round'!$J$1),FALSE()))),"") | V47: =IF(ISNUMBER($U47),$U47,$R47) | W47: =IF(ISBLANK($A47),"",($V$6-$V47)*$W$6+$W$6-$A47) | X47: =IF(ISBLANK($A47),"",_xlfn.RANK.EQ($W47,$W$7:$W$206)) | Y47: =$A47 -> 0 | Z47: =IF($U47="",$N47,$U47) | AA47: =IF($U47<6,INDEX($AA$1:$AA$5,$Z47)*$Z$2,0) -> 0 | AB47: =IF(ISBLANK($A47),"",5+4*(I47+IF(AA47=0,0,VLOOKUP($A47,'Final Round'!$A$14:$K$18,COLUMN('Final Round'!$G$1),FALSE())))+8*(H47+IF(AA47=0,0,IF(VLOOKUP($A47,'Final Round'!$A$14:$K$18,COLUMN('Final Round'!$J$1),FALSE())=1,1,0)))+$AA47)
F48: =IF(ISBLANK($A48),"",SUM(IF(ISNA(IF(VLOOKUP($A48,'Round 1'!$A$7:$J$206,COLUMN('Round 1'!$H$7),FALSE()),1,NA())),0,1),IF(ISNA(IF(VLOOKUP($A48,'Round 2'!$A$7:$J$206,COLUMN('Round 1'!$H$7),FALSE()),1,NA())),0,1),IF(ISNA(IF(VLOOKUP($A48,'Round 3'!$A$7:$J$206,COLUMN('Round 1'!$H$7),FALSE()),1,NA())),0,1),IF(ISNA(IF(VLOOKUP($A48,'Final Round'!$A$14:$K$18,1,FALSE()),1,NA())),0,1))) | H48: =IF(ISBLANK($A48),"",IF(ISERROR(VLOOKUP($A48,'Round 1'!$A$7:$I$206,COLUMN('Round 1'!$G$7),FALSE())),0,VLOOKUP($A48,'Round 1'!$A$7:$I$206,COLUMN('Round 1'!$G$7),FALSE()))+IF(ISERROR(VLOOKUP($A48,'Round 2'!$A$7:$I$206,COLUMN('Round 2'!$G$7),FALSE())),0,VLOOKUP($A48,'Round 2'!$A$7:$I$206,COLUMN('Round 2'!$G$7),FALSE()))+IF(ISERROR(VLOOKUP($A48,'Round 3'!$A$7:$I$206,COLUMN('Round 3'!$G$7),FALSE())),0,VLOOKUP($A48,'Round 3'!$A$7:$I$206,COLUMN('Round 3'!$G$7),FALSE()))) | I48: =IF(ISBLANK($A48),"",IF(ISERROR(VLOOKUP($A48,'Round 1'!$A$7:$I$206,COLUMN('Round 1'!$F$7),FALSE())),0,VLOOKUP($A48,'Round 1'!$A$7:$I$206,COLUMN('Round 1'!$F$7),FALSE()))+IF(ISERROR(VLOOKUP($A48,'Round 2'!$A$7:$I$206,COLUMN('Round 2'!$F$7),FALSE())),0,VLOOKUP($A48,'Round 2'!$A$7:$I$206,COLUMN('Round 2'!$F$7),FALSE()))+IF(ISERROR(VLOOKUP($A48,'Round 3'!$A$7:$I$206,COLUMN('Round 3'!$F$7),FALSE())),0,VLOOKUP($A48,'Round 3'!$A$7:$I$206,COLUMN('Round 3'!$F$7),FALSE()))) | J48: =IF(ISBLANK($A48),"",IF(ISERROR(VLOOKUP($A48,'Round 1'!$A$7:$I$206,COLUMN('Round 1'!$H$7),FALSE())),0,VLOOKUP($A48,'Round 1'!$A$7:$I$206,COLUMN('Round 1'!$H$7),FALSE()))+IF(ISERROR(VLOOKUP($A48,'Round 2'!$A$7:$I$206,COLUMN('Round 2'!$H$7),FALSE())),0,VLOOKUP($A48,'Round 2'!$A$7:$I$206,COLUMN('Round 2'!$H$7),FALSE()))+IF(ISERROR(VLOOKUP($A48,'Round 3'!$A$7:$I$206,COLUMN('Round 3'!$H$7),FALSE())),0,VLOOKUP($A48,'Round 3'!$A$7:$I$206,COLUMN('Round 3'!$H$7),FALSE()))) | K48: =IF(ISBLANK(A48),"",_xlfn.RANK.EQ(P48,$P$7:$P$206)) | L48: =IF(ISBLANK($G48),IF($K48>5,"",IF(AND(ISNA(MATCH(K48+1,$K$7:$K$206,0)),$K48<$A$4),"TIE","")),"DQ") | N48: =IF(ISBLANK($G48),$R48,"DQ") | O48: =IF(ISBLANK(A48),"",$H48*$O$6+$I48) | P48: =IF(ISBLANK(A48),"",$O48*10*$P$6+$J48) | Q48: =IF(ISBLANK($G48),IF(ISBLANK($A48),-10,$P48*$Q$6+IF($M48>0,$Q$6-1-$M48,0)),-1) -> -10 | R48: =IF(ISBLANK($A48),"",_xlfn.RANK.EQ($Q48,$Q$7:$Q$206)) | S48: =IF(ISNA(MATCH($R48+1,$R$7:$R$206,0)),IF($R48=MAX($A$7:$A$206),$R48,-1),$R48) | T48: =$A48 -> 0 | U48: =IF(N('Final Round'!$J$14)>0,IF(ISBLANK($A48),"",IF($N48>5,$N48,VLOOKUP($A48,'Final Round'!$A$14:$K$18,COLUMN('Final Round'!$J$1),FALSE()))),"") | V48: =IF(ISNUMBER($U48),$U48,$R48) | W48: =IF(ISBLANK($A48),"",($V$6-$V48)*$W$6+$W$6-$A48) | X48: =IF(ISBLANK($A48),"",_xlfn.RANK.EQ($W48,$W$7:$W$206)) | Y48: =$A48 -> 0 | Z48: =IF($U48="",$N48,$U48) | AA48: =IF($U48<6,INDEX($AA$1:$AA$5,$Z48)*$Z$2,0) -> 0 | AB48: =IF(ISBLANK($A48),"",5+4*(I48+IF(AA48=0,0,VLOOKUP($A48,'Final Round'!$A$14:$K$18,COLUMN('Final Round'!$G$1),FALSE())))+8*(H48+IF(AA48=0,0,IF(VLOOKUP($A48,'Final Round'!$A$14:$K$18,COLUMN('Final Round'!$J$1),FALSE())=1,1,0)))+$AA48)
F49: =IF(ISBLANK($A49),"",SUM(IF(ISNA(IF(VLOOKUP($A49,'Round 1'!$A$7:$J$206,COLUMN('Round 1'!$H$7),FALSE()),1,NA())),0,1),IF(ISNA(IF(VLOOKUP($A49,'Round 2'!$A$7:$J$206,COLUMN('Round 1'!$H$7),FALSE()),1,NA())),0,1),IF(ISNA(IF(VLOOKUP($A49,'Round 3'!$A$7:$J$206,COLUMN('Round 1'!$H$7),FALSE()),1,NA())),0,1),IF(ISNA(IF(VLOOKUP($A49,'Final Round'!$A$14:$K$18,1,FALSE()),1,NA())),0,1))) | H49: =IF(ISBLANK($A49),"",IF(ISERROR(VLOOKUP($A49,'Round 1'!$A$7:$I$206,COLUMN('Round 1'!$G$7),FALSE())),0,VLOOKUP($A49,'Round 1'!$A$7:$I$206,COLUMN('Round 1'!$G$7),FALSE()))+IF(ISERROR(VLOOKUP($A49,'Round 2'!$A$7:$I$206,COLUMN('Round 2'!$G$7),FALSE())),0,VLOOKUP($A49,'Round 2'!$A$7:$I$206,COLUMN('Round 2'!$G$7),FALSE()))+IF(ISERROR(VLOOKUP($A49,'Round 3'!$A$7:$I$206,COLUMN('Round 3'!$G$7),FALSE())),0,VLOOKUP($A49,'Round 3'!$A$7:$I$206,COLUMN('Round 3'!$G$7),FALSE()))) | I49: =IF(ISBLANK($A49),"",IF(ISERROR(VLOOKUP($A49,'Round 1'!$A$7:$I$206,COLUMN('Round 1'!$F$7),FALSE())),0,VLOOKUP($A49,'Round 1'!$A$7:$I$206,COLUMN('Round 1'!$F$7),FALSE()))+IF(ISERROR(VLOOKUP($A49,'Round 2'!$A$7:$I$206,COLUMN('Round 2'!$F$7),FALSE())),0,VLOOKUP($A49,'Round 2'!$A$7:$I$206,COLUMN('Round 2'!$F$7),FALSE()))+IF(ISERROR(VLOOKUP($A49,'Round 3'!$A$7:$I$206,COLUMN('Round 3'!$F$7),FALSE())),0,VLOOKUP($A49,'Round 3'!$A$7:$I$206,COLUMN('Round 3'!$F$7),FALSE()))) | J49: =IF(ISBLANK($A49),"",IF(ISERROR(VLOOKUP($A49,'Round 1'!$A$7:$I$206,COLUMN('Round 1'!$H$7),FALSE())),0,VLOOKUP($A49,'Round 1'!$A$7:$I$206,COLUMN('Round 1'!$H$7),FALSE()))+IF(ISERROR(VLOOKUP($A49,'Round 2'!$A$7:$I$206,COLUMN('Round 2'!$H$7),FALSE())),0,VLOOKUP($A49,'Round 2'!$A$7:$I$206,COLUMN('Round 2'!$H$7),FALSE()))+IF(ISERROR(VLOOKUP($A49,'Round 3'!$A$7:$I$206,COLUMN('Round 3'!$H$7),FALSE())),0,VLOOKUP($A49,'Round 3'!$A$7:$I$206,COLUMN('Round 3'!$H$7),FALSE()))) | K49: =IF(ISBLANK(A49),"",_xlfn.RANK.EQ(P49,$P$7:$P$206)) | L49: =IF(ISBLANK($G49),IF($K49>5,"",IF(AND(ISNA(MATCH(K49+1,$K$7:$K$206,0)),$K49<$A$4),"TIE","")),"DQ") | N49: =IF(ISBLANK($G49),$R49,"DQ") | O49: =IF(ISBLANK(A49),"",$H49*$O$6+$I49) | P49: =IF(ISBLANK(A49),"",$O49*10*$P$6+$J49) | Q49: =IF(ISBLANK($G49),IF(ISBLANK($A49),-10,$P49*$Q$6+IF($M49>0,$Q$6-1-$M49,0)),-1) -> -10 | R49: =IF(ISBLANK($A49),"",_xlfn.RANK.EQ($Q49,$Q$7:$Q$206)) | S49: =IF(ISNA(MATCH($R49+1,$R$7:$R$206,0)),IF($R49=MAX($A$7:$A$206),$R49,-1),$R49) | T49: =$A49 -> 0 | U49: =IF(N('Final Round'!$J$14)>0,IF(ISBLANK($A49),"",IF($N49>5,$N49,VLOOKUP($A49,'Final Round'!$A$14:$K$18,COLUMN('Final Round'!$J$1),FALSE()))),"") | V49: =IF(ISNUMBER($U49),$U49,$R49) | W49: =IF(ISBLANK($A49),"",($V$6-$V49)*$W$6+$W$6-$A49) | X49: =IF(ISBLANK($A49),"",_xlfn.RANK.EQ($W49,$W$7:$W$206)) | Y49: =$A49 -> 0 | Z49: =IF($U49="",$N49,$U49) | AA49: =IF($U49<6,INDEX($AA$1:$AA$5,$Z49)*$Z$2,0) -> 0 | AB49: =IF(ISBLANK($A49),"",5+4*(I49+IF(AA49=0,0,VLOOKUP($A49,'Final Round'!$A$14:$K$18,COLUMN('Final Round'!$G$1),FALSE())))+8*(H49+IF(AA49=0,0,IF(VLOOKUP($A49,'Final Round'!$A$14:$K$18,COLUMN('Final Round'!$J$1),FALSE())=1,1,0)))+$AA49)
F50: =IF(ISBLANK($A50),"",SUM(IF(ISNA(IF(VLOOKUP($A50,'Round 1'!$A$7:$J$206,COLUMN('Round 1'!$H$7),FALSE()),1,NA())),0,1),IF(ISNA(IF(VLOOKUP($A50,'Round 2'!$A$7:$J$206,COLUMN('Round 1'!$H$7),FALSE()),1,NA())),0,1),IF(ISNA(IF(VLOOKUP($A50,'Round 3'!$A$7:$J$206,COLUMN('Round 1'!$H$7),FALSE()),1,NA())),0,1),IF(ISNA(IF(VLOOKUP($A50,'Final Round'!$A$14:$K$18,1,FALSE()),1,NA())),0,1))) | H50: =IF(ISBLANK($A50),"",IF(ISERROR(VLOOKUP($A50,'Round 1'!$A$7:$I$206,COLUMN('Round 1'!$G$7),FALSE())),0,VLOOKUP($A50,'Round 1'!$A$7:$I$206,COLUMN('Round 1'!$G$7),FALSE()))+IF(ISERROR(VLOOKUP($A50,'Round 2'!$A$7:$I$206,COLUMN('Round 2'!$G$7),FALSE())),0,VLOOKUP($A50,'Round 2'!$A$7:$I$206,COLUMN('Round 2'!$G$7),FALSE()))+IF(ISERROR(VLOOKUP($A50,'Round 3'!$A$7:$I$206,COLUMN('Round 3'!$G$7),FALSE())),0,VLOOKUP($A50,'Round 3'!$A$7:$I$206,COLUMN('Round 3'!$G$7),FALSE()))) | I50: =IF(ISBLANK($A50),"",IF(ISERROR(VLOOKUP($A50,'Round 1'!$A$7:$I$206,COLUMN('Round 1'!$F$7),FALSE())),0,VLOOKUP($A50,'Round 1'!$A$7:$I$206,COLUMN('Round 1'!$F$7),FALSE()))+IF(ISERROR(VLOOKUP($A50,'Round 2'!$A$7:$I$206,COLUMN('Round 2'!$F$7),FALSE())),0,VLOOKUP($A50,'Round 2'!$A$7:$I$206,COLUMN('Round 2'!$F$7),FALSE()))+IF(ISERROR(VLOOKUP($A50,'Round 3'!$A$7:$I$206,COLUMN('Round 3'!$F$7),FALSE())),0,VLOOKUP($A50,'Round 3'!$A$7:$I$206,COLUMN('Round 3'!$F$7),FALSE()))) | J50: =IF(ISBLANK($A50),"",IF(ISERROR(VLOOKUP($A50,'Round 1'!$A$7:$I$206,COLUMN('Round 1'!$H$7),FALSE())),0,VLOOKUP($A50,'Round 1'!$A$7:$I$206,COLUMN('Round 1'!$H$7),FALSE()))+IF(ISERROR(VLOOKUP($A50,'Round 2'!$A$7:$I$206,COLUMN('Round 2'!$H$7),FALSE())),0,VLOOKUP($A50,'Round 2'!$A$7:$I$206,COLUMN('Round 2'!$H$7),FALSE()))+IF(ISERROR(VLOOKUP($A50,'Round 3'!$A$7:$I$206,COLUMN('Round 3'!$H$7),FALSE())),0,VLOOKUP($A50,'Round 3'!$A$7:$I$206,COLUMN('Round 3'!$H$7),FALSE()))) | K50: =IF(ISBLANK(A50),"",_xlfn.RANK.EQ(P50,$P$7:$P$206)) | L50: =IF(ISBLANK($G50),IF($K50>5,"",IF(AND(ISNA(MATCH(K50+1,$K$7:$K$206,0)),$K50<$A$4),"TIE","")),"DQ") | N50: =IF(ISBLANK($G50),$R50,"DQ") | O50: =IF(ISBLANK(A50),"",$H50*$O$6+$I50) | P50: =IF(ISBLANK(A50),"",$O50*10*$P$6+$J50) | Q50: =IF(ISBLANK($G50),IF(ISBLANK($A50),-10,$P50*$Q$6+IF($M50>0,$Q$6-1-$M50,0)),-1) -> -10 | R50: =IF(ISBLANK($A50),"",_xlfn.RANK.EQ($Q50,$Q$7:$Q$206)) | S50: =IF(ISNA(MATCH($R50+1,$R$7:$R$206,0)),IF($R50=MAX($A$7:$A$206),$R50,-1),$R50) | T50: =$A50 -> 0 | U50: =IF(N('Final Round'!$J$14)>0,IF(ISBLANK($A50),"",IF($N50>5,$N50,VLOOKUP($A50,'Final Round'!$A$14:$K$18,COLUMN('Final Round'!$J$1),FALSE()))),"") | V50: =IF(ISNUMBER($U50),$U50,$R50) | W50: =IF(ISBLANK($A50),"",($V$6-$V50)*$W$6+$W$6-$A50) | X50: =IF(ISBLANK($A50),"",_xlfn.RANK.EQ($W50,$W$7:$W$206)) | Y50: =$A50 -> 0 | Z50: =IF($U50="",$N50,$U50) | AA50: =IF($U50<6,INDEX($AA$1:$AA$5,$Z50)*$Z$2,0) -> 0 | AB50: =IF(ISBLANK($A50),"",5+4*(I50+IF(AA50=0,0,VLOOKUP($A50,'Final Round'!$A$14:$K$18,COLUMN('Final Round'!$G$1),FALSE())))+8*(H50+IF(AA50=0,0,IF(VLOOKUP($A50,'Final Round'!$A$14:$K$18,COLUMN('Final Round'!$J$1),FALSE())=1,1,0)))+$AA50)
... F206: =IF(ISBLANK($A206),"",SUM(IF(ISNA(IF(VLOOKUP($A206,'Round 1'!$A$7:$J$206,COLUMN('Round 1'!$H$7),FALSE()),1,NA())),0,1),IF(ISNA(IF(VLOOKUP($A206,'Round 2'!$A$7:$J$206,COLUMN('Round 1'!$H$7),FALSE()),1,NA())),0,1),IF(ISNA(IF(VLOOKUP($A206,'Round 3'!$A$7:$J$206,COLUMN('Round 1'!$H$7),FALSE()),1,NA())),0,1),IF(ISNA(IF(VLOOKUP($A206,'Final Round'!$A$14:$K$18,1,FALSE()),1,NA())),0,1))) | H206: =IF(ISBLANK($A206),"",IF(ISERROR(VLOOKUP($A206,'Round 1'!$A$7:$I$206,COLUMN('Round 1'!$G$7),FALSE())),0,VLOOKUP($A206,'Round 1'!$A$7:$I$206,COLUMN('Round 1'!$G$7),FALSE()))+IF(ISERROR(VLOOKUP($A206,'Round 2'!$A$7:$I$206,COLUMN('Round 2'!$G$7),FALSE())),0,VLOOKUP($A206,'Round 2'!$A$7:$I$206,COLUMN('Round 2'!$G$7),FALSE()))+IF(ISERROR(VLOOKUP($A206,'Round 3'!$A$7:$I$206,COLUMN('Round 3'!$G$7),FALSE())),0,VLOOKUP($A206,'Round 3'!$A$7:$I$206,COLUMN('Round 3'!$G$7),FALSE()))) | I206: =IF(ISBLANK($A206),"",IF(ISERROR(VLOOKUP($A206,'Round 1'!$A$7:$I$206,COLUMN('Round 1'!$F$7),FALSE())),0,VLOOKUP($A206,'Round 1'!$A$7:$I$206,COLUMN('Round 1'!$F$7),FALSE()))+IF(ISERROR(VLOOKUP($A206,'Round 2'!$A$7:$I$206,COLUMN('Round 2'!$F$7),FALSE())),0,VLOOKUP($A206,'Round 2'!$A$7:$I$206,COLUMN('Round 2'!$F$7),FALSE()))+IF(ISERROR(VLOOKUP($A206,'Round 3'!$A$7:$I$206,COLUMN('Round 3'!$F$7),FALSE())),0,VLOOKUP($A206,'Round 3'!$A$7:$I$206,COLUMN('Round 3'!$F$7),FALSE()))) | J206: =IF(ISBLANK($A206),"",IF(ISERROR(VLOOKUP($A206,'Round 1'!$A$7:$I$206,COLUMN('Round 1'!$H$7),FALSE())),0,VLOOKUP($A206,'Round 1'!$A$7:$I$206,COLUMN('Round 1'!$H$7),FALSE()))+IF(ISERROR(VLOOKUP($A206,'Round 2'!$A$7:$I$206,COLUMN('Round 2'!$H$7),FALSE())),0,VLOOKUP($A206,'Round 2'!$A$7:$I$206,COLUMN('Round 2'!$H$7),FALSE()))+IF(ISERROR(VLOOKUP($A206,'Round 3'!$A$7:$I$206,COLUMN('Round 3'!$H$7),FALSE())),0,VLOOKUP($A206,'Round 3'!$A$7:$I$206,COLUMN('Round 3'!$H$7),FALSE()))) | K206: =IF(ISBLANK(A206),"",_xlfn.RANK.EQ(P206,$P$7:$P$206)) | L206: =IF(ISBLANK($G206),IF($K206>5,"",IF(AND(ISNA(MATCH(K206+1,$K$7:$K$206,0)),$K206<$A$4),"TIE","")),"DQ") | N206: =IF(ISBLANK($G206),$R206,"DQ") | O206: =IF(ISBLANK(A206),"",$H206*$O$6+$I206) | P206: =IF(ISBLANK(A206),"",$O206*10*$P$6+$J206) | Q206: =IF(ISBLANK($G206),IF(ISBLANK($A206),-10,$P206*$Q$6+IF($M206>0,$Q$6-1-$M206,0)),-1) -> -10 | R206: =IF(ISBLANK($A206),"",_xlfn.RANK.EQ($Q206,$Q$7:$Q$206)) | S206: =IF(ISNA(MATCH($R206+1,$R$7:$R$206,0)),IF($R206=MAX($A$7:$A$206),$R206,-1),$R206) | T206: =$A206 -> 0 | U206: =IF(N('Final Round'!$J$14)>0,IF(ISBLANK($A206),"",IF($N206>5,$N206,VLOOKUP($A206,'Final Round'!$A$14:$K$18,COLUMN('Final Round'!$J$1),FALSE()))),"") | V206: =IF(ISNUMBER($U206),$U206,$R206) | W206: =IF(ISBLANK($A206),"",($V$6-$V206)*$W$6+$W$6-$A206) | X206: =IF(ISBLANK($A206),"",_xlfn.RANK.EQ($W206,$W$7:$W$206)) | Y206: =$A206 -> 0 | Z206: =IF($U206="",$N206,$U206) | AA206: =IF($U206<6,INDEX($AA$1:$AA$5,$Z206)*$Z$2,0) -> 0 | AB206: =IF(ISBLANK($A206),"",5+4*(I206+IF(AA206=0,0,VLOOKUP($A206,'Final Round'!$A$14:$K$18,COLUMN('Final Round'!$G$1),FALSE())))+8*(H206+IF(AA206=0,0,IF(VLOOKUP($A206,'Final Round'!$A$14:$K$18,COLUMN('Final Round'!$J$1),FALSE())=1,1,0)))+$AA206)

Sheet Standings
A1: =IF(ISBLANK('Tournament Info'!B3),"Vampire: The Eternal Struggle Tournament",'Tournament Info'!B3) -> Week of Nightmares 2024 - Day 2
A3: =IF($B$4,"Final Standings","Current Standings") -> Final Standings
B4: =N('Final Round'!$J$14)>0 -> TRUE
A5: =IF($B$4,"Final Rank","Current Rank") -> Final Rank | B5: Target Rank | C5: # | D5: Name | E5: Prelim GWs | F5: Prelim VPs | G5: Final VPs | H5: TPs
A6: =IF(ISNUMBER($C6),VLOOKUP($C6,Methuselahs!$Y$7:$Z$206,2,FALSE()),"") -> 1 | B6: =IF(ROW()-ROW($A$6)<Methuselahs!$A$4,ROW()-ROW($A$5),"") -> 1 | C6: =IF(ISNUMBER($B6),VLOOKUP($B6,Methuselahs!$X$7:$Y$206,2,FALSE()),"") -> 20 | D6: =IF(ISNUMBER($C6),T(VLOOKUP($C6,Methuselahs!$A$7:$E$206,2,FALSE()))&" "&T(VLOOKUP($C6,Methuselahs!$A$7:$E$206,3,FALSE())),"") -> Tommi Hakomaa | E6: =IF(ISNUMBER($C6),VLOOKUP($C6,Methuselahs!$A$7:$I$206,COLUMN(Methuselahs!$H$6),FALSE()),"") -> 2 | F6: =IF(ISNUMBER($C6),VLOOKUP($C6,Methuselahs!$A$7:$I$206,COLUMN(Methuselahs!$I$6),FALSE()),"") -> 7 | G6: =IF(AND(ISNUMBER($C6),$B$4),VLOOKUP($C6,'Final Round'!$A$14:$G$18,6,FALSE()),"") -> 1.5 | H6: =IF(ISNUMBER($C6),VLOOKUP($C6,Methuselahs!$A$7:$J$206,COLUMN(Methuselahs!$J$6),FALSE()),"") -> 144
A7: =IF(ISNUMBER($C7),VLOOKUP($C7,Methuselahs!$Y$7:$Z$206,2,FALSE()),"") -> 2 | B7: =IF(ROW()-ROW($A$6)<Methuselahs!$A$4,ROW()-ROW($A$5),"") -> 2 | C7: =IF(ISNUMBER($B7),VLOOKUP($B7,Methuselahs!$X$7:$Y$206,2,FALSE()),"") -> 6 | D7: =IF(ISNUMBER($C7),T(VLOOKUP($C7,Methuselahs!$A$7:$E$206,2,FALSE()))&" "&T(VLOOKUP($C7,Methuselahs!$A$7:$E$206,3,FALSE())),"") -> Denis Bucar | E7: =IF(ISNUMBER($C7),VLOOKUP($C7,Methuselahs!$A$7:$I$206,COLUMN(Methuselahs!$H$6),FALSE()),"") -> 1 | F7: =IF(ISNUMBER($C7),VLOOKUP($C7,Methuselahs!$A$7:$I$206,COLUMN(Methuselahs!$I$6),FALSE()),"") -> 7 | G7: =IF(AND(ISNUMBER($C7),$B$4),VLOOKUP($C7,'Final Round'!$A$14:$G$18,6,FALSE()),"") -> 0 | H7: =IF(ISNUMBER($C7),VLOOKUP($C7,Methuselahs!$A$7:$J$206,COLUMN(Methuselahs!$J$6),FALSE()),"") -> 156
A8: =IF(ISNUMBER($C8),VLOOKUP($C8,Methuselahs!$Y$7:$Z$206,2,FALSE()),"") -> 2 | B8: =IF(ROW()-ROW($A$6)<Methuselahs!$A$4,ROW()-ROW($A$5),"") -> 3 | C8: =IF(ISNUMBER($B8),VLOOKUP($B8,Methuselahs!$X$7:$Y$206,2,FALSE()),"") -> 18 | D8: =IF(ISNUMBER($C8),T(VLOOKUP($C8,Methuselahs!$A$7:$E$206,2,FALSE()))&" "&T(VLOOKUP($C8,Methuselahs!$A$7:$E$206,3,FALSE())),"") -> Jozef Patrnciak | E8: =IF(ISNUMBER($C8),VLOOKUP($C8,Methuselahs!$A$7:$I$206,COLUMN(Methuselahs!$H$6),FALSE()),"") -> 2 | F8: =IF(ISNUMBER($C8),VLOOKUP($C8,Methuselahs!$A$7:$I$206,COLUMN(Methuselahs!$I$6),FALSE()),"") -> 6.5 | G8: =IF(AND(ISNUMBER($C8),$B$4),VLOOKUP($C8,'Final Round'!$A$14:$G$18,6,FALSE()),"") -> 0.5 | H8: =IF(ISNUMBER($C8),VLOOKUP($C8,Methuselahs!$A$7:$J$206,COLUMN(Methuselahs!$J$6),FALSE()),"") -> 144
A9: =IF(ISNUMBER($C9),VLOOKUP($C9,Methuselahs!$Y$7:$Z$206,2,FALSE()),"") -> 2 | B9: =IF(ROW()-ROW($A$6)<Methuselahs!$A$4,ROW()-ROW($A$5),"") -> 4 | C9: =IF(ISNUMBER($B9),VLOOKUP($B9,Methuselahs!$X$7:$Y$206,2,FALSE()),"") -> 24 | D9: =IF(ISNUMBER($C9),T(VLOOKUP($C9,Methuselahs!$A$7:$E$206,2,FALSE()))&" "&T(VLOOKUP($C9,Methuselahs!$A$7:$E$206,3,FALSE())),"") -> Teemu Sainomaa | E9: =IF(ISNUMBER($C9),VLOOKUP($C9,Methuselahs!$A$7:$I$206,COLUMN(Methuselahs!$H$6),FALSE()),"") -> 2 | F9: =IF(ISNUMBER($C9),VLOOKUP($C9,Methuselahs!$A$7:$I$206,COLUMN(Methuselahs!$I$6),FALSE()),"") -> 7 | G9: =IF(AND(ISNUMBER($C9),$B$4),VLOOKUP($C9,'Final Round'!$A$14:$G$18,6,FALSE()),"") -> 0.5 | H9: =IF(ISNUMBER($C9),VLOOKUP($C9,Methuselahs!$A$7:$J$206,COLUMN(Methuselahs!$J$6),FALSE()),"") -> 174
A10: =IF(ISNUMBER($C10),VLOOKUP($C10,Methuselahs!$Y$7:$Z$206,2,FALSE()),"") -> 2 | B10: =IF(ROW()-ROW($A$6)<Methuselahs!$A$4,ROW()-ROW($A$5),"") -> 5 | C10: =IF(ISNUMBER($B10),VLOOKUP($B10,Methuselahs!$X$7:$Y$206,2,FALSE()),"") -> 25 | D10: =IF(ISNUMBER($C10),T(VLOOKUP($C10,Methuselahs!$A$7:$E$206,2,FALSE()))&" "&T(VLOOKUP($C10,Methuselahs!$A$7:$E$206,3,FALSE())),"") -> Marcin Watras | E10: =IF(ISNUMBER($C10),VLOOKUP($C10,Methuselahs!$A$7:$I$206,COLUMN(Methuselahs!$H$6),FALSE()),"") -> 2 | F10: =IF(ISNUMBER($C10),VLOOKUP($C10,Methuselahs!$A$7:$I$206,COLUMN(Methuselahs!$I$6),FALSE()),"") -> 8 | G10: =IF(AND(ISNUMBER($C10),$B$4),VLOOKUP($C10,'Final Round'!$A$14:$G$18,6,FALSE()),"") -> 0.5 | H10: =IF(ISNUMBER($C10),VLOOKUP($C10,Methuselahs!$A$7:$J$206,COLUMN(Methuselahs!$J$6),FALSE()),"") -> 174
A11: =IF(ISNUMBER($C11),VLOOKUP($C11,Methuselahs!$Y$7:$Z$206,2,FALSE()),"") -> 6 | B11: =IF(ROW()-ROW($A$6)<Methuselahs!$A$4,ROW()-ROW($A$5),"") -> 6 | C11: =IF(ISNUMBER($B11),VLOOKUP($B11,Methuselahs!$X$7:$Y$206,2,FALSE()),"") -> 1 | D11: =IF(ISNUMBER($C11),T(VLOOKUP($C11,Methuselahs!$A$7:$E$206,2,FALSE()))&" "&T(VLOOKUP($C11,Methuselahs!$A$7:$E$206,3,FALSE())),"") -> Selim Ammouche | E11: =IF(ISNUMBER($C11),VLOOKUP($C11,Methuselahs!$A$7:$I$206,COLUMN(Methuselahs!$H$6),FALSE()),"") -> 1 | F11: =IF(ISNUMBER($C11),VLOOKUP($C11,Methuselahs!$A$7:$I$206,COLUMN(Methuselahs!$I$6),FALSE()),"") -> 4.5 | H11: =IF(ISNUMBER($C11),VLOOKUP($C11,Methuselahs!$A$7:$J$206,COLUMN(Methuselahs!$J$6),FALSE()),"") -> 138
A12: =IF(ISNUMBER($C12),VLOOKUP($C12,Methuselahs!$Y$7:$Z$206,2,FALSE()),"") -> 7 | B12: =IF(ROW()-ROW($A$6)<Methuselahs!$A$4,ROW()-ROW($A$5),"") -> 7 | C12: =IF(ISNUMBER($B12),VLOOKUP($B12,Methuselahs!$X$7:$Y$206,2,FALSE()),"") -> 17 | D12: =IF(ISNUMBER($C12),T(VLOOKUP($C12,Methuselahs!$A$7:$E$206,2,FALSE()))&" "&T(VLOOKUP($C12,Methuselahs!$A$7:$E$206,3,FALSE())),"") -> Martin Weinmyer | E12: =IF(ISNUMBER($C12),VLOOKUP($C12,Methuselahs!$A$7:$I$206,COLUMN(Methuselahs!$H$6),FALSE()),"") -> 1 | F12: =IF(ISNUMBER($C12),VLOOKUP($C12,Methuselahs!$A$7:$I$206,COLUMN(Methuselahs!$I$6),FALSE()),"") -> 4.5 | H12: =IF(ISNUMBER($C12),VLOOKUP($C12,Methuselahs!$A$7:$J$206,COLUMN(Methuselahs!$J$6),FALSE()),"") -> 84
A13: =IF(ISNUMBER($C13),VLOOKUP($C13,Methuselahs!$Y$7:$Z$206,2,FALSE()),"") -> 8 | B13: =IF(ROW()-ROW($A$6)<Methuselahs!$A$4,ROW()-ROW($A$5),"") -> 8 | C13: =IF(ISNUMBER($B13),VLOOKUP($B13,Methuselahs!$X$7:$Y$206,2,FALSE()),"") -> 5 | D13: =IF(ISNUMBER($C13),T(VLOOKUP($C13,Methuselahs!$A$7:$E$206,2,FALSE()))&" "&T(VLOOKUP($C13,Methuselahs!$A$7:$E$206,3,FALSE())),"") -> Jorge Delgado | E13: =IF(ISNUMBER($C13),VLOOKUP($C13,Methuselahs!$A$7:$I$206,COLUMN(Methuselahs!$H$6),FALSE()),"") -> 1 | F13: =IF(ISNUMBER($C13),VLOOKUP($C13,Methuselahs!$A$7:$I$206,COLUMN(Methuselahs!$I$6),FALSE()),"") -> 4 | H13: =IF(ISNUMBER($C13),VLOOKUP($C13,Methuselahs!$A$7:$J$206,COLUMN(Methuselahs!$J$6),FALSE()),"") -> 132
A14: =IF(ISNUMBER($C14),VLOOKUP($C14,Methuselahs!$Y$7:$Z$206,2,FALSE()),"") -> 9 | B14: =IF(ROW()-ROW($A$6)<Methuselahs!$A$4,ROW()-ROW($A$5),"") -> 9 | C14: =IF(ISNUMBER($B14),VLOOKUP($B14,Methuselahs!$X$7:$Y$206,2,FALSE()),"") -> 3 | D14: =IF(ISNUMBER($C14),T(VLOOKUP($C14,Methuselahs!$A$7:$E$206,2,FALSE()))&" "&T(VLOOKUP($C14,Methuselahs!$A$7:$E$206,3,FALSE())),"") -> Tero Aalto | E14: =IF(ISNUMBER($C14),VLOOKUP($C14,Methuselahs!$A$7:$I$206,COLUMN(Methuselahs!$H$6),FALSE()),"") -> 1 | F14: =IF(ISNUMBER($C14),VLOOKUP($C14,Methuselahs!$A$7:$I$206,COLUMN(Methuselahs!$I$6),FALSE()),"") -> 4 | H14: =IF(ISNUMBER($C14),VLOOKUP($C14,Methuselahs!$A$7:$J$206,COLUMN(Methuselahs!$J$6),FALSE()),"") -> 120
A15: =IF(ISNUMBER($C15),VLOOKUP($C15,Methuselahs!$Y$7:$Z$206,2,FALSE()),"") -> 9 | B15: =IF(ROW()-ROW($A$6)<Methuselahs!$A$4,ROW()-ROW($A$5),"") -> 10 | C15: =IF(ISNUMBER($B15),VLOOKUP($B15,Methuselahs!$X$7:$Y$206,2,FALSE()),"") -> 12 | D15: =IF(ISNUMBER($C15),T(VLOOKUP($C15,Methuselahs!$A$7:$E$206,2,FALSE()))&" "&T(VLOOKUP($C15,Methuselahs!$A$7:$E$206,3,FALSE())),"") -> Gyula Erdos | E15: =IF(ISNUMBER($C15),VLOOKUP($C15,Methuselahs!$A$7:$I$206,COLUMN(Methuselahs!$H$6),FALSE()),"") -> 1 | F15: =IF(ISNUMBER($C15),VLOOKUP($C15,Methuselahs!$A$7:$I$206,COLUMN(Methuselahs!$I$6),FALSE()),"") -> 4 | H15: =IF(ISNUMBER($C15),VLOOKUP($C15,Methuselahs!$A$7:$J$206,COLUMN(Methuselahs!$J$6),FALSE()),"") -> 120
A16: =IF(ISNUMBER($C16),VLOOKUP($C16,Methuselahs!$Y$7:$Z$206,2,FALSE()),"") -> 9 | B16: =IF(ROW()-ROW($A$6)<Methuselahs!$A$4,ROW()-ROW($A$5),"") -> 11 | C16: =IF(ISNUMBER($B16),VLOOKUP($B16,Methuselahs!$X$7:$Y$206,2,FALSE()),"") -> 31 | D16: =IF(ISNUMBER($C16),T(VLOOKUP($C16,Methuselahs!$A$7:$E$206,2,FALSE()))&" "&T(VLOOKUP($C16,Methuselahs!$A$7:$E$206,3,FALSE())),"") -> Edouard Menneson | E16: =IF(ISNUMBER($C16),VLOOKUP($C16,Methuselahs!$A$7:$I$206,COLUMN(Methuselahs!$H$6),FALSE()),"") -> 1 | F16: =IF(ISNUMBER($C16),VLOOKUP($C16,Methuselahs!$A$7:$I$206,COLUMN(Methuselahs!$I$6),FALSE()),"") -> 4 | H16: =IF(ISNUMBER($C16),VLOOKUP($C16,Methuselahs!$A$7:$J$206,COLUMN(Methuselahs!$J$6),FALSE()),"") -> 120
A17: =IF(ISNUMBER($C17),VLOOKUP($C17,Methuselahs!$Y$7:$Z$206,2,FALSE()),"") -> 12 | B17: =IF(ROW()-ROW($A$6)<Methuselahs!$A$4,ROW()-ROW($A$5),"") -> 12 | C17: =IF(ISNUMBER($B17),VLOOKUP($B17,Methuselahs!$X$7:$Y$206,2,FALSE()),"") -> 29 | D17: =IF(ISNUMBER($C17),T(VLOOKUP($C17,Methuselahs!$A$7:$E$206,2,FALSE()))&" "&T(VLOOKUP($C17,Methuselahs!$A$7:$E$206,3,FALSE())),"") -> Djordje Sutic | E17: =IF(ISNUMBER($C17),VLOOKUP($C17,Methuselahs!$A$7:$I$206,COLUMN(Methuselahs!$H$6),FALSE()),"") -> 0 | F17: =IF(ISNUMBER($C17),VLOOKUP($C17,Methuselahs!$A$7:$I$206,COLUMN(Methuselahs!$I$6),FALSE()),"") -> 3 | H17: =IF(ISNUMBER($C17),VLOOKUP($C17,Methuselahs!$A$7:$J$206,COLUMN(Methuselahs!$J$6),FALSE()),"") -> 120
A18: =IF(ISNUMBER($C18),VLOOKUP($C18,Methuselahs!$Y$7:$Z$206,2,FALSE()),"") -> 13 | B18: =IF(ROW()-ROW($A$6)<Methuselahs!$A$4,ROW()-ROW($A$5),"") -> 13 | C18: =IF(ISNUMBER($B18),VLOOKUP($B18,Methuselahs!$X$7:$Y$206,2,FALSE()),"") -> 14 | D18: =IF(ISNUMBER($C18),T(VLOOKUP($C18,Methuselahs!$A$7:$E$206,2,FALSE()))&" "&T(VLOOKUP($C18,Methuselahs!$A$7:$E$206,3,FALSE())),"") -> Sergio Martins | E18: =IF(ISNUMBER($C18),VLOOKUP($C18,Methuselahs!$A$7:$I$206,COLUMN(Methuselahs!$H$6),FALSE()),"") -> 0 | F18: =IF(ISNUMBER($C18),VLOOKUP($C18,Methuselahs!$A$7:$I$206,COLUMN(Methuselahs!$I$6),FALSE()),"") -> 3 | H18: =IF(ISNUMBER($C18),VLOOKUP($C18,Methuselahs!$A$7:$J$206,COLUMN(Methuselahs!$J$6),FALSE()),"") -> 96
A19: =IF(ISNUMBER($C19),VLOOKUP($C19,Methuselahs!$Y$7:$Z$206,2,FALSE()),"") -> 14 | B19: =IF(ROW()-ROW($A$6)<Methuselahs!$A$4,ROW()-ROW($A$5),"") -> 14 | C19: =IF(ISNUMBER($B19),VLOOKUP($B19,Methuselahs!$X$7:$Y$206,2,FALSE()),"") -> 2 | D19: =IF(ISNUMBER($C19),T(VLOOKUP($C19,Methuselahs!$A$7:$E$206,2,FALSE()))&" "&T(VLOOKUP($C19,Methuselahs!$A$7:$E$206,3,FALSE())),"") -> Joao Servolo | E19: =IF(ISNUMBER($C19),VLOOKUP($C19,Methuselahs!$A$7:$I$206,COLUMN(Methuselahs!$H$6),FALSE()),"") -> 0 | F19: =IF(ISNUMBER($C19),VLOOKUP($C19,Methuselahs!$A$7:$I$206,COLUMN(Methuselahs!$I$6),FALSE()),"") -> 2.5 | H19: =IF(ISNUMBER($C19),VLOOKUP($C19,Methuselahs!$A$7:$J$206,COLUMN(Methuselahs!$J$6),FALSE()),"") -> 112
A20: =IF(ISNUMBER($C20),VLOOKUP($C20,Methuselahs!$Y$7:$Z$206,2,FALSE()),"") -> 15 | B20: =IF(ROW()-ROW($A$6)<Methuselahs!$A$4,ROW()-ROW($A$5),"") -> 15 | C20: =IF(ISNUMBER($B20),VLOOKUP($B20,Methuselahs!$X$7:$Y$206,2,FALSE()),"") -> 28 | D20: =IF(ISNUMBER($C20),T(VLOOKUP($C20,Methuselahs!$A$7:$E$206,2,FALSE()))&" "&T(VLOOKUP($C20,Methuselahs!$A$7:$E$206,3,FALSE())),"") -> Piotr Jurczak | E20: =IF(ISNUMBER($C20),VLOOKUP($C20,Methuselahs!$A$7:$I$206,COLUMN(Methuselahs!$H$6),FALSE()),"") -> 0 | F20: =IF(ISNUMBER($C20),VLOOKUP($C20,Methuselahs!$A$7:$I$206,COLUMN(Methuselahs!$I$6),FALSE()),"") -> 2.5 | H20: =IF(ISNUMBER($C20),VLOOKUP($C20,Methuselahs!$A$7:$J$206,COLUMN(Methuselahs!$J$6),FALSE()),"") -> 54
A21: =IF(ISNUMBER($C21),VLOOKUP($C21,Methuselahs!$Y$7:$Z$206,2,FALSE()),"") -> 16 | B21: =IF(ROW()-ROW($A$6)<Methuselahs!$A$4,ROW()-ROW($A$5),"") -> 16 | C21: =IF(ISNUMBER($B21),VLOOKUP($B21,Methuselahs!$X$7:$Y$206,2,FALSE()),"") -> 9 | D21: =IF(ISNUMBER($C21),T(VLOOKUP($C21,Methuselahs!$A$7:$E$206,2,FALSE()))&" "&T(VLOOKUP($C21,Methuselahs!$A$7:$E$206,3,FALSE())),"") -> Zsolt Cziraki | E21: =IF(ISNUMBER($C21),VLOOKUP($C21,Methuselahs!$A$7:$I$206,COLUMN(Methuselahs!$H$6),FALSE()),"") -> 0 | F21: =IF(ISNUMBER($C21),VLOOKUP($C21,Methuselahs!$A$7:$I$206,COLUMN(Methuselahs!$I$6),FALSE()),"") -> 2 | H21: =IF(ISNUMBER($C21),VLOOKUP($C21,Methuselahs!$A$7:$J$206,COLUMN(Methuselahs!$J$6),FALSE()),"") -> 132
A22: =IF(ISNUMBER($C22),VLOOKUP($C22,Methuselahs!$Y$7:$Z$206,2,FALSE()),"") -> 17 | B22: =IF(ROW()-ROW($A$6)<Methuselahs!$A$4,ROW()-ROW($A$5),"") -> 17 | C22: =IF(ISNUMBER($B22),VLOOKUP($B22,Methuselahs!$X$7:$Y$206,2,FALSE()),"") -> 13 | D22: =IF(ISNUMBER($C22),T(VLOOKUP($C22,Methuselahs!$A$7:$E$206,2,FALSE()))&" "&T(VLOOKUP($C22,Methuselahs!$A$7:$E$206,3,FALSE())),"") -> Alessandro Aprigliano | E22: =IF(ISNUMBER($C22),VLOOKUP($C22,Methuselahs!$A$7:$I$206,COLUMN(Methuselahs!$H$6),FALSE()),"") -> 0 | F22: =IF(ISNUMBER($C22),VLOOKUP($C22,Methuselahs!$A$7:$I$206,COLUMN(Methuselahs!$I$6),FALSE()),"") -> 2 | H22: =IF(ISNUMBER($C22),VLOOKUP($C22,Methuselahs!$A$7:$J$206,COLUMN(Methuselahs!$J$6),FALSE()),"") -> 108
... A205: =IF(ISNUMBER($C205),VLOOKUP($C205,Methuselahs!$Y$7:$Z$206,2,FALSE()),"") | B205: =IF(ROW()-ROW($A$6)<Methuselahs!$A$4,ROW()-ROW($A$5),"") | C205: =IF(ISNUMBER($B205),VLOOKUP($B205,Methuselahs!$X$7:$Y$206,2,FALSE()),"") | D205: =IF(ISNUMBER($C205),T(VLOOKUP($C205,Methuselahs!$A$7:$E$206,2,FALSE()))&" "&T(VLOOKUP($C205,Methuselahs!$A$7:$E$206,3,FALSE())),"") | E205: =IF(ISNUMBER($C205),VLOOKUP($C205,Methuselahs!$A$7:$I$206,COLUMN(Methuselahs!$H$6),FALSE()),"") | F205: =IF(ISNUMBER($C205),VLOOKUP($C205,Methuselahs!$A$7:$I$206,COLUMN(Methuselahs!$I$6),FALSE()),"") | H205: =IF(ISNUMBER($C205),VLOOKUP($C205,Methuselahs!$A$7:$J$206,COLUMN(Methuselahs!$J$6),FALSE()),"")

Sheet Round 1
A1: =IF(ISBLANK('Tournament Info'!B3),"Vampire: The Eternal Struggle Tournament",'Tournament Info'!B3) -> Week of Nightmares 2024 - Day 2
H2: Round Start Time:
A3: Round 1 | H3: Round End Time:
V4: 1
A5: Table Seating | E5: Round Results | K5: The arduous formulas for "Tournament Point" calculation... :) | S5: VP Validity Checking
A6: # | B6: Player First Name | C6: Player Last Name | D6: Table# | E6: VPs | F6: VPs | G6: GW | H6: TPs | I6: Tbl Rank | J6: #@T | K6: RawRank | L6: TPBase | M6: TP-2 | N6: TP-3 | O6: TP-4 | P6: TP-5 | Q6: TPcal | R6: TPshare | S6: #P | T6: Ceil(VP) | U6: Sum(Ceil) | W6: RawTblRank | X6: AdjRank | Y6: Re-Rank | Z6: DCI# | AA6: RawTblRank
A7: =IF(ISBLANK('Tournament Info'!$B$11),"",INDIRECT(ADDRESS(ROW(),1,1,1,"Optimal Seating "&'Tournament Info'!$B$11-1&"R+F"))) -> 1 | B7: =IF(ISNUMBER(A7),VLOOKUP(A7,Methuselahs!$A$7:$E$206,2,FALSE()),"") -> Selim | C7: =IF(ISNUMBER(A7),VLOOKUP(A7,Methuselahs!$A$7:$E$206,3,FALSE()),"") -> Ammouche | D7: =IF(ISNUMBER(A7),FLOOR((ROW()-ROW($A$7))/5,1)+1,"") -> 1 | F7: =IF(ISNUMBER(E7),E7,0) -> 0 | G7: =IF(ISNUMBER($A7),IF(AND($F7>=2,$H7=60),1,0),"") -> 0 | H7: =IF(ISNUMBER(A7),IF(OR($S7=$U7,NOT(ISNA(MATCH($D7*5+$V$4,Override!$C$6:$C$124,0)))),$Q7,0),"") -> 24 | I7: =IF(ISNUMBER(A7),IF(J7=5,K7,IF(AND(J7=4,OR(K7=4,K7=3)),K7+1,K7)),"") -> 3 | J7: =COUNT(A7:A11) -> 5 | K7: =IF(ISNUMBER(A7),_xlfn.RANK.EQ(F7,F7:F11),"") -> 3 | L7: =IF(J7=5,VLOOKUP(K7,TPMatrix!$A$6:$B$10,2,FALSE()),IF(J7=4,VLOOKUP(K7,TPMatrix!$D$6:$E$9,2,FALSE()),0)) -> 36 | M7: =IF(COUNTIF(K7:K11,K7)>=2,IF(J7=5,VLOOKUP(K7+1,TPMatrix!$A$6:$B$10,2,FALSE()),IF(J7=4,VLOOKUP(K7+1,TPMatrix!$D$6:$E$9,2,FALSE()),0)),"") -> 24 | N7: =IF(COUNTIF(K7:K11,K7)>=3,IF(J7=5,VLOOKUP(K7+2,TPMatrix!$A$6:$B$10,2,FALSE()),IF(J7=4,VLOOKUP(K7+2,TPMatrix!$D$6:$E$9,2,FALSE()),0)),"") -> 12 | O7: =IF(COUNTIF(K7:K11,K7)>=4,IF(J7=5,VLOOKUP(K7+3,TPMatrix!$A$6:$B$10,2,FALSE()),IF(J7=4,VLOOKUP(K7+3,TPMatrix!$D$6:$E$9,2,FALSE()),0)),"") | P7: =IF(COUNTIF(K7:K11,K7)>=5,IF(J7=5,VLOOKUP(K7+4,TPMatrix!$A$6:$B$10,2,FALSE()),IF(J7=4,VLOOKUP(K7+4,TPMatrix!$D$6:$E$9,2,FALSE()),0)),"") | Q7: =SUM(L7:P7)/COUNT(L7:P7) -> 24 | R7: =COUNT(L7:P7) -> 3 | S7: =IF(ISNUMBER($A7),COUNTIF($D$7:$D$206,$D7),0) -> 5 | T7: =CEILING($F7,1) -> 0 | U7: =SUM(OFFSET(T7,-MOD(ROW()-ROW($U$7),5),0,5,1)) -> 5 | W7: =$I7 -> 3 | X7: =IF(ISNUMBER($A7),$W7*(Methuselahs!$A$4+1)+$A7,"") -> 100 | Y7: =IF(ISNUMBER($A7),_xlfn.RANK.EQ($X7,$X7:$X11,1),"") -> 3 | Z7: =IF(ISNUMBER($A7),VLOOKUP($A7,Methuselahs!$A$7:$X$206,5),"") -> 1006 | AA7: =$I7 -> 3
A8: =IF(ISBLANK('Tournament Info'!$B$11),"",INDIRECT(ADDRESS(ROW(),1,1,1,"Optimal Seating "&'Tournament Info'!$B$11-1&"R+F"))) -> 2 | B8: =IF(ISNUMBER(A8),VLOOKUP(A8,Methuselahs!$A$7:$E$206,2,FALSE()),"") -> Joao | C8: =IF(ISNUMBER(A8),VLOOKUP(A8,Methuselahs!$A$7:$E$206,3,FALSE()),"") -> Servolo | D8: =IF(ISNUMBER(A8),FLOOR((ROW()-ROW($A$7))/5,1)+1,"") -> 1 | E8: 2 | F8: =IF(ISNUMBER(E8),E8,0) -> 2 | G8: =IF(ISNUMBER($A8),IF(AND($F8>=2,$H8=60),1,0),"") -> 0 | H8: =IF(ISNUMBER(A8),IF(OR($S8=$U8,NOT(ISNA(MATCH($D8*5+$V$4,Override!$C$6:$C$124,0)))),$Q8,0),"") -> 48 | I8: =IF(ISNUMBER(A8),IF(J8=5,K8,IF(AND(J8=4,OR(K8=4,K8=3)),K8+1,K8)),"") -> 2 | J8: =COUNT(A7:A11) -> 5 | K8: =IF(ISNUMBER(A8),_xlfn.RANK.EQ(F8,F7:F11),"") -> 2 | L8: =IF(J8=5,VLOOKUP(K8,TPMatrix!$A$6:$B$10,2,FALSE()),IF(J8=4,VLOOKUP(K8,TPMatrix!$D$6:$E$9,2,FALSE()),0)) -> 48 | M8: =IF(COUNTIF(K7:K11,K8)>=2,IF(J8=5,VLOOKUP(K8+1,TPMatrix!$A$6:$B$10,2,FALSE()),IF(J8=4,VLOOKUP(K8+1,TPMatrix!$D$6:$E$9,2,FALSE()),0)),"") | N8: =IF(COUNTIF(K7:K11,K8)>=3,IF(J8=5,VLOOKUP(K8+2,TPMatrix!$A$6:$B$10,2,FALSE()),IF(J8=4,VLOOKUP(K8+2,TPMatrix!$D$6:$E$9,2,FALSE()),0)),"") | O8: =IF(COUNTIF(K7:K11,K8)>=4,IF(J8=5,VLOOKUP(K8+3,TPMatrix!$A$6:$B$10,2,FALSE()),IF(J8=4,VLOOKUP(K8+3,TPMatrix!$D$6:$E$9,2,FALSE()),0)),"") | P8: =IF(COUNTIF(K7:K11,K8)>=5,IF(J8=5,VLOOKUP(K8+4,TPMatrix!$A$6:$B$10,2,FALSE()),IF(J8=4,VLOOKUP(K8+4,TPMatrix!$D$6:$E$9,2,FALSE()),0)),"") | Q8: =SUM(L8:P8)/COUNT(L8:P8) -> 48 | R8: =COUNT(L8:P8) -> 1 | S8: =IF(ISNUMBER($A8),COUNTIF($D$7:$D$206,$D8),0) -> 5 | T8: =CEILING($F8,1) -> 2 | U8: =SUM(OFFSET(T8,-MOD(ROW()-ROW($U$7),5),0,5,1)) -> 5 | W8: =$I8 -> 2 | X8: =IF(ISNUMBER($A8),$W8*(Methuselahs!$A$4+1)+$A8,"") -> 68 | Y8: =IF(ISNUMBER($A8),_xlfn.RANK.EQ($X8,$X8:$X12,1),"") -> 3 | Z8: =IF(ISNUMBER($A8),VLOOKUP($A8,Methuselahs!$A$7:$X$206,5),"") -> 2 | AA8: =$I8 -> 2
A9: =IF(ISBLANK('Tournament Info'!$B$11),"",INDIRECT(ADDRESS(ROW(),1,1,1,"Optimal Seating "&'Tournament Info'!$B$11-1&"R+F"))) -> 3 | B9: =IF(ISNUMBER(A9),VLOOKUP(A9,Methuselahs!$A$7:$E$206,2,FALSE()),"") -> Tero | C9: =IF(ISNUMBER(A9),VLOOKUP(A9,Methuselahs!$A$7:$E$206,3,FALSE()),"") -> Aalto | D9: =IF(ISNUMBER(A9),FLOOR((ROW()-ROW($A$7))/5,1)+1,"") -> 1 | E9: 3 | F9: =IF(ISNUMBER(E9),E9,0) -> 3 | G9: =IF(ISNUMBER($A9),IF(AND($F9>=2,$H9=60),1,0),"") -> 1 | H9: =IF(ISNUMBER(A9),IF(OR($S9=$U9,NOT(ISNA(MATCH($D9*5+$V$4,Override!$C$6:$C$124,0)))),$Q9,0),"") -> 60 | I9: =IF(ISNUMBER(A9),IF(J9=5,K9,IF(AND(J9=4,OR(K9=4,K9=3)),K9+1,K9)),"") -> 1 | J9: =COUNT(A7:A11) -> 5 | K9: =IF(ISNUMBER(A9),_xlfn.RANK.EQ(F9,F7:F11),"") -> 1 | L9: =IF(J9=5,VLOOKUP(K9,TPMatrix!$A$6:$B$10,2,FALSE()),IF(J9=4,VLOOKUP(K9,TPMatrix!$D$6:$E$9,2,FALSE()),0)) -> 60 | M9: =IF(COUNTIF(K7:K11,K9)>=2,IF(J9=5,VLOOKUP(K9+1,TPMatrix!$A$6:$B$10,2,FALSE()),IF(J9=4,VLOOKUP(K9+1,TPMatrix!$D$6:$E$9,2,FALSE()),0)),"") | N9: =IF(COUNTIF(K7:K11,K9)>=3,IF(J9=5,VLOOKUP(K9+2,TPMatrix!$A$6:$B$10,2,FALSE()),IF(J9=4,VLOOKUP(K9+2,TPMatrix!$D$6:$E$9,2,FALSE()),0)),"") | O9: =IF(COUNTIF(K7:K11,K9)>=4,IF(J9=5,VLOOKUP(K9+3,TPMatrix!$A$6:$B$10,2,FALSE()),IF(J9=4,VLOOKUP(K9+3,TPMatrix!$D$6:$E$9,2,FALSE()),0)),"") | P9: =IF(COUNTIF(K7:K11,K9)>=5,IF(J9=5,VLOOKUP(K9+4,TPMatrix!$A$6:$B$10,2,FALSE()),IF(J9=4,VLOOKUP(K9+4,TPMatrix!$D$6:$E$9,2,FALSE()),0)),"") | Q9: =SUM(L9:P9)/COUNT(L9:P9) -> 60 | R9: =COUNT(L9:P9) -> 1 | S9: =IF(ISNUMBER($A9),COUNTIF($D$7:$D$206,$D9),0) -> 5 | T9: =CEILING($F9,1) -> 3 | U9: =SUM(OFFSET(T9,-MOD(ROW()-ROW($U$7),5),0,5,1)) -> 5 | W9: =$I9 -> 1 | X9: =IF(ISNUMBER($A9),$W9*(Methuselahs!$A$4+1)+$A9,"") -> 36 | Y9: =IF(ISNUMBER($A9),_xlfn.RANK.EQ($X9,$X9:$X13,1),"") -> 1 | Z9: =IF(ISNUMBER($A9),VLOOKUP($A9,Methuselahs!$A$7:$X$206,5),"") -> 1009 | AA9: =$I9 -> 1
A10: =IF(ISBLANK('Tournament Info'!$B$11),"",INDIRECT(ADDRESS(ROW(),1,1,1,"Optimal Seating "&'Tournament Info'!$B$11-1&"R+F"))) -> 4 | B10: =IF(ISNUMBER(A10),VLOOKUP(A10,Methuselahs!$A$7:$E$206,2,FALSE()),"") -> Nikolaj | C10: =IF(ISNUMBER(A10),VLOOKUP(A10,Methuselahs!$A$7:$E$206,3,FALSE()),"") -> Wendt | D10: =IF(ISNUMBER(A10),FLOOR((ROW()-ROW($A$7))/5,1)+1,"") -> 1 | F10: =IF(ISNUMBER(E10),E10,0) -> 0 | G10: =IF(ISNUMBER($A10),IF(AND($F10>=2,$H10=60),1,0),"") -> 0 | H10: =IF(ISNUMBER(A10),IF(OR($S10=$U10,NOT(ISNA(MATCH($D10*5+$V$4,Override!$C$6:$C$124,0)))),$Q10,0),"") -> 24 | I10: =IF(ISNUMBER(A10),IF(J10=5,K10,IF(AND(J10=4,OR(K10=4,K10=3)),K10+1,K10)),"") -> 3 | J10: =COUNT(A7:A11) -> 5 | K10: =IF(ISNUMBER(A10),_xlfn.RANK.EQ(F10,F7:F11),"") -> 3 | L10: =IF(J10=5,VLOOKUP(K10,TPMatrix!$A$6:$B$10,2,FALSE()),IF(J10=4,VLOOKUP(K10,TPMatrix!$D$6:$E$9,2,FALSE()),0)) -> 36 | M10: =IF(COUNTIF(K7:K11,K10)>=2,IF(J10=5,VLOOKUP(K10+1,TPMatrix!$A$6:$B$10,2,FALSE()),IF(J10=4,VLOOKUP(K10+1,TPMatrix!$D$6:$E$9,2,FALSE()),0)),"") -> 24 | N10: =IF(COUNTIF(K7:K11,K10)>=3,IF(J10=5,VLOOKUP(K10+2,TPMatrix!$A$6:$B$10,2,FALSE()),IF(J10=4,VLOOKUP(K10+2,TPMatrix!$D$6:$E$9,2,FALSE()),0)),"") -> 12 | O10: =IF(COUNTIF(K7:K11,K10)>=4,IF(J10=5,VLOOKUP(K10+3,TPMatrix!$A$6:$B$10,2,FALSE()),IF(J10=4,VLOOKUP(K10+3,TPMatrix!$D$6:$E$9,2,FALSE()),0)),"") | P10: =IF(COUNTIF(K7:K11,K10)>=5,IF(J10=5,VLOOKUP(K10+4,TPMatrix!$A$6:$B$10,2,FALSE()),IF(J10=4,VLOOKUP(K10+4,TPMatrix!$D$6:$E$9,2,FALSE()),0)),"") | Q10: =SUM(L10:P10)/COUNT(L10:P10) -> 24 | R10: =COUNT(L10:P10) -> 3 | S10: =IF(ISNUMBER($A10),COUNTIF($D$7:$D$206,$D10),0) -> 5 | T10: =CEILING($F10,1) -> 0 | U10: =SUM(OFFSET(T10,-MOD(ROW()-ROW($U$7),5),0,5,1)) -> 5 | W10: =$I10 -> 3 | X10: =IF(ISNUMBER($A10),$W10*(Methuselahs!$A$4+1)+$A10,"") -> 103 | Y10: =IF(ISNUMBER($A10),_xlfn.RANK.EQ($X10,$X10:$X14,1),"") -> 4 | Z10: =IF(ISNUMBER($A10),VLOOKUP($A10,Methuselahs!$A$7:$X$206,5),"") -> 4 | AA10: =$I10 -> 3
A11: =IF(ISBLANK('Tournament Info'!$B$11),"",INDIRECT(ADDRESS(ROW(),1,1,1,"Optimal Seating "&'Tournament Info'!$B$11-1&"R+F"))) -> 5 | B11: =IF(ISNUMBER(A11),VLOOKUP(A11,Methuselahs!$A$7:$E$206,2,FALSE()),"") -> Jorge | C11: =IF(ISNUMBER(A11),VLOOKUP(A11,Methuselahs!$A$7:$E$206,3,FALSE()),"") -> Delgado | D11: =IF(ISNUMBER(A11),FLOOR((ROW()-ROW($A$7))/5,1)+1,"") -> 1 | F11: =IF(ISNUMBER(E11),E11,0) -> 0 | G11: =IF(ISNUMBER($A11),IF(AND($F11>=2,$H11=60),1,0),"") -> 0 | H11: =IF(ISNUMBER(A11),IF(OR($S11=$U11,NOT(ISNA(MATCH($D11*5+$V$4,Override!$C$6:$C$124,0)))),$Q11,0),"") -> 24 | I11: =IF(ISNUMBER(A11),IF(J11=5,K11,IF(AND(J11=4,OR(K11=4,K11=3)),K11+1,K11)),"") -> 3 | J11: =COUNT(A7:A11) -> 5 | K11: =IF(ISNUMBER(A11),_xlfn.RANK.EQ(F11,F7:F11),"") -> 3 | L11: =IF(J11=5,VLOOKUP(K11,TPMatrix!$A$6:$B$10,2,FALSE()),IF(J11=4,VLOOKUP(K11,TPMatrix!$D$6:$E$9,2,FALSE()),0)) -> 36 | M11: =IF(COUNTIF(K7:K11,K11)>=2,IF(J11=5,VLOOKUP(K11+1,TPMatrix!$A$6:$B$10,2,FALSE()),IF(J11=4,VLOOKUP(K11+1,TPMatrix!$D$6:$E$9,2,FALSE()),0)),"") -> 24 | N11: =IF(COUNTIF(K7:K11,K11)>=3,IF(J11=5,VLOOKUP(K11+2,TPMatrix!$A$6:$B$10,2,FALSE()),IF(J11=4,VLOOKUP(K11+2,TPMatrix!$D$6:$E$9,2,FALSE()),0)),"") -> 12 | O11: =IF(COUNTIF(K7:K11,K11)>=4,IF(J11=5,VLOOKUP(K11+3,TPMatrix!$A$6:$B$10,2,FALSE()),IF(J11=4,VLOOKUP(K11+3,TPMatrix!$D$6:$E$9,2,FALSE()),0)),"") | P11: =IF(COUNTIF(K7:K11,K11)>=5,IF(J11=5,VLOOKUP(K11+4,TPMatrix!$A$6:$B$10,2,FALSE()),IF(J11=4,VLOOKUP(K11+4,TPMatrix!$D$6:$E$9,2,FALSE()),0)),"") | Q11: =SUM(L11:P11)/COUNT(L11:P11) -> 24 | R11: =COUNT(L11:P11) -> 3 | S11: =IF(ISNUMBER($A11),COUNTIF($D$7:$D$206,$D11),0) -> 5 | T11: =CEILING($F11,1) -> 0 | U11: =SUM(OFFSET(T11,-MOD(ROW()-ROW($U$7),5),0,5,1)) -> 5 | W11: =$I11 -> 3 | X11: =IF(ISNUMBER($A11),$W11*(Methuselahs!$A$4+1)+$A11,"") -> 104 | Y11: =IF(ISNUMBER($A11),_xlfn.RANK.EQ($X11,$X11:$X15,1),"") -> 5 | Z11: =IF(ISNUMBER($A11),VLOOKUP($A11,Methuselahs!$A$7:$X$206,5),"") -> 5 | AA11: =$I11 -> 3
A12: =IF(ISBLANK('Tournament Info'!$B$11),"",INDIRECT(ADDRESS(ROW(),1,1,1,"Optimal Seating "&'Tournament Info'!$B$11-1&"R+F"))) -> 6 | B12: =IF(ISNUMBER(A12),VLOOKUP(A12,Methuselahs!$A$7:$E$206,2,FALSE()),"") -> Denis | C12: =IF(ISNUMBER(A12),VLOOKUP(A12,Methuselahs!$A$7:$E$206,3,FALSE()),"") -> Bucar | D12: =IF(ISNUMBER(A12),FLOOR((ROW()-ROW($A$7))/5,1)+1,"") -> 2 | E12: 5 | F12: =IF(ISNUMBER(E12),E12,0) -> 5 | G12: =IF(ISNUMBER($A12),IF(AND($F12>=2,$H12=60),1,0),"") -> 1 | H12: =IF(ISNUMBER(A12),IF(OR($S12=$U12,NOT(ISNA(MATCH($D12*5+$V$4,Override!$C$6:$C$124,0)))),$Q12,0),"") -> 60 | I12: =IF(ISNUMBER(A12),IF(J12=5,K12,IF(AND(J12=4,OR(K12=4,K12=3)),K12+1,K12)),"") -> 1 | J12: =COUNT(A12:A16) -> 5 | K12: =IF(ISNUMBER(A12),_xlfn.RANK.EQ(F12,F12:F16),"") -> 1 | L12: =IF(J12=5,VLOOKUP(K12,TPMatrix!$A$6:$B$10,2,FALSE()),IF(J12=4,VLOOKUP(K12,TPMatrix!$D$6:$E$9,2,FALSE()),0)) -> 60 | M12: =IF(COUNTIF(K12:K16,K12)>=2,IF(J12=5,VLOOKUP(K12+1,TPMatrix!$A$6:$B$10,2,FALSE()),IF(J12=4,VLOOKUP(K12+1,TPMatrix!$D$6:$E$9,2,FALSE()),0)),"") | N12: =IF(COUNTIF(K12:K16,K12)>=3,IF(J12=5,VLOOKUP(K12+2,TPMatrix!$A$6:$B$10,2,FALSE()),IF(J12=4,VLOOKUP(K12+2,TPMatrix!$D$6:$E$9,2,FALSE()),0)),"") | O12: =IF(COUNTIF(K12:K16,K12)>=4,IF(J12=5,VLOOKUP(K12+3,TPMatrix!$A$6:$B$10,2,FALSE()),IF(J12=4,VLOOKUP(K12+3,TPMatrix!$D$6:$E$9,2,FALSE()),0)),"") | P12: =IF(COUNTIF(K12:K16,K12)>=5,IF(J12=5,VLOOKUP(K12+4,TPMatrix!$A$6:$B$10,2,FALSE()),IF(J12=4,VLOOKUP(K12+4,TPMatrix!$D$6:$E$9,2,FALSE()),0)),"") | Q12: =SUM(L12:P12)/COUNT(L12:P12) -> 60 | R12: =COUNT(L12:P12) -> 1 | S12: =IF(ISNUMBER($A12),COUNTIF($D$7:$D$206,$D12),0) -> 5 | T12: =CEILING($F12,1) -> 5 | U12: =SUM(OFFSET(T12,-MOD(ROW()-ROW($U$7),5),0,5,1)) -> 5 | W12: =$I12 -> 1 | X12: =IF(ISNUMBER($A12),$W12*(Methuselahs!$A$4+1)+$A12,"") -> 39 | Y12: =IF(ISNUMBER($A12),_xlfn.RANK.EQ($X12,$X12:$X16,1),"") -> 1 | Z12: =IF(ISNUMBER($A12),VLOOKUP($A12,Methuselahs!$A$7:$X$206,5),"") -> 1002 | AA12: =$I12 -> 1
A13: =IF(ISBLANK('Tournament Info'!$B$11),"",INDIRECT(ADDRESS(ROW(),1,1,1,"Optimal Seating "&'Tournament Info'!$B$11-1&"R+F"))) -> 7 | B13: =IF(ISNUMBER(A13),VLOOKUP(A13,Methuselahs!$A$7:$E$206,2,FALSE()),"") -> Pedro | C13: =IF(ISNUMBER(A13),VLOOKUP(A13,Methuselahs!$A$7:$E$206,3,FALSE()),"") -> Valentim | D13: =IF(ISNUMBER(A13),FLOOR((ROW()-ROW($A$7))/5,1)+1,"") -> 2 | F13: =IF(ISNUMBER(E13),E13,0) -> 0 | G13: =IF(ISNUMBER($A13),IF(AND($F13>=2,$H13=60),1,0),"") -> 0 | H13: =IF(ISNUMBER(A13),IF(OR($S13=$U13,NOT(ISNA(MATCH($D13*5+$V$4,Override!$C$6:$C$124,0)))),$Q13,0),"") -> 30 | I13: =IF(ISNUMBER(A13),IF(J13=5,K13,IF(AND(J13=4,OR(K13=4,K13=3)),K13+1,K13)),"") -> 2 | J13: =COUNT(A12:A16) -> 5 | K13: =IF(ISNUMBER(A13),_xlfn.RANK.EQ(F13,F12:F16),"") -> 2 | L13: =IF(J13=5,VLOOKUP(K13,TPMatrix!$A$6:$B$10,2,FALSE()),IF(J13=4,VLOOKUP(K13,TPMatrix!$D$6:$E$9,2,FALSE()),0)) -> 48 | M13: =IF(COUNTIF(K12:K16,K13)>=2,IF(J13=5,VLOOKUP(K13+1,TPMatrix!$A$6:$B$10,2,FALSE()),IF(J13=4,VLOOKUP(K13+1,TPMatrix!$D$6:$E$9,2,FALSE()),0)),"") -> 36 | N13: =IF(COUNTIF(K12:K16,K13)>=3,IF(J13=5,VLOOKUP(K13+2,TPMatrix!$A$6:$B$10,2,FALSE()),IF(J13=4,VLOOKUP(K13+2,TPMatrix!$D$6:$E$9,2,FALSE()),0)),"") -> 24 | O13: =IF(COUNTIF(K12:K16,K13)>=4,IF(J13=5,VLOOKUP(K13+3,TPMatrix!$A$6:$B$10,2,FALSE()),IF(J13=4,VLOOKUP(K13+3,TPMatrix!$D$6:$E$9,2,FALSE()),0)),"") -> 12 | P13: =IF(COUNTIF(K12:K16,K13)>=5,IF(J13=5,VLOOKUP(K13+4,TPMatrix!$A$6:$B$10,2,FALSE()),IF(J13=4,VLOOKUP(K13+4,TPMatrix!$D$6:$E$9,2,FALSE()),0)),"") | Q13: =SUM(L13:P13)/COUNT(L13:P13) -> 30 | R13: =COUNT(L13:P13) -> 4 | S13: =IF(ISNUMBER($A13),COUNTIF($D$7:$D$206,$D13),0) -> 5 | T13: =CEILING($F13,1) -> 0 | U13: =SUM(OFFSET(T13,-MOD(ROW()-ROW($U$7),5),0,5,1)) -> 5 | W13: =$I13 -> 2 | X13: =IF(ISNUMBER($A13),$W13*(Methuselahs!$A$4+1)+$A13,"") -> 73 | Y13: =IF(ISNUMBER($A13),_xlfn.RANK.EQ($X13,$X13:$X17,1),"") -> 1 | Z13: =IF(ISNUMBER($A13),VLOOKUP($A13,Methuselahs!$A$7:$X$206,5),"") -> 7 | AA13: =$I13 -> 2
A14: =IF(ISBLANK('Tournament Info'!$B$11),"",INDIRECT(ADDRESS(ROW(),1,1,1,"Optimal Seating "&'Tournament Info'!$B$11-1&"R+F"))) -> 8 | B14: =IF(ISNUMBER(A14),VLOOKUP(A14,Methuselahs!$A$7:$E$206,2,FALSE()),"") -> Marcin | C14: =IF(ISNUMBER(A14),VLOOKUP(A14,Methuselahs!$A$7:$E$206,3,FALSE()),"") -> Zakrzewski | D14: =IF(ISNUMBER(A14),FLOOR((ROW()-ROW($A$7))/5,1)+1,"") -> 2 | F14: =IF(ISNUMBER(E14),E14,0) -> 0 | G14: =IF(ISNUMBER($A14),IF(AND($F14>=2,$H14=60),1,0),"") -> 0 | H14: =IF(ISNUMBER(A14),IF(OR($S14=$U14,NOT(ISNA(MATCH($D14*5+$V$4,Override!$C$6:$C$124,0)))),$Q14,0),"") -> 30 | I14: =IF(ISNUMBER(A14),IF(J14=5,K14,IF(AND(J14=4,OR(K14=4,K14=3)),K14+1,K14)),"") -> 2 | J14: =COUNT(A12:A16) -> 5 | K14: =IF(ISNUMBER(A14),_xlfn.RANK.EQ(F14,F12:F16),"") -> 2 | L14: =IF(J14=5,VLOOKUP(K14,TPMatrix!$A$6:$B$10,2,FALSE()),IF(J14=4,VLOOKUP(K14,TPMatrix!$D$6:$E$9,2,FALSE()),0)) -> 48 | M14: =IF(COUNTIF(K12:K16,K14)>=2,IF(J14=5,VLOOKUP(K14+1,TPMatrix!$A$6:$B$10,2,FALSE()),IF(J14=4,VLOOKUP(K14+1,TPMatrix!$D$6:$E$9,2,FALSE()),0)),"") -> 36 | N14: =IF(COUNTIF(K12:K16,K14)>=3,IF(J14=5,VLOOKUP(K14+2,TPMatrix!$A$6:$B$10,2,FALSE()),IF(J14=4,VLOOKUP(K14+2,TPMatrix!$D$6:$E$9,2,FALSE()),0)),"") -> 24 | O14: =IF(COUNTIF(K12:K16,K14)>=4,IF(J14=5,VLOOKUP(K14+3,TPMatrix!$A$6:$B$10,2,FALSE()),IF(J14=4,VLOOKUP(K14+3,TPMatrix!$D$6:$E$9,2,FALSE()),0)),"") -> 12 | P14: =IF(COUNTIF(K12:K16,K14)>=5,IF(J14=5,VLOOKUP(K14+4,TPMatrix!$A$6:$B$10,2,FALSE()),IF(J14=4,VLOOKUP(K14+4,TPMatrix!$D$6:$E$9,2,FALSE()),0)),"") | Q14: =SUM(L14:P14)/COUNT(L14:P14) -> 30 | R14: =COUNT(L14:P14) -> 4 | S14: =IF(ISNUMBER($A14),COUNTIF($D$7:$D$206,$D14),0) -> 5 | T14: =CEILING($F14,1) -> 0 | U14: =SUM(OFFSET(T14,-MOD(ROW()-ROW($U$7),5),0,5,1)) -> 5 | W14: =$I14 -> 2 | X14: =IF(ISNUMBER($A14),$W14*(Methuselahs!$A$4+1)+$A14,"") -> 74 | Y14: =IF(ISNUMBER($A14),_xlfn.RANK.EQ($X14,$X14:$X18,1),"") -> 2 | Z14: =IF(ISNUMBER($A14),VLOOKUP($A14,Methuselahs!$A$7:$X$206,5),"") -> 8 | AA14: =$I14 -> 2
A15: =IF(ISBLANK('Tournament Info'!$B$11),"",INDIRECT(ADDRESS(ROW(),1,1,1,"Optimal Seating "&'Tournament Info'!$B$11-1&"R+F"))) -> 9 | B15: =IF(ISNUMBER(A15),VLOOKUP(A15,Methuselahs!$A$7:$E$206,2,FALSE()),"") -> Zsolt | C15: =IF(ISNUMBER(A15),VLOOKUP(A15,Methuselahs!$A$7:$E$206,3,FALSE()),"") -> Cziraki | D15: =IF(ISNUMBER(A15),FLOOR((ROW()-ROW($A$7))/5,1)+1,"") -> 2 | F15: =IF(ISNUMBER(E15),E15,0) -> 0 | G15: =IF(ISNUMBER($A15),IF(AND($F15>=2,$H15=60),1,0),"") -> 0 | H15: =IF(ISNUMBER(A15),IF(OR($S15=$U15,NOT(ISNA(MATCH($D15*5+$V$4,Override!$C$6:$C$124,0)))),$Q15,0),"") -> 30 | I15: =IF(ISNUMBER(A15),IF(J15=5,K15,IF(AND(J15=4,OR(K15=4,K15=3)),K15+1,K15)),"") -> 2 | J15: =COUNT(A12:A16) -> 5 | K15: =IF(ISNUMBER(A15),_xlfn.RANK.EQ(F15,F12:F16),"") -> 2 | L15: =IF(J15=5,VLOOKUP(K15,TPMatrix!$A$6:$B$10,2,FALSE()),IF(J15=4,VLOOKUP(K15,TPMatrix!$D$6:$E$9,2,FALSE()),0)) -> 48 | M15: =IF(COUNTIF(K12:K16,K15)>=2,IF(J15=5,VLOOKUP(K15+1,TPMatrix!$A$6:$B$10,2,FALSE()),IF(J15=4,VLOOKUP(K15+1,TPMatrix!$D$6:$E$9,2,FALSE()),0)),"") -> 36 | N15: =IF(COUNTIF(K12:K16,K15)>=3,IF(J15=5,VLOOKUP(K15+2,TPMatrix!$A$6:$B$10,2,FALSE()),IF(J15=4,VLOOKUP(K15+2,TPMatrix!$D$6:$E$9,2,FALSE()),0)),"") -> 24 | O15: =IF(COUNTIF(K12:K16,K15)>=4,IF(J15=5,VLOOKUP(K15+3,TPMatrix!$A$6:$B$10,2,FALSE()),IF(J15=4,VLOOKUP(K15+3,TPMatrix!$D$6:$E$9,2,FALSE()),0)),"") -> 12 | P15: =IF(COUNTIF(K12:K16,K15)>=5,IF(J15=5,VLOOKUP(K15+4,TPMatrix!$A$6:$B$10,2,FALSE()),IF(J15=4,VLOOKUP(K15+4,TPMatrix!$D$6:$E$9,2,FALSE()),0)),"") | Q15: =SUM(L15:P15)/COUNT(L15:P15) -> 30 | R15: =COUNT(L15:P15) -> 4 | S15: =IF(ISNUMBER($A15),COUNTIF($D$7:$D$206,$D15),0) -> 5 | T15: =CEILING($F15,1) -> 0 | U15: =SUM(OFFSET(T15,-MOD(ROW()-ROW($U$7),5),0,5,1)) -> 5 | W15: =$I15 -> 2 | X15: =IF(ISNUMBER($A15),$W15*(Methuselahs!$A$4+1)+$A15,"") -> 75 | Y15: =IF(ISNUMBER($A15),_xlfn.RANK.EQ($X15,$X15:$X19,1),"") -> 2 | Z15: =IF(ISNUMBER($A15),VLOOKUP($A15,Methuselahs!$A$7:$X$206,5),"") -> 9 | AA15: =$I15 -> 2
A16: =IF(ISBLANK('Tournament Info'!$B$11),"",INDIRECT(ADDRESS(ROW(),1,1,1,"Optimal Seating "&'Tournament Info'!$B$11-1&"R+F"))) -> 10 | B16: =IF(ISNUMBER(A16),VLOOKUP(A16,Methuselahs!$A$7:$E$206,2,FALSE()),"") -> Danilo | C16: =IF(ISNUMBER(A16),VLOOKUP(A16,Methuselahs!$A$7:$E$206,3,FALSE()),"") -> Torrisi | D16: =IF(ISNUMBER(A16),FLOOR((ROW()-ROW($A$7))/5,1)+1,"") -> 2 | F16: =IF(ISNUMBER(E16),E16,0) -> 0 | G16: =IF(ISNUMBER($A16),IF(AND($F16>=2,$H16=60),1,0),"") -> 0 | H16: =IF(ISNUMBER(A16),IF(OR($S16=$U16,NOT(ISNA(MATCH($D16*5+$V$4,Override!$C$6:$C$124,0)))),$Q16,0),"") -> 30 | I16: =IF(ISNUMBER(A16),IF(J16=5,K16,IF(AND(J16=4,OR(K16=4,K16=3)),K16+1,K16)),"") -> 2 | J16: =COUNT(A12:A16) -> 5 | K16: =IF(ISNUMBER(A16),_xlfn.RANK.EQ(F16,F12:F16),"") -> 2 | L16: =IF(J16=5,VLOOKUP(K16,TPMatrix!$A$6:$B$10,2,FALSE()),IF(J16=4,VLOOKUP(K16,TPMatrix!$D$6:$E$9,2,FALSE()),0)) -> 48 | M16: =IF(COUNTIF(K12:K16,K16)>=2,IF(J16=5,VLOOKUP(K16+1,TPMatrix!$A$6:$B$10,2,FALSE()),IF(J16=4,VLOOKUP(K16+1,TPMatrix!$D$6:$E$9,2,FALSE()),0)),"") -> 36 | N16: =IF(COUNTIF(K12:K16,K16)>=3,IF(J16=5,VLOOKUP(K16+2,TPMatrix!$A$6:$B$10,2,FALSE()),IF(J16=4,VLOOKUP(K16+2,TPMatrix!$D$6:$E$9,2,FALSE()),0)),"") -> 24 | O16: =IF(COUNTIF(K12:K16,K16)>=4,IF(J16=5,VLOOKUP(K16+3,TPMatrix!$A$6:$B$10,2,FALSE()),IF(J16=4,VLOOKUP(K16+3,TPMatrix!$D$6:$E$9,2,FALSE()),0)),"") -> 12 | P16: =IF(COUNTIF(K12:K16,K16)>=5,IF(J16=5,VLOOKUP(K16+4,TPMatrix!$A$6:$B$10,2,FALSE()),IF(J16=4,VLOOKUP(K16+4,TPMatrix!$D$6:$E$9,2,FALSE()),0)),"") | Q16: =SUM(L16:P16)/COUNT(L16:P16) -> 30 | R16: =COUNT(L16:P16) -> 4 | S16: =IF(ISNUMBER($A16),COUNTIF($D$7:$D$206,$D16),0) -> 5 | T16: =CEILING($F16,1) -> 0 | U16: =SUM(OFFSET(T16,-MOD(ROW()-ROW($U$7),5),0,5,1)) -> 5 | W16: =$I16 -> 2 | X16: =IF(ISNUMBER($A16),$W16*(Methuselahs!$A$4+1)+$A16,"") -> 76 | Y16: =IF(ISNUMBER($A16),_xlfn.RANK.EQ($X16,$X16:$X20,1),"") -> 2 | Z16: =IF(ISNUMBER($A16),VLOOKUP($A16,Methuselahs!$A$7:$X$206,5),"") -> 10 | AA16: =$I16 -> 2
A17: =IF(ISBLANK('Tournament Info'!$B$11),"",INDIRECT(ADDRESS(ROW(),1,1,1,"Optimal Seating "&'Tournament Info'!$B$11-1&"R+F"))) -> 11 | B17: =IF(ISNUMBER(A17),VLOOKUP(A17,Methuselahs!$A$7:$E$206,2,FALSE()),"") -> Lasse | C17: =IF(ISNUMBER(A17),VLOOKUP(A17,Methuselahs!$A$7:$E$206,3,FALSE()),"") -> Aagaard | D17: =IF(ISNUMBER(A17),FLOOR((ROW()-ROW($A$7))/5,1)+1,"") -> 3 | F17: =IF(ISNUMBER(E17),E17,0) -> 0 | G17: =IF(ISNUMBER($A17),IF(AND($F17>=2,$H17=60),1,0),"") -> 0 | H17: =IF(ISNUMBER(A17),IF(OR($S17=$U17,NOT(ISNA(MATCH($D17*5+$V$4,Override!$C$6:$C$124,0)))),$Q17,0),"") -> 24 | I17: =IF(ISNUMBER(A17),IF(J17=5,K17,IF(AND(J17=4,OR(K17=4,K17=3)),K17+1,K17)),"") -> 3 | J17: =COUNT(A17:A21) -> 5 | K17: =IF(ISNUMBER(A17),_xlfn.RANK.EQ(F17,F17:F21),"") -> 3 | L17: =IF(J17=5,VLOOKUP(K17,TPMatrix!$A$6:$B$10,2,FALSE()),IF(J17=4,VLOOKUP(K17,TPMatrix!$D$6:$E$9,2,FALSE()),0)) -> 36 | M17: =IF(COUNTIF(K17:K21,K17)>=2,IF(J17=5,VLOOKUP(K17+1,TPMatrix!$A$6:$B$10,2,FALSE()),IF(J17=4,VLOOKUP(K17+1,TPMatrix!$D$6:$E$9,2,FALSE()),0)),"") -> 24 | N17: =IF(COUNTIF(K17:K21,K17)>=3,IF(J17=5,VLOOKUP(K17+2,TPMatrix!$A$6:$B$10,2,FALSE()),IF(J17=4,VLOOKUP(K17+2,TPMatrix!$D$6:$E$9,2,FALSE()),0)),"") -> 12 | O17: =IF(COUNTIF(K17:K21,K17)>=4,IF(J17=5,VLOOKUP(K17+3,TPMatrix!$A$6:$B$10,2,FALSE()),IF(J17=4,VLOOKUP(K17+3,TPMatrix!$D$6:$E$9,2,FALSE()),0)),"") | P17: =IF(COUNTIF(K17:K21,K17)>=5,IF(J17=5,VLOOKUP(K17+4,TPMatrix!$A$6:$B$10,2,FALSE()),IF(J17=4,VLOOKUP(K17+4,TPMatrix!$D$6:$E$9,2,FALSE()),0)),"") | Q17: =SUM(L17:P17)/COUNT(L17:P17) -> 24 | R17: =COUNT(L17:P17) -> 3 | S17: =IF(ISNUMBER($A17),COUNTIF($D$7:$D$206,$D17),0) -> 5 | T17: =CEILING($F17,1) -> 0 | U17: =SUM(OFFSET(T17,-MOD(ROW()-ROW($U$7),5),0,5,1)) -> 5 | W17: =$I17 -> 3 | X17: =IF(ISNUMBER($A17),$W17*(Methuselahs!$A$4+1)+$A17,"") -> 110 | Y17: =IF(ISNUMBER($A17),_xlfn.RANK.EQ($X17,$X17:$X21,1),"") -> 3 | Z17: =IF(ISNUMBER($A17),VLOOKUP($A17,Methuselahs!$A$7:$X$206,5),"") -> 11 | AA17: =$I17 -> 3
A18: =IF(ISBLANK('Tournament Info'!$B$11),"",INDIRECT(ADDRESS(ROW(),1,1,1,"Optimal Seating "&'Tournament Info'!$B$11-1&"R+F"))) -> 12 | B18: =IF(ISNUMBER(A18),VLOOKUP(A18,Methuselahs!$A$7:$E$206,2,FALSE()),"") -> Gyula | C18: =IF(ISNUMBER(A18),VLOOKUP(A18,Methuselahs!$A$7:$E$206,3,FALSE()),"") -> Erdos | D18: =IF(ISNUMBER(A18),FLOOR((ROW()-ROW($A$7))/5,1)+1,"") -> 3 | E18: 3 | F18: =IF(ISNUMBER(E18),E18,0) -> 3 | G18: =IF(ISNUMBER($A18),IF(AND($F18>=2,$H18=60),1,0),"") -> 1 | H18: =IF(ISNUMBER(A18),IF(OR($S18=$U18,NOT(ISNA(MATCH($D18*5+$V$4,Override!$C$6:$C$124,0)))),$Q18,0),"") -> 60 | I18: =IF(ISNUMBER(A18),IF(J18=5,K18,IF(AND(J18=4,OR(K18=4,K18=3)),K18+1,K18)),"") -> 1 | J18: =COUNT(A17:A21) -> 5 | K18: =IF(ISNUMBER(A18),_xlfn.RANK.EQ(F18,F17:F21),"") -> 1 | L18: =IF(J18=5,VLOOKUP(K18,TPMatrix!$A$6:$B$10,2,FALSE()),IF(J18=4,VLOOKUP(K18,TPMatrix!$D$6:$E$9,2,FALSE()),0)) -> 60 | M18: =IF(COUNTIF(K17:K21,K18)>=2,IF(J18=5,VLOOKUP(K18+1,TPMatrix!$A$6:$B$10,2,FALSE()),IF(J18=4,VLOOKUP(K18+1,TPMatrix!$D$6:$E$9,2,FALSE()),0)),"") | N18: =IF(COUNTIF(K17:K21,K18)>=3,IF(J18=5,VLOOKUP(K18+2,TPMatrix!$A$6:$B$10,2,FALSE()),IF(J18=4,VLOOKUP(K18+2,TPMatrix!$D$6:$E$9,2,FALSE()),0)),"") | O18: =IF(COUNTIF(K17:K21,K18)>=4,IF(J18=5,VLOOKUP(K18+3,TPMatrix!$A$6:$B$10,2,FALSE()),IF(J18=4,VLOOKUP(K18+3,TPMatrix!$D$6:$E$9,2,FALSE()),0)),"") | P18: =IF(COUNTIF(K17:K21,K18)>=5,IF(J18=5,VLOOKUP(K18+4,TPMatrix!$A$6:$B$10,2,FALSE()),IF(J18=4,VLOOKUP(K18+4,TPMatrix!$D$6:$E$9,2,FALSE()),0)),"") | Q18: =SUM(L18:P18)/COUNT(L18:P18) -> 60 | R18: =COUNT(L18:P18) -> 1 | S18: =IF(ISNUMBER($A18),COUNTIF($D$7:$D$206,$D18),0) -> 5 | T18: =CEILING($F18,1) -> 3 | U18: =SUM(OFFSET(T18,-MOD(ROW()-ROW($U$7),5),0,5,1)) -> 5 | W18: =$I18 -> 1 | X18: =IF(ISNUMBER($A18),$W18*(Methuselahs!$A$4+1)+$A18,"") -> 45 | Y18: =IF(ISNUMBER($A18),_xlfn.RANK.EQ($X18,$X18:$X22,1),"") -> 1 | Z18: =IF(ISNUMBER($A18),VLOOKUP($A18,Methuselahs!$A$7:$X$206,5),"") -> 12 | AA18: =$I18 -> 1
A19: =IF(ISBLANK('Tournament Info'!$B$11),"",INDIRECT(ADDRESS(ROW(),1,1,1,"Optimal Seating "&'Tournament Info'!$B$11-1&"R+F"))) -> 13 | B19: =IF(ISNUMBER(A19),VLOOKUP(A19,Methuselahs!$A$7:$E$206,2,FALSE()),"") -> Alessandro | C19: =IF(ISNUMBER(A19),VLOOKUP(A19,Methuselahs!$A$7:$E$206,3,FALSE()),"") -> Aprigliano | D19: =IF(ISNUMBER(A19),FLOOR((ROW()-ROW($A$7))/5,1)+1,"") -> 3 | F19: =IF(ISNUMBER(E19),E19,0) -> 0 | G19: =IF(ISNUMBER($A19),IF(AND($F19>=2,$H19=60),1,0),"") -> 0 | H19: =IF(ISNUMBER(A19),IF(OR($S19=$U19,NOT(ISNA(MATCH($D19*5+$V$4,Override!$C$6:$C$124,0)))),$Q19,0),"") -> 24 | I19: =IF(ISNUMBER(A19),IF(J19=5,K19,IF(AND(J19=4,OR(K19=4,K19=3)),K19+1,K19)),"") -> 3 | J19: =COUNT(A17:A21) -> 5 | K19: =IF(ISNUMBER(A19),_xlfn.RANK.EQ(F19,F17:F21),"") -> 3 | L19: =IF(J19=5,VLOOKUP(K19,TPMatrix!$A$6:$B$10,2,FALSE()),IF(J19=4,VLOOKUP(K19,TPMatrix!$D$6:$E$9,2,FALSE()),0)) -> 36 | M19: =IF(COUNTIF(K17:K21,K19)>=2,IF(J19=5,VLOOKUP(K19+1,TPMatrix!$A$6:$B$10,2,FALSE()),IF(J19=4,VLOOKUP(K19+1,TPMatrix!$D$6:$E$9,2,FALSE()),0)),"") -> 24 | N19: =IF(COUNTIF(K17:K21,K19)>=3,IF(J19=5,VLOOKUP(K19+2,TPMatrix!$A$6:$B$10,2,FALSE()),IF(J19=4,VLOOKUP(K19+2,TPMatrix!$D$6:$E$9,2,FALSE()),0)),"") -> 12 | O19: =IF(COUNTIF(K17:K21,K19)>=4,IF(J19=5,VLOOKUP(K19+3,TPMatrix!$A$6:$B$10,2,FALSE()),IF(J19=4,VLOOKUP(K19+3,TPMatrix!$D$6:$E$9,2,FALSE()),0)),"") | P19: =IF(COUNTIF(K17:K21,K19)>=5,IF(J19=5,VLOOKUP(K19+4,TPMatrix!$A$6:$B$10,2,FALSE()),IF(J19=4,VLOOKUP(K19+4,TPMatrix!$D$6:$E$9,2,FALSE()),0)),"") | Q19: =SUM(L19:P19)/COUNT(L19:P19) -> 24 | R19: =COUNT(L19:P19) -> 3 | S19: =IF(ISNUMBER($A19),COUNTIF($D$7:$D$206,$D19),0) -> 5 | T19: =CEILING($F19,1) -> 0 | U19: =SUM(OFFSET(T19,-MOD(ROW()-ROW($U$7),5),0,5,1)) -> 5 | W19: =$I19 -> 3 | X19: =IF(ISNUMBER($A19),$W19*(Methuselahs!$A$4+1)+$A19,"") -> 112 | Y19: =IF(ISNUMBER($A19),_xlfn.RANK.EQ($X19,$X19:$X23,1),"") -> 3 | Z19: =IF(ISNUMBER($A19),VLOOKUP($A19,Methuselahs!$A$7:$X$206,5),"") -> 13 | AA19: =$I19 -> 3
A20: =IF(ISBLANK('Tournament Info'!$B$11),"",INDIRECT(ADDRESS(ROW(),1,1,1,"Optimal Seating "&'Tournament Info'!$B$11-1&"R+F"))) -> 14 | B20: =IF(ISNUMBER(A20),VLOOKUP(A20,Methuselahs!$A$7:$E$206,2,FALSE()),"") -> Sergio | C20: =IF(ISNUMBER(A20),VLOOKUP(A20,Methuselahs!$A$7:$E$206,3,FALSE()),"") -> Martins | D20: =IF(ISNUMBER(A20),FLOOR((ROW()-ROW($A$7))/5,1)+1,"") -> 3 | E20: 2 | F20: =IF(ISNUMBER(E20),E20,0) -> 2 | G20: =IF(ISNUMBER($A20),IF(AND($F20>=2,$H20=60),1,0),"") -> 0 | H20: =IF(ISNUMBER(A20),IF(OR($S20=$U20,NOT(ISNA(MATCH($D20*5+$V$4,Override!$C$6:$C$124,0)))),$Q20,0),"") -> 48 | I20: =IF(ISNUMBER(A20),IF(J20=5,K20,IF(AND(J20=4,OR(K20=4,K20=3)),K20+1,K20)),"") -> 2 | J20: =COUNT(A17:A21) -> 5 | K20: =IF(ISNUMBER(A20),_xlfn.RANK.EQ(F20,F17:F21),"") -> 2 | L20: =IF(J20=5,VLOOKUP(K20,TPMatrix!$A$6:$B$10,2,FALSE()),IF(J20=4,VLOOKUP(K20,TPMatrix!$D$6:$E$9,2,FALSE()),0)) -> 48 | M20: =IF(COUNTIF(K17:K21,K20)>=2,IF(J20=5,VLOOKUP(K20+1,TPMatrix!$A$6:$B$10,2,FALSE()),IF(J20=4,VLOOKUP(K20+1,TPMatrix!$D$6:$E$9,2,FALSE()),0)),"") | N20: =IF(COUNTIF(K17:K21,K20)>=3,IF(J20=5,VLOOKUP(K20+2,TPMatrix!$A$6:$B$10,2,FALSE()),IF(J20=4,VLOOKUP(K20+2,TPMatrix!$D$6:$E$9,2,FALSE()),0)),"") | O20: =IF(COUNTIF(K17:K21,K20)>=4,IF(J20=5,VLOOKUP(K20+3,TPMatrix!$A$6:$B$10,2,FALSE()),IF(J20=4,VLOOKUP(K20+3,TPMatrix!$D$6:$E$9,2,FALSE()),0)),"") | P20: =IF(COUNTIF(K17:K21,K20)>=5,IF(J20=5,VLOOKUP(K20+4,TPMatrix!$A$6:$B$10,2,FALSE()),IF(J20=4,VLOOKUP(K20+4,TPMatrix!$D$6:$E$9,2,FALSE()),0)),"") | Q20: =SUM(L20:P20)/COUNT(L20:P20) -> 48 | R20: =COUNT(L20:P20) -> 1 | S20: =IF(ISNUMBER($A20),COUNTIF($D$7:$D$206,$D20),0) -> 5 | T20: =CEILING($F20,1) -> 2 | U20: =SUM(OFFSET(T20,-MOD(ROW()-ROW($U$7),5),0,5,1)) -> 5 | W20: =$I20 -> 2 | X20: =IF(ISNUMBER($A20),$W20*(Methuselahs!$A$4+1)+$A20,"") -> 80 | Y20: =IF(ISNUMBER($A20),_xlfn.RANK.EQ($X20,$X20:$X24,1),"") -> 1 | Z20: =IF(ISNUMBER($A20),VLOOKUP($A20,Methuselahs!$A$7:$X$206,5),"") -> 14 | AA20: =$I20 -> 2
A21: =IF(ISBLANK('Tournament Info'!$B$11),"",INDIRECT(ADDRESS(ROW(),1,1,1,"Optimal Seating "&'Tournament Info'!$B$11-1&"R+F"))) -> 15 | B21: =IF(ISNUMBER(A21),VLOOKUP(A21,Methuselahs!$A$7:$E$206,2,FALSE()),"") -> Dominik | C21: =IF(ISNUMBER(A21),VLOOKUP(A21,Methuselahs!$A$7:$E$206,3,FALSE()),"") -> Trupcevic | D21: =IF(ISNUMBER(A21),FLOOR((ROW()-ROW($A$7))/5,1)+1,"") -> 3 | F21: =IF(ISNUMBER(E21),E21,0) -> 0 | G21: =IF(ISNUMBER($A21),IF(AND($F21>=2,$H21=60),1,0),"") -> 0 | H21: =IF(ISNUMBER(A21),IF(OR($S21=$U21,NOT(ISNA(MATCH($D21*5+$V$4,Override!$C$6:$C$124,0)))),$Q21,0),"") -> 24 | I21: =IF(ISNUMBER(A21),IF(J21=5,K21,IF(AND(J21=4,OR(K21=4,K21=3)),K21+1,K21)),"") -> 3 | J21: =COUNT(A17:A21) -> 5 | K21: =IF(ISNUMBER(A21),_xlfn.RANK.EQ(F21,F17:F21),"") -> 3 | L21: =IF(J21=5,VLOOKUP(K21,TPMatrix!$A$6:$B$10,2,FALSE()),IF(J21=4,VLOOKUP(K21,TPMatrix!$D$6:$E$9,2,FALSE()),0)) -> 36 | M21: =IF(COUNTIF(K17:K21,K21)>=2,IF(J21=5,VLOOKUP(K21+1,TPMatrix!$A$6:$B$10,2,FALSE()),IF(J21=4,VLOOKUP(K21+1,TPMatrix!$D$6:$E$9,2,FALSE()),0)),"") -> 24 | N21: =IF(COUNTIF(K17:K21,K21)>=3,IF(J21=5,VLOOKUP(K21+2,TPMatrix!$A$6:$B$10,2,FALSE()),IF(J21=4,VLOOKUP(K21+2,TPMatrix!$D$6:$E$9,2,FALSE()),0)),"") -> 12 | O21: =IF(COUNTIF(K17:K21,K21)>=4,IF(J21=5,VLOOKUP(K21+3,TPMatrix!$A$6:$B$10,2,FALSE()),IF(J21=4,VLOOKUP(K21+3,TPMatrix!$D$6:$E$9,2,FALSE()),0)),"") | P21: =IF(COUNTIF(K17:K21,K21)>=5,IF(J21=5,VLOOKUP(K21+4,TPMatrix!$A$6:$B$10,2,FALSE()),IF(J21=4,VLOOKUP(K21+4,TPMatrix!$D$6:$E$9,2,FALSE()),0)),"") | Q21: =SUM(L21:P21)/COUNT(L21:P21) -> 24 | R21: =COUNT(L21:P21) -> 3 | S21: =IF(ISNUMBER($A21),COUNTIF($D$7:$D$206,$D21),0) -> 5 | T21: =CEILING($F21,1) -> 0 | U21: =SUM(OFFSET(T21,-MOD(ROW()-ROW($U$7),5),0,5,1)) -> 5 | W21: =$I21 -> 3 | X21: =IF(ISNUMBER($A21),$W21*(Methuselahs!$A$4+1)+$A21,"") -> 114 | Y21: =IF(ISNUMBER($A21),_xlfn.RANK.EQ($X21,$X21:$X25,1),"") -> 2 | Z21: =IF(ISNUMBER($A21),VLOOKUP($A21,Methuselahs!$A$7:$X$206,5),"") -> 15 | AA21: =$I21 -> 3
A22: =IF(ISBLANK('Tournament Info'!$B$11),"",INDIRECT(ADDRESS(ROW(),1,1,1,"Optimal Seating "&'Tournament Info'!$B$11-1&"R+F"))) -> 16 | B22: =IF(ISNUMBER(A22),VLOOKUP(A22,Methuselahs!$A$7:$E$206,2,FALSE()),"") -> David | C22: =IF(ISNUMBER(A22),VLOOKUP(A22,Methuselahs!$A$7:$E$206,3,FALSE()),"") -> Luhaaar | D22: =IF(ISNUMBER(A22),FLOOR((ROW()-ROW($A$7))/5,1)+1,"") -> 4 | E22: 1 | F22: =IF(ISNUMBER(E22),E22,0) -> 1 | G22: =IF(ISNUMBER($A22),IF(AND($F22>=2,$H22=60),1,0),"") -> 0 | H22: =IF(ISNUMBER(A22),IF(OR($S22=$U22,NOT(ISNA(MATCH($D22*5+$V$4,Override!$C$6:$C$124,0)))),$Q22,0),"") -> 48 | I22: =IF(ISNUMBER(A22),IF(J22=5,K22,IF(AND(J22=4,OR(K22=4,K22=3)),K22+1,K22)),"") -> 2 | J22: =COUNT(A22:A26) -> 5 | K22: =IF(ISNUMBER(A22),_xlfn.RANK.EQ(F22,F22:F26),"") -> 2 | L22: =IF(J22=5,VLOOKUP(K22,TPMatrix!$A$6:$B$10,2,FALSE()),IF(J22=4,VLOOKUP(K22,TPMatrix!$D$6:$E$9,2,FALSE()),0)) -> 48 | M22: =IF(COUNTIF(K22:K26,K22)>=2,IF(J22=5,VLOOKUP(K22+1,TPMatrix!$A$6:$B$10,2,FALSE()),IF(J22=4,VLOOKUP(K22+1,TPMatrix!$D$6:$E$9,2,FALSE()),0)),"") | N22: =IF(COUNTIF(K22:K26,K22)>=3,IF(J22=5,VLOOKUP(K22+2,TPMatrix!$A$6:$B$10,2,FALSE()),IF(J22=4,VLOOKUP(K22+2,TPMatrix!$D$6:$E$9,2,FALSE()),0)),"") | O22: =IF(COUNTIF(K22:K26,K22)>=4,IF(J22=5,VLOOKUP(K22+3,TPMatrix!$A$6:$B$10,2,FALSE()),IF(J22=4,VLOOKUP(K22+3,TPMatrix!$D$6:$E$9,2,FALSE()),0)),"") | P22: =IF(COUNTIF(K22:K26,K22)>=5,IF(J22=5,VLOOKUP(K22+4,TPMatrix!$A$6:$B$10,2,FALSE()),IF(J22=4,VLOOKUP(K22+4,TPMatrix!$D$6:$E$9,2,FALSE()),0)),"") | Q22: =SUM(L22:P22)/COUNT(L22:P22) -> 48 | R22: =COUNT(L22:P22) -> 1 | S22: =IF(ISNUMBER($A22),COUNTIF($D$7:$D$206,$D22),0) -> 5 | T22: =CEILING($F22,1) -> 1 | U22: =SUM(OFFSET(T22,-MOD(ROW()-ROW($U$7),5),0,5,1)) -> 5 | W22: =$I22 -> 2 | X22: =IF(ISNUMBER($A22),$W22*(Methuselahs!$A$4+1)+$A22,"") -> 82 | Y22: =IF(ISNUMBER($A22),_xlfn.RANK.EQ($X22,$X22:$X26,1),"") -> 2 | Z22: =IF(ISNUMBER($A22),VLOOKUP($A22,Methuselahs!$A$7:$X$206,5),"") -> 16 | AA22: =$I22 -> 2
A23: =IF(ISBLANK('Tournament Info'!$B$11),"",INDIRECT(ADDRESS(ROW(),1,1,1,"Optimal Seating "&'Tournament Info'!$B$11-1&"R+F"))) -> 17 | B23: =IF(ISNUMBER(A23),VLOOKUP(A23,Methuselahs!$A$7:$E$206,2,FALSE()),"") -> Martin | C23: =IF(ISNUMBER(A23),VLOOKUP(A23,Methuselahs!$A$7:$E$206,3,FALSE()),"") -> Weinmyer | D23: =IF(ISNUMBER(A23),FLOOR((ROW()-ROW($A$7))/5,1)+1,"") -> 4 | F23: =IF(ISNUMBER(E23),E23,0) -> 0 | G23: =IF(ISNUMBER($A23),IF(AND($F23>=2,$H23=60),1,0),"") -> 0 | H23: =IF(ISNUMBER(A23),IF(OR($S23=$U23,NOT(ISNA(MATCH($D23*5+$V$4,Override!$C$6:$C$124,0)))),$Q23,0),"") -> 24 | I23: =IF(ISNUMBER(A23),IF(J23=5,K23,IF(AND(J23=4,OR(K23=4,K23=3)),K23+1,K23)),"") -> 3 | J23: =COUNT(A22:A26) -> 5 | K23: =IF(ISNUMBER(A23),_xlfn.RANK.EQ(F23,F22:F26),"") -> 3 | L23: =IF(J23=5,VLOOKUP(K23,TPMatrix!$A$6:$B$10,2,FALSE()),IF(J23=4,VLOOKUP(K23,TPMatrix!$D$6:$E$9,2,FALSE()),0)) -> 36 | M23: =IF(COUNTIF(K22:K26,K23)>=2,IF(J23=5,VLOOKUP(K23+1,TPMatrix!$A$6:$B$10,2,FALSE()),IF(J23=4,VLOOKUP(K23+1,TPMatrix!$D$6:$E$9,2,FALSE()),0)),"") -> 24 | N23: =IF(COUNTIF(K22:K26,K23)>=3,IF(J23=5,VLOOKUP(K23+2,TPMatrix!$A$6:$B$10,2,FALSE()),IF(J23=4,VLOOKUP(K23+2,TPMatrix!$D$6:$E$9,2,FALSE()),0)),"") -> 12 | O23: =IF(COUNTIF(K22:K26,K23)>=4,IF(J23=5,VLOOKUP(K23+3,TPMatrix!$A$6:$B$10,2,FALSE()),IF(J23=4,VLOOKUP(K23+3,TPMatrix!$D$6:$E$9,2,FALSE()),0)),"") | P23: =IF(COUNTIF(K22:K26,K23)>=5,IF(J23=5,VLOOKUP(K23+4,TPMatrix!$A$6:$B$10,2,FALSE()),IF(J23=4,VLOOKUP(K23+4,TPMatrix!$D$6:$E$9,2,FALSE()),0)),"") | Q23: =SUM(L23:P23)/COUNT(L23:P23) -> 24 | R23: =COUNT(L23:P23) -> 3 | S23: =IF(ISNUMBER($A23),COUNTIF($D$7:$D$206,$D23),0) -> 5 | T23: =CEILING($F23,1) -> 0 | U23: =SUM(OFFSET(T23,-MOD(ROW()-ROW($U$7),5),0,5,1)) -> 5 | W23: =$I23 -> 3 | X23: =IF(ISNUMBER($A23),$W23*(Methuselahs!$A$4+1)+$A23,"") -> 116 | Y23: =IF(ISNUMBER($A23),_xlfn.RANK.EQ($X23,$X23:$X27,1),"") -> 3 | Z23: =IF(ISNUMBER($A23),VLOOKUP($A23,Methuselahs!$A$7:$X$206,5),"") -> 17 | AA23: =$I23 -> 3
A24: =IF(ISBLANK('Tournament Info'!$B$11),"",INDIRECT(ADDRESS(ROW(),1,1,1,"Optimal Seating "&'Tournament Info'!$B$11-1&"R+F"))) -> 18 | B24: =IF(ISNUMBER(A24),VLOOKUP(A24,Methuselahs!$A$7:$E$206,2,FALSE()),"") -> Jozef | C24: =IF(ISNUMBER(A24),VLOOKUP(A24,Methuselahs!$A$7:$E$206,3,FALSE()),"") -> Patrnciak | D24: =IF(ISNUMBER(A24),FLOOR((ROW()-ROW($A$7))/5,1)+1,"") -> 4 | F24: =IF(ISNUMBER(E24),E24,0) -> 0 | G24: =IF(ISNUMBER($A24),IF(AND($F24>=2,$H24=60),1,0),"") -> 0 | H24: =IF(ISNUMBER(A24),IF(OR($S24=$U24,NOT(ISNA(MATCH($D24*5+$V$4,Override!$C$6:$C$124,0)))),$Q24,0),"") -> 24 | I24: =IF(ISNUMBER(A24),IF(J24=5,K24,IF(AND(J24=4,OR(K24=4,K24=3)),K24+1,K24)),"") -> 3 | J24: =COUNT(A22:A26) -> 5 | K24: =IF(ISNUMBER(A24),_xlfn.RANK.EQ(F24,F22:F26),"") -> 3 | L24: =IF(J24=5,VLOOKUP(K24,TPMatrix!$A$6:$B$10,2,FALSE()),IF(J24=4,VLOOKUP(K24,TPMatrix!$D$6:$E$9,2,FALSE()),0)) -> 36 | M24: =IF(COUNTIF(K22:K26,K24)>=2,IF(J24=5,VLOOKUP(K24+1,TPMatrix!$A$6:$B$10,2,FALSE()),IF(J24=4,VLOOKUP(K24+1,TPMatrix!$D$6:$E$9,2,FALSE()),0)),"") -> 24 | N24: =IF(COUNTIF(K22:K26,K24)>=3,IF(J24=5,VLOOKUP(K24+2,TPMatrix!$A$6:$B$10,2,FALSE()),IF(J24=4,VLOOKUP(K24+2,TPMatrix!$D$6:$E$9,2,FALSE()),0)),"") -> 12 | O24: =IF(COUNTIF(K22:K26,K24)>=4,IF(J24=5,VLOOKUP(K24+3,TPMatrix!$A$6:$B$10,2,FALSE()),IF(J24=4,VLOOKUP(K24+3,TPMatrix!$D$6:$E$9,2,FALSE()),0)),"") | P24: =IF(COUNTIF(K22:K26,K24)>=5,IF(J24=5,VLOOKUP(K24+4,TPMatrix!$A$6:$B$10,2,FALSE()),IF(J24=4,VLOOKUP(K24+4,TPMatrix!$D$6:$E$9,2,FALSE()),0)),"") | Q24: =SUM(L24:P24)/COUNT(L24:P24) -> 24 | R24: =COUNT(L24:P24) -> 3 | S24: =IF(ISNUMBER($A24),COUNTIF($D$7:$D$206,$D24),0) -> 5 | T24: =CEILING($F24,1) -> 0 | U24: =SUM(OFFSET(T24,-MOD(ROW()-ROW($U$7),5),0,5,1)) -> 5 | W24: =$I24 -> 3 | X24: =IF(ISNUMBER($A24),$W24*(Methuselahs!$A$4+1)+$A24,"") -> 117 | Y24: =IF(ISNUMBER($A24),_xlfn.RANK.EQ($X24,$X24:$X28,1),"") -> 3 | Z24: =IF(ISNUMBER($A24),VLOOKUP($A24,Methuselahs!$A$7:$X$206,5),"") -> 1003 | AA24: =$I24 -> 3
A25: =IF(ISBLANK('Tournament Info'!$B$11),"",INDIRECT(ADDRESS(ROW(),1,1,1,"Optimal Seating "&'Tournament Info'!$B$11-1&"R+F"))) -> 19 | B25: =IF(ISNUMBER(A25),VLOOKUP(A25,Methuselahs!$A$7:$E$206,2,FALSE()),"") -> Ben | C25: =IF(ISNUMBER(A25),VLOOKUP(A25,Methuselahs!$A$7:$E$206,3,FALSE()),"") -> Fox | D25: =IF(ISNUMBER(A25),FLOOR((ROW()-ROW($A$7))/5,1)+1,"") -> 4 | F25: =IF(ISNUMBER(E25),E25,0) -> 0 | G25: =IF(ISNUMBER($A25),IF(AND($F25>=2,$H25=60),1,0),"") -> 0 | H25: =IF(ISNUMBER(A25),IF(OR($S25=$U25,NOT(ISNA(MATCH($D25*5+$V$4,Override!$C$6:$C$124,0)))),$Q25,0),"") -> 24 | I25: =IF(ISNUMBER(A25),IF(J25=5,K25,IF(AND(J25=4,OR(K25=4,K25=3)),K25+1,K25)),"") -> 3 | J25: =COUNT(A22:A26) -> 5 | K25: =IF(ISNUMBER(A25),_xlfn.RANK.EQ(F25,F22:F26),"") -> 3 | L25: =IF(J25=5,VLOOKUP(K25,TPMatrix!$A$6:$B$10,2,FALSE()),IF(J25=4,VLOOKUP(K25,TPMatrix!$D$6:$E$9,2,FALSE()),0)) -> 36 | M25: =IF(COUNTIF(K22:K26,K25)>=2,IF(J25=5,VLOOKUP(K25+1,TPMatrix!$A$6:$B$10,2,FALSE()),IF(J25=4,VLOOKUP(K25+1,TPMatrix!$D$6:$E$9,2,FALSE()),0)),"") -> 24 | N25: =IF(COUNTIF(K22:K26,K25)>=3,IF(J25=5,VLOOKUP(K25+2,TPMatrix!$A$6:$B$10,2,FALSE()),IF(J25=4,VLOOKUP(K25+2,TPMatrix!$D$6:$E$9,2,FALSE()),0)),"") -> 12 | O25: =IF(COUNTIF(K22:K26,K25)>=4,IF(J25=5,VLOOKUP(K25+3,TPMatrix!$A$6:$B$10,2,FALSE()),IF(J25=4,VLOOKUP(K25+3,TPMatrix!$D$6:$E$9,2,FALSE()),0)),"") | P25: =IF(COUNTIF(K22:K26,K25)>=5,IF(J25=5,VLOOKUP(K25+4,TPMatrix!$A$6:$B$10,2,FALSE()),IF(J25=4,VLOOKUP(K25+4,TPMatrix!$D$6:$E$9,2,FALSE()),0)),"") | Q25: =SUM(L25:P25)/COUNT(L25:P25) -> 24 | R25: =COUNT(L25:P25) -> 3 | S25: =IF(ISNUMBER($A25),COUNTIF($D$7:$D$206,$D25),0) -> 5 | T25: =CEILING($F25,1) -> 0 | U25: =SUM(OFFSET(T25,-MOD(ROW()-ROW($U$7),5),0,5,1)) -> 5 | W25: =$I25 -> 3 | X25: =IF(ISNUMBER($A25),$W25*(Methuselahs!$A$4+1)+$A25,"") -> 118 | Y25: =IF(ISNUMBER($A25),_xlfn.RANK.EQ($X25,$X25:$X29,1),"") -> 3 | Z25: =IF(ISNUMBER($A25),VLOOKUP($A25,Methuselahs!$A$7:$X$206,5),"") -> 19 | AA25: =$I25 -> 3
A26: =IF(ISBLANK('Tournament Info'!$B$11),"",INDIRECT(ADDRESS(ROW(),1,1,1,"Optimal Seating "&'Tournament Info'!$B$11-1&"R+F"))) -> 20 | B26: =IF(ISNUMBER(A26),VLOOKUP(A26,Methuselahs!$A$7:$E$206,2,FALSE()),"") -> Tommi | C26: =IF(ISNUMBER(A26),VLOOKUP(A26,Methuselahs!$A$7:$E$206,3,FALSE()),"") -> Hakomaa | D26: =IF(ISNUMBER(A26),FLOOR((ROW()-ROW($A$7))/5,1)+1,"") -> 4 | E26: 4 | F26: =IF(ISNUMBER(E26),E26,0) -> 4 | G26: =IF(ISNUMBER($A26),IF(AND($F26>=2,$H26=60),1,0),"") -> 1 | H26: =IF(ISNUMBER(A26),IF(OR($S26=$U26,NOT(ISNA(MATCH($D26*5+$V$4,Override!$C$6:$C$124,0)))),$Q26,0),"") -> 60 | I26: =IF(ISNUMBER(A26),IF(J26=5,K26,IF(AND(J26=4,OR(K26=4,K26=3)),K26+1,K26)),"") -> 1 | J26: =COUNT(A22:A26) -> 5 | K26: =IF(ISNUMBER(A26),_xlfn.RANK.EQ(F26,F22:F26),"") -> 1 | L26: =IF(J26=5,VLOOKUP(K26,TPMatrix!$A$6:$B$10,2,FALSE()),IF(J26=4,VLOOKUP(K26,TPMatrix!$D$6:$E$9,2,FALSE()),0)) -> 60 | M26: =IF(COUNTIF(K22:K26,K26)>=2,IF(J26=5,VLOOKUP(K26+1,TPMatrix!$A$6:$B$10,2,FALSE()),IF(J26=4,VLOOKUP(K26+1,TPMatrix!$D$6:$E$9,2,FALSE()),0)),"") | N26: =IF(COUNTIF(K22:K26,K26)>=3,IF(J26=5,VLOOKUP(K26+2,TPMatrix!$A$6:$B$10,2,FALSE()),IF(J26=4,VLOOKUP(K26+2,TPMatrix!$D$6:$E$9,2,FALSE()),0)),"") | O26: =IF(COUNTIF(K22:K26,K26)>=4,IF(J26=5,VLOOKUP(K26+3,TPMatrix!$A$6:$B$10,2,FALSE()),IF(J26=4,VLOOKUP(K26+3,TPMatrix!$D$6:$E$9,2,FALSE()),0)),"") | P26: =IF(COUNTIF(K22:K26,K26)>=5,IF(J26=5,VLOOKUP(K26+4,TPMatrix!$A$6:$B$10,2,FALSE()),IF(J26=4,VLOOKUP(K26+4,TPMatrix!$D$6:$E$9,2,FALSE()),0)),"") | Q26: =SUM(L26:P26)/COUNT(L26:P26) -> 60 | R26: =COUNT(L26:P26) -> 1 | S26: =IF(ISNUMBER($A26),COUNTIF($D$7:$D$206,$D26),0) -> 5 | T26: =CEILING($F26,1) -> 4 | U26: =SUM(OFFSET(T26,-MOD(ROW()-ROW($U$7),5),0,5,1)) -> 5 | W26: =$I26 -> 1 | X26: =IF(ISNUMBER($A26),$W26*(Methuselahs!$A$4+1)+$A26,"") -> 53 | Y26: =IF(ISNUMBER($A26),_xlfn.RANK.EQ($X26,$X26:$X30,1),"") -> 1 | Z26: =IF(ISNUMBER($A26),VLOOKUP($A26,Methuselahs!$A$7:$X$206,5),"") -> 1001 | AA26: =$I26 -> 1
