Workbook
Name MPlayerNo: Methuselahs!$A$7:$A$206

Sheet Instructions
A1: The Archon (v1.5l)
A2: The official tournament tracking system for "Vampire: The Eternal Struggle" | E2: originally from the V:TES Rulemonger Website (http://www.geocities.com/vtesrep), updated with genetic results: https://www.vekn.net/forum/generic-v-tes-discussion/77200
A4: The Archon was written by Stephen "The Evil One" Buonocore, and maintained by L. Scott Johnson.
A5: The Archon is currently maintained by Vincent Ripoll.
A6: With updates by Robert Goudie and Pascal Bertrand. Additional seatings provided by Lionel Panhaleux.
A8: The latest version of The Archon is available for download at
A9: https://www.vekn.net/downloads
A11: What's New:
B12: V1.5l | C12: Fixed GW flag on the final round when there is a tie. Added seatings for 3R+F up to 300 players.
B13: V1.5k | C13: Added Grand Prix level
B14: V1.5j | C14: Improved seating charts for 3R+F 9-57 players (thanks to Lionel Panhaleux).
B15: V1.5i | C15: Fixed error in 3R+F for 19 players (players 13 and 14 were inverted during R1) and 2R+F for 44 players (the seating introduced in v1.5h was worse).
B16: V1.5h | C16: Fixed unoptimal seatings for 3R+F for 49 players to 200 players, and added seatings for 201-220 players. Reverted to optimal seating for 17 players. Fixed unoptimal seatings for 2R+F for 21 players to 50 players, and added seatings for 51-1210 players.
B17: V1.5g | C17: Fixed unoptimal seatings for 2R+F and 3R+F
B18: V1.5f | C18: Fixed unoptimal seatings introduced in V1.5e due to a flaw in the validation of the new results and some mistakes when reporting the results.
B19: V1.5e | C19: The Archon is now available in xslx (Microsoft Excel) and ods (Libroffice) formats. The old xls format must not be used anymore. Updated the urls. Fixed reversed predator-prey relationships that are authorized by rules 1 and 6, but that should be more important than rule 8 for instance. This applies to the following 3R+F seatings: 17, 19, 20, 21, 23, 27, 31 players
B20: V1.5d | C20: Now using the optimised seatings computed by Vincent (calculations ongoing, current date: 28/06/2015)
B21: V1.5c | C21: Increased the max number of players for 2R+F events, fixed a bug in the 3rd round page in 2R+F events. (Vincent Ripoll). Upgraded the seating for 21-25 players in 2R+F events (Pascal Bertrand) (currently working on the remaining)
B22: V1.5b | C22: Fixed a bug in the chart that made Optimal Seating charts fail to update in OpenOffice.org or LibreOffice. (Jussi Hattara)
B23: V1.5a | C23: Tournament Info sheet made more similar to the Event Registration page of the vekn.net website, where the Event should be registered. Added coefficient for National Qualifiers (0).
... B36: v1.1 | C36: Use Game Wins per the January 2002 update of the V:EKN rules. Enhanced support of optimal seating charts. Corrected 18-player chart.
A39: Instructions for use:
A41: General Instructions
B42: 1 | C42: Welcome to The Archon, the official tournament tracking system for "Vampire: The Eternal Struggle" ("V:TES"). When your tournament is completed and all information within The Archon has been entered, you should immediately send this entire completed workbook to the V:EKN (the "Vampire: Elder Kindred Network"), which is the Official International Players' Organization for V:TES. By sending this to the V:EKN, your players' official V:TES ratings will be updated. See the "Post-Tournament Procedures" below for submitting the results.
C44: Please visit the VEKN web site for all the official information about V:TES and the V:EKN:
C45: https://www.vekn.net/
C47: For information on how to run an officially sanctioned V:TES tournament, including the "Request for Sanctioning", "Request for Prize Support", and all other relevant information, please visit the V:TES website, and go to this page:
C48: https://www.vekn.net/how-to-run-a-v-tes-tournament
C50: Officially sanctioned V:TES Tournaments are run according to the V:EKN Tournament Rules. Also, all current V:TES Rules, Rulings, Errata, and Clarifications must be followed. These can be found on the VEKN website on these pages:
C51: https://www.vekn.net/tournament-rules
C52: https://www.vekn.net/rulebook
C53: https://www.vekn.net/general-rulings
C54: https://www.vekn.net/card-rulings
B56: =B42+1 -> 2 | C56: The archon is available in XSLX and ODS format. If you use Microsoft Excel, use the XSLX format; otherwise use the ODS format. Do not save it under another format (eg. If you use the XSLX format, save it only in that format).
B58: =B56+1 -> 3 | C58: Helpful instructions have been embedded in some cells of this spreadsheet, so that you do not have to refer back to this page often. Please point the cursor to the "little red triangle" in the upper-right corner of some cells for help. To see how this works, point to the triangle to the left of this paragraph.
B60: =B58+1 -> 4 | C60: You should save this spreadsheet file under a new name (like the name of your tournament) before beginning to use it. By doing so, you can use this blank spreadsheet again for future tournaments. Use the Menu Bar selection, FILE, then select SAVE AS and enter a new name. After doing this, you can continue to use this spreadsheet to track your V:TES tournament.
B62: =B60+1 -> 5 | C62: This system implements the V:EKN Sanctioned Tournament Rules, and therefore makes certain assumptions (e.g. all tables will have 4 or (optimally) 5 players). Use V:EKN Tournament Rules when utilizing this system.
A65: Setting up and Tracking Your Tournament
B66: =B62+1 -> 6 | C66: Enter the tournament information into the "Tournament Info" sheet.
B67: - | C67: This is freeform text, but is used in other sheets, so please be accurate. The VEKN numbers of the organizer and judges are used for qualification.
B69: =B66+1 -> 7 | C69: Enter all Player information into the "Methuselahs" sheet.
B70: - | C70: 'Player #' = From 1 to N, where N is the number of players in the tournament. Assign a random number to each of the players. This number will be used throughout this program to track the players' ratings, monitor the players' tournament ranking, and determine table seating positions. This is a required field.
B71: - | C71: 'Player First Name' and 'Player Last Name' = Player's name, as listed on their V:EKN membership card. This is a required field. [NOTE: All players without V:EKN memberships must be registered at the tournament to participate in V:EKN events.]
B72: - | C72: 'Player City' = The city where the player lives.
B73: - | C73: V:EKN #' = required for reporting to the V:EKN. Each player must have a V:EKN ID number and be registered on the official V:EKN registry on the V:EKN's website. If a registered player forgets his V:EKN number at the tournament, you must find it in the registry and insert it in the archon prior to reporting tournament results. If a player is new to tournaments (great!), then issue the new player a V:EKN membership card at the tournament and assign the new player a V:EKN ID number either by creating a unique 7-digit number using your 3-digit prince prefix followed by a 4-digit number of your choosing (just making sure you never assign the same 4 digits to more than one new player) if you're a prince (and then enter that information in the player registry online after the tournament) or by going on-line after the tournament and enter the new player into the player registry (letting the system generate a new V:EKN ID number for the new player) and mail the new player a membership card with the V:EKN ID# generated on the website filled in on the membership card.
C74: https://www.vekn.net/player-registry
B76: =B69+1 -> 8 | C76: The Coordinator uses the "Methuselahs" sheet to monitor the progress of the tournament.
C77: Also, additional information may need to be entered on the "Methuselahs" tab as the tournament progresses.
B78: - | C78: DQ Flag = Place ANY text in this field if a Player is removed from the tournament (for whatever reason). This will eliminate the Player from contention for the Final Round. If the player is removed in the middle of a game, you may wind up with fewer VPs awarded than the Archon is expecting. If so, just enter the round and table into the "Override" sheet to let the Archon know that the table is indeed complete. See additional Comments in the DQ Flag column.
B79: - | C79: Status for Final = This will indicate "DQ" (if the DQ Flag has been entered) or "TIE" if 2 or more players are tied for one of the top 5 slots (the Final Round slots). If "TIE" is indicated, a "coin toss" must be made. See "Coin Ranking" field.
B80: - | C80: Coin Ranking = If "TIE" is indicated in the "Status for Final" field, then 2 or more players are tied for one of the Final Round slots. Break each tie individually, using some random method (like a coin toss or a die roll). Once this is done, indicate the results of the "coin toss" by ranking them in this field. For example, if Players A and B were tied, and Player A won the "coin toss", place a 1 in the "Coin Ranking" field for Player A and a 2 in the "Coin Ranking" field for Player B.
B81: - | C81: Adjusted Rank = After any ties have been broken via a "coin toss" (and the "Coin Ranking" has been entered), this column will indicate the results at the end of 3 Rounds. The top 5 Players will automatically be entered into the "Finalists" section of the "Final Round" sheet. Seating for the Final Round (and the entry of this information into the "Final Round" sheet still needs to be done. See Final Round sheet Comments.
B82: - | C82: Final Rank = This will indicate the Final Rank for all Players in the tournament once the Final Round has been completed.
B84: =B76+1 -> 9 | C84: The Players can be shown the "Standings" sheet so that they can monitor their progress in the tournament.
B85: - | C85: The "Standings" sheet is a subset of the information from the "Methuselahs" sheet, and it is more easily readable. It is also fully 'protected', so that a Player cannot accidently change any data. The "Standings" sheet may also be printed for the players between rounds, if a printer is available.
B87: =B84+1 -> 10 | C87: Enter the round-specific information into the "Round" sheets (for each round, as the rounds are played):
B88: - | C88: # = Player Number, to be used to seat players for each round. These are the Player Numbers from the "Methuselahs" sheet, and should be entered manually for each round. [Note: If you have are running a 3+F tournament, the player seating will be automatically entered from the "Optimal Seating" sheet. You can override these values (to handle ejections or additions) by entering the numbers manually. ]
B89: - | C89: Player First Name and Player Last Name = This will be filled in automatically from the "Methuselah" sheet information.
B90: - | C90: Table Number = The number of the table for this group of 5 (or 4) players. As many tables as possible should have 5 players, with all others having 4 players. 3 player and 6 player tables are not permitted under V:EKN rules. This will fill in automatically.
B91: - | C91: GW = Game Win. This is calculated automatically, using V:EKN rules.
B92: - | C92: VPs = Victory Points. These must be entered manually upon completion of the round, and will flow automatically to the "Methuselahs" sheet. [Note: You may leave VPs blank for a player who scores no VPs.]
B93: - | C93: TPs = Tournament Points. These will be calculated for you automatically, using V:EKN rules, and will take into consideration the difference between 4 and 5 player table TP calculations. This is used as a tie breaker for entering the Final Round, and will flow automatically to the "Methuselahs" sheet.
B94: - | C94: Table Rank = The player's Ranking at the table after the completion of the round (after Victory Points [VPs] are manually entered). This is calculated automatically, and it is used to calculate Tournament Points (TPs) automatically.
B95: - | C95: Round Start Time and End Time = These fields are provided so that you may track the length of each round. This is useful when the tournament rounds have time limits.
B97: =B87+1 -> 11 | C97: Seat the Players for the Final Round and enter the Player numbers on the "Final Round" sheet.
B98: - | C98: The "Final Round" sheet is different from the other "Round" sheets. There are two sections for the Players on this sheet:
B99: a. | C99: "Current Leaders"/"Finalists" section: The top section lists the Current Leaders in the tournament. This will change to Finalists when all preliminary rounds have been posted. No changes can be made to this section. If a Finalist becomes ineligible for any reason (disqualification or self-withdrawal), use the DQ Flag on the "Methuselahs" sheet to eliminate the Player from contention. Disqualified players will not show up on the "Final Round" sheet.
B100: b. | C100: "Table Seating" section: Upon completion of the preliminary rounds (and a "coin toss" if necessary), the top 5 Players in the tournament (based on GWs, VPs, and TPs) will be listed in the above "Finalists" section. These 5 players should now be seated in this section. Seating should be done according to the V:EKN Rules. After the seating has been determined, enter the Player numbers into the "Final Round" sheet.
B101: - | C101: Player First Name, Player Last Name, and Table Number (1) will be completed automatically.
B102: - | C102: At the end of the round, enter the VPs for each Player.
C103: [Note: The "Methuselahs" sheet will now accurately reflect the Final Rank of all Players in the tournament.]
A106: Post-Tournament Procedures
B107: =B97+1 -> 12 | C107: Enter any notes, warnings, or miscellaneous information into the "Notes" sheet.
B108: - | C108: On the "Notes" sheet, you may enter any freeform information. It can be used to track warnings, create notes on the tournament and/or the decks for a later tournament report, or to remind yourself of things to do after the tournament. Consider writing notes about questions that you need to ask to Vincent Ripoll, the V:TES Net Rep (vtesratings@gmail.com) about rulings that you made during the tournament.
B110: =B107+1 -> 13 | C110: Review The Archon to ensure accuracy. This is very important!
B111: - | C111: Perform a thorough check of The Archon to ensure that you have entered all the data correctly. Look particularly at the "Methuselahs" sheet, the "Round" sheets (all of them), and the "Standings" sheet. We want to report good data!
B112: - | C112: When you are sure that The Archon data is correct, submit the Archon on the V:EKN Event module through your event page ( https://www.vekn.net/event-calendar ). The module can detect a few errors, so be sure to read the error messages it reports in red. Only after this will the rankings of the players be updated. If you have any trouble submitting the archon, please contact the Ratings Coordinator at vtesratings@gmail.com
B114: 14 | C114: Send comments about this system to Vincent Ripoll, the current maintainer of the Archon.
B115: - | C115: I would greatly appreciate any comments that you might have, either positive or negative, regarding this system. After you have used this system at a tournament, please send an email to me at vtesratings@gmail.com, and let me know what you thought. Good suggestions may find their way into a later version of The Archon.

Sheet Tournament Info
A1: =IF(ISBLANK(B3),"Vampire: The Eternal Struggle Tournament",B3) -> VtES Finnish Nationals 2026
A3: Event Name: | B3: VtES Finnish Nationals 2026
A4: Event Date (DD-MON-YY): | B4: 46137
A5: Date Report due at V:EKN: | B5: =IF(B4="","",B4+8) -> 46145
A6: Organizer: | B6: Tommi Hakomaa | C6: 3530067
A7: City: | B7: Vantaa
A8: Format (Constructed/Limited): | B8: Constructed | D8: Constructed | E8: Limited
A9: Level (Normal/Qualifier/Championship/Nationals) | B9: National Championship | D9: Standard Constructed | E9: National Qualifier | F9: National Championship | G9: Continental Qualifier | H9: Continental Championship | I9: Grand Prix | J9: Storyline | K9: Limited | L9: Demo | M9: Unsanctioned Tournament
A10: Number of Players: | B10: =Methuselahs!$A$4 -> 41 | D10: 0 | E10: 0 | F10: 0.25 | G10: 0.25 | H10: 1 | I10: 0 | J10: 0 | K10: 0 | L10: 0 | M10: 0
A11: Number of Rounds (including final): | B11: 4 | D11: 3 | E11: 4
A12: Number of Event Matches: | B12: =MAX('Round 1'!D7:D206)+MAX('Round 2'!D7:D206)+MAX('Round 3'!D7:D206)+1 -> 28
A13: Number of New Members:
A14: Number of Warnings Issued:
A15: Number of Disqualifications:
A16: Multi-Judge System Used? | B16: Yes
A17: Head Judge: | B17: Teemu Sainomaa | C17: 3070069
A18: Assistant Judges: | B18: Tommi Hakomaa | C18: 3530067
B19: Akseli Jalava | C19: 3530057
B20: Jani Malmi | C20: 9350012
B21: Teemu Pulkkinen | C21: 4970005
B22: Michael Holmström | C22: 3382224
C23: =IF(ISBLANK(B23),"","VEKN id")
C24: =IF(ISBLANK(B24),"","VEKN id")
C25: =IF(ISBLANK(B25),"","VEKN id")
C26: =IF(ISBLANK(B26),"","VEKN id")

Sheet Methuselahs
A1: =IF(ISBLANK('Tournament Info'!B3),"Vampire: The Eternal Struggle Tournament",'Tournament Info'!B3) -> VtES Finnish Nationals 2026 | Z1: =HLOOKUP('Tournament Info'!$B$9,'Tournament Info'!$D$9:$M$10,2,FALSE) -> 0.25 | AA1: 90
P2: champ | Q2: nat | R2: norm | S2: qual | T2: reg | Y2: Coef: | Z2: =LOG(MAX($A$4*$A$4,1),15)-1+$Z$1 -> 1.9926169 | AA2: 30
A3: Player Information | O3: 0 | P3: 1 | Q3: 0.25 | R3: 0 | S3: 0.25 | T3: 0 | AA3: 30
A4: =COUNT($A$7:$A$306) -> 41 | B4: players entered | AA4: 30
A5: Player | B5: Player | C5: Player | D5: Player | E5: V:EKN | G5: DQ | H5: Results - Rnds 1, 2, 3 | L5: Status | M5: Coin | N5: Adjusted | O5: VP | P5: TP | Q5: Coin | R5: Real | S5: Flag | T5: Player | U5: Final | V5: CurRank | W5: P# ties | X5: Distinct | Y5: Player | Z5: Final | AA5: 30 | AB5: Rating
A6: Num. | B6: First Name | C6: Last Name | D6: City | E6: Num. | F6: # rnds | G6: Flag | H6: GWs | I6: VPs | J6: TPs | K6: Rank | L6: for Final | M6: Ranking | N6: Rank | O6: =IF(ISERR(MAX($I$7:$I$306)),1,MAX($I$7:$I$306)+1) -> 9.5 | P6: =IF(ISERR(MAX($J$7:$J$306)),1,MAX($J$7:$J$306)+1) -> 169 | Q6: =IF(ISERR(MAX($M$7:$M$306)),1,MAX($M$7:$M$306)+1) -> 3 | R6: Rank | S6: Ties | T6: Num | U6: Rank | V6: =IF(ISERR(MAX($V$7:$V$306)),1,MAX($V$7:$V$306)+1) -> 42 | W6: =MAX(MPlayerNo)+1 -> 42 | X6: Rank | Y6: Num | Z6: Rank | AA6: Bonus | AB6: Points
A7: 34 | B7: Aki | C7: Puolakka | E7: 120 | F7: =IF(ISBLANK($A7),"",SUM(IF(ISNA(IF(VLOOKUP($A7,'Round 1'!$A$7:$J$306,COLUMN('Round 1'!$H$7),FALSE),1,NA())),0,1),IF(ISNA(IF(VLOOKUP($A7,'Round 2'!$A$7:$J$306,COLUMN('Round 1'!$H$7),FALSE),1,NA())),0,1),IF(ISNA(IF(VLOOKUP($A7,'Round 3'!$A$7:$J$306,COLUMN('Round 1'!$H$7),FALSE),1,NA())),0,1),IF(ISNA(IF(VLOOKUP($A7,'Final Round'!$A$14:$K$18,1,FALSE),1,NA())),0,1))) -> 3 | H7: =IF(ISBLANK($A7),"",IF(ISERROR(VLOOKUP($A7,'Round 1'!$A$7:$I$306,COLUMN('Round 1'!$G$7),FALSE)),0,VLOOKUP($A7,'Round 1'!$A$7:$I$306,COLUMN('Round 1'!$G$7),FALSE))+IF(ISERROR(VLOOKUP($A7,'Round 2'!$A$7:$I$306,COLUMN('Round 2'!$G$7),FALSE)),0,VLOOKUP($A7,'Round 2'!$A$7:$I$306,COLUMN('Round 2'!$G$7),FALSE))+IF(ISERROR(VLOOKUP($A7,'Round 3'!$A$7:$I$306,COLUMN('Round 3'!$G$7),FALSE)),0,VLOOKUP($A7,'Round 3'!$A$7:$I$306,COLUMN('Round 3'!$G$7),FALSE))) -> 0 | I7: =IF(ISBLANK($A7),"",IF(ISERROR(VLOOKUP($A7,'Round 1'!$A$7:$I$306,COLUMN('Round 1'!$F$7),FALSE)),0,VLOOKUP($A7,'Round 1'!$A$7:$I$306,COLUMN('Round 1'!$F$7),FALSE))+IF(ISERROR(VLOOKUP($A7,'Round 2'!$A$7:$I$306,COLUMN('Round 2'!$F$7),FALSE)),0,VLOOKUP($A7,'Round 2'!$A$7:$I$306,COLUMN('Round 2'!$F$7),FALSE))+IF(ISERROR(VLOOKUP($A7,'Round 3'!$A$7:$I$306,COLUMN('Round 3'!$F$7),FALSE)),0,VLOOKUP($A7,'Round 3'!$A$7:$I$306,COLUMN('Round 3'!$F$7),FALSE))) -> 2.5 | J7: =IF(ISBLANK($A7),"",IF(ISERROR(VLOOKUP($A7,'Round 1'!$A$7:$I$306,COLUMN('Round 1'!$H$7),FALSE)),0,VLOOKUP($A7,'Round 1'!$A$7:$I$306,COLUMN('Round 1'!$H$7),FALSE))+IF(ISERROR(VLOOKUP($A7,'Round 2'!$A$7:$I$306,COLUMN('Round 2'!$H$7),FALSE)),0,VLOOKUP($A7,'Round 2'!$A$7:$I$306,COLUMN('Round 2'!$H$7),FALSE))+IF(ISERROR(VLOOKUP($A7,'Round 3'!$A$7:$I$306,COLUMN('Round 3'!$H$7),FALSE)),0,VLOOKUP($A7,'Round 3'!$A$7:$I$306,COLUMN('Round 3'!$H$7),FALSE))) -> 114 | K7: =IF(ISBLANK(A7),"",RANK(P7,$P$7:$P$306)) -> 20 | L7: =IF(ISBLANK($G7),IF($K7>5,"",IF(AND(ISNA(MATCH(K7+1,$K$7:$K$306,0)),$K7<$A$4),"TIE","")),"DQ") | N7: =IF(ISBLANK($G7),$R7,"DQ") -> 20 | O7: =IF(ISBLANK(A7),"",$H7*$O$6+$I7) -> 2.5 | P7: =IF(ISBLANK(A7),"",$O7*10*$P$6+$J7) -> 4339 | Q7: =IF(ISBLANK($G7),IF(ISBLANK($A7),-10,$P7*$Q$6+IF($M7>0,$Q$6-1-$M7,0)),-1) -> 13017 | R7: =IF(ISBLANK($A7),"",RANK($Q7,$Q$7:$Q$306)) -> 20 | S7: =IF(ISNA(MATCH($R7+1,$R$7:$R$306,0)),IF($R7=MAX($A$7:$A$306),$R7,-1),$R7) -> 20 | T7: =$A7 -> 34 | U7: =IF(N('Final Round'!$J$14)>0,IF(ISBLANK($A7),"",IF($N7>5,$N7,VLOOKUP($A7,'Final Round'!$A$14:$K$18,COLUMN('Final Round'!$J$1),FALSE))),"") -> 20 | V7: =IF(ISNUMBER($U7),$U7,$R7) -> 20 | W7: =IF(ISBLANK($A7),"",($V$6-$V7)*$W$6+$W$6-$A7) -> 932 | X7: =IF(ISBLANK($A7),"",RANK($W7,$W$7:$W$306)) -> 20 | Y7: =$A7 -> 34 | Z7: =IF($U7="",$N7,$U7) -> 20 | AA7: =IF($U7<6,INDEX($AA$1:$AA$5,$Z7)*$Z$2,0) -> 0 | AB7: =IF(ISBLANK($A7),"",5+4*(I7+IF(AA7=0,0,VLOOKUP($A7,'Final Round'!$A$14:$K$18,COLUMN('Final Round'!$G$1),FALSE)))+8*(H7+IF(AA7=0,0,IF(VLOOKUP($A7,'Final Round'!$A$14:$K$18,COLUMN('Final Round'!$J$1),FALSE)=1,1,0)))+$AA7) -> 15
A8: 25 | B8: Akseli | C8: Jalava | E8: 122 | F8: =IF(ISBLANK($A8),"",SUM(IF(ISNA(IF(VLOOKUP($A8,'Round 1'!$A$7:$J$306,COLUMN('Round 1'!$H$7),FALSE),1,NA())),0,1),IF(ISNA(IF(VLOOKUP($A8,'Round 2'!$A$7:$J$306,COLUMN('Round 1'!$H$7),FALSE),1,NA())),0,1),IF(ISNA(IF(VLOOKUP($A8,'Round 3'!$A$7:$J$306,COLUMN('Round 1'!$H$7),FALSE),1,NA())),0,1),IF(ISNA(IF(VLOOKUP($A8,'Final Round'!$A$14:$K$18,1,FALSE),1,NA())),0,1))) -> 3 | H8: =IF(ISBLANK($A8),"",IF(ISERROR(VLOOKUP($A8,'Round 1'!$A$7:$I$306,COLUMN('Round 1'!$G$7),FALSE)),0,VLOOKUP($A8,'Round 1'!$A$7:$I$306,COLUMN('Round 1'!$G$7),FALSE))+IF(ISERROR(VLOOKUP($A8,'Round 2'!$A$7:$I$306,COLUMN('Round 2'!$G$7),FALSE)),0,VLOOKUP($A8,'Round 2'!$A$7:$I$306,COLUMN('Round 2'!$G$7),FALSE))+IF(ISERROR(VLOOKUP($A8,'Round 3'!$A$7:$I$306,COLUMN('Round 3'!$G$7),FALSE)),0,VLOOKUP($A8,'Round 3'!$A$7:$I$306,COLUMN('Round 3'!$G$7),FALSE))) -> 0 | I8: =IF(ISBLANK($A8),"",IF(ISERROR(VLOOKUP($A8,'Round 1'!$A$7:$I$306,COLUMN('Round 1'!$F$7),FALSE)),0,VLOOKUP($A8,'Round 1'!$A$7:$I$306,COLUMN('Round 1'!$F$7),FALSE))+IF(ISERROR(VLOOKUP($A8,'Round 2'!$A$7:$I$306,COLUMN('Round 2'!$F$7),FALSE)),0,VLOOKUP($A8,'Round 2'!$A$7:$I$306,COLUMN('Round 2'!$F$7),FALSE))+IF(ISERROR(VLOOKUP($A8,'Round 3'!$A$7:$I$306,COLUMN('Round 3'!$F$7),FALSE)),0,VLOOKUP($A8,'Round 3'!$A$7:$I$306,COLUMN('Round 3'!$F$7),FALSE))) -> 2 | J8: =IF(ISBLANK($A8),"",IF(ISERROR(VLOOKUP($A8,'Round 1'!$A$7:$I$306,COLUMN('Round 1'!$H$7),FALSE)),0,VLOOKUP($A8,'Round 1'!$A$7:$I$306,COLUMN('Round 1'!$H$7),FALSE))+IF(ISERROR(VLOOKUP($A8,'Round 2'!$A$7:$I$306,COLUMN('Round 2'!$H$7),FALSE)),0,VLOOKUP($A8,'Round 2'!$A$7:$I$306,COLUMN('Round 2'!$H$7),FALSE))+IF(ISERROR(VLOOKUP($A8,'Round 3'!$A$7:$I$306,COLUMN('Round 3'!$H$7),FALSE)),0,VLOOKUP($A8,'Round 3'!$A$7:$I$306,COLUMN('Round 3'!$H$7),FALSE))) -> 114 | K8: =IF(ISBLANK(A8),"",RANK(P8,$P$7:$P$306)) -> 22 | L8: =IF(ISBLANK($G8),IF($K8>5,"",IF(AND(ISNA(MATCH(K8+1,$K$7:$K$306,0)),$K8<$A$4),"TIE","")),"DQ") | N8: =IF(ISBLANK($G8),$R8,"DQ") -> 22 | O8: =IF(ISBLANK(A8),"",$H8*$O$6+$I8) -> 2 | P8: =IF(ISBLANK(A8),"",$O8*10*$P$6+$J8) -> 3494 | Q8: =IF(ISBLANK($G8),IF(ISBLANK($A8),-10,$P8*$Q$6+IF($M8>0,$Q$6-1-$M8,0)),-1) -> 10482 | R8: =IF(ISBLANK($A8),"",RANK($Q8,$Q$7:$Q$306)) -> 22 | S8: =IF(ISNA(MATCH($R8+1,$R$7:$R$306,0)),IF($R8=MAX($A$7:$A$306),$R8,-1),$R8) -> 22 | T8: =$A8 -> 25 | U8: =IF(N('Final Round'!$J$14)>0,IF(ISBLANK($A8),"",IF($N8>5,$N8,VLOOKUP($A8,'Final Round'!$A$14:$K$18,COLUMN('Final Round'!$J$1),FALSE))),"") -> 22 | V8: =IF(ISNUMBER($U8),$U8,$R8) -> 22 | W8: =IF(ISBLANK($A8),"",($V$6-$V8)*$W$6+$W$6-$A8) -> 857 | X8: =IF(ISBLANK($A8),"",RANK($W8,$W$7:$W$306)) -> 22 | Y8: =$A8 -> 25 | Z8: =IF($U8="",$N8,$U8) -> 22 | AA8: =IF($U8<6,INDEX($AA$1:$AA$5,$Z8)*$Z$2,0) -> 0 | AB8: =IF(ISBLANK($A8),"",5+4*(I8+IF(AA8=0,0,VLOOKUP($A8,'Final Round'!$A$14:$K$18,COLUMN('Final Round'!$G$1),FALSE)))+8*(H8+IF(AA8=0,0,IF(VLOOKUP($A8,'Final Round'!$A$14:$K$18,COLUMN('Final Round'!$J$1),FALSE)=1,1,0)))+$AA8) -> 13
A9: 8 | B9: Aleksi | C9: Salonen | E9: 135 | F9: =IF(ISBLANK($A9),"",SUM(IF(ISNA(IF(VLOOKUP($A9,'Round 1'!$A$7:$J$306,COLUMN('Round 1'!$H$7),FALSE),1,NA())),0,1),IF(ISNA(IF(VLOOKUP($A9,'Round 2'!$A$7:$J$306,COLUMN('Round 1'!$H$7),FALSE),1,NA())),0,1),IF(ISNA(IF(VLOOKUP($A9,'Round 3'!$A$7:$J$306,COLUMN('Round 1'!$H$7),FALSE),1,NA())),0,1),IF(ISNA(IF(VLOOKUP($A9,'Final Round'!$A$14:$K$18,1,FALSE),1,NA())),0,1))) -> 3 | H9: =IF(ISBLANK($A9),"",IF(ISERROR(VLOOKUP($A9,'Round 1'!$A$7:$I$306,COLUMN('Round 1'!$G$7),FALSE)),0,VLOOKUP($A9,'Round 1'!$A$7:$I$306,COLUMN('Round 1'!$G$7),FALSE))+IF(ISERROR(VLOOKUP($A9,'Round 2'!$A$7:$I$306,COLUMN('Round 2'!$G$7),FALSE)),0,VLOOKUP($A9,'Round 2'!$A$7:$I$306,COLUMN('Round 2'!$G$7),FALSE))+IF(ISERROR(VLOOKUP($A9,'Round 3'!$A$7:$I$306,COLUMN('Round 3'!$G$7),FALSE)),0,VLOOKUP($A9,'Round 3'!$A$7:$I$306,COLUMN('Round 3'!$G$7),FALSE))) -> 0 | I9: =IF(ISBLANK($A9),"",IF(ISERROR(VLOOKUP($A9,'Round 1'!$A$7:$I$306,COLUMN('Round 1'!$F$7),FALSE)),0,VLOOKUP($A9,'Round 1'!$A$7:$I$306,COLUMN('Round 1'!$F$7),FALSE))+IF(ISERROR(VLOOKUP($A9,'Round 2'!$A$7:$I$306,COLUMN('Round 2'!$F$7),FALSE)),0,VLOOKUP($A9,'Round 2'!$A$7:$I$306,COLUMN('Round 2'!$F$7),FALSE))+IF(ISERROR(VLOOKUP($A9,'Round 3'!$A$7:$I$306,COLUMN('Round 3'!$F$7),FALSE)),0,VLOOKUP($A9,'Round 3'!$A$7:$I$306,COLUMN('Round 3'!$F$7),FALSE))) -> 0 | J9: =IF(ISBLANK($A9),"",IF(ISERROR(VLOOKUP($A9,'Round 1'!$A$7:$I$306,COLUMN('Round 1'!$H$7),FALSE)),0,VLOOKUP($A9,'Round 1'!$A$7:$I$306,COLUMN('Round 1'!$H$7),FALSE))+IF(ISERROR(VLOOKUP($A9,'Round 2'!$A$7:$I$306,COLUMN('Round 2'!$H$7),FALSE)),0,VLOOKUP($A9,'Round 2'!$A$7:$I$306,COLUMN('Round 2'!$H$7),FALSE))+IF(ISERROR(VLOOKUP($A9,'Round 3'!$A$7:$I$306,COLUMN('Round 3'!$H$7),FALSE)),0,VLOOKUP($A9,'Round 3'!$A$7:$I$306,COLUMN('Round 3'!$H$7),FALSE))) -> 66 | K9: =IF(ISBLANK(A9),"",RANK(P9,$P$7:$P$306)) -> 34 | L9: =IF(ISBLANK($G9),IF($K9>5,"",IF(AND(ISNA(MATCH(K9+1,$K$7:$K$306,0)),$K9<$A$4),"TIE","")),"DQ") | N9: =IF(ISBLANK($G9),$R9,"DQ") -> 34 | O9: =IF(ISBLANK(A9),"",$H9*$O$6+$I9) -> 0 | P9: =IF(ISBLANK(A9),"",$O9*10*$P$6+$J9) -> 66 | Q9: =IF(ISBLANK($G9),IF(ISBLANK($A9),-10,$P9*$Q$6+IF($M9>0,$Q$6-1-$M9,0)),-1) -> 198 | R9: =IF(ISBLANK($A9),"",RANK($Q9,$Q$7:$Q$306)) -> 34 | S9: =IF(ISNA(MATCH($R9+1,$R$7:$R$306,0)),IF($R9=MAX($A$7:$A$306),$R9,-1),$R9) -> -1 | T9: =$A9 -> 8 | U9: =IF(N('Final Round'!$J$14)>0,IF(ISBLANK($A9),"",IF($N9>5,$N9,VLOOKUP($A9,'Final Round'!$A$14:$K$18,COLUMN('Final Round'!$J$1),FALSE))),"") -> 34 | V9: =IF(ISNUMBER($U9),$U9,$R9) -> 34 | W9: =IF(ISBLANK($A9),"",($V$6-$V9)*$W$6+$W$6-$A9) -> 370 | X9: =IF(ISBLANK($A9),"",RANK($W9,$W$7:$W$306)) -> 35 | Y9: =$A9 -> 8 | Z9: =IF($U9="",$N9,$U9) -> 34 | AA9: =IF($U9<6,INDEX($AA$1:$AA$5,$Z9)*$Z$2,0) -> 0 | AB9: =IF(ISBLANK($A9),"",5+4*(I9+IF(AA9=0,0,VLOOKUP($A9,'Final Round'!$A$14:$K$18,COLUMN('Final Round'!$G$1),FALSE)))+8*(H9+IF(AA9=0,0,IF(VLOOKUP($A9,'Final Round'!$A$14:$K$18,COLUMN('Final Round'!$J$1),FALSE)=1,1,0)))+$AA9) -> 5
A10: 6 | B10: Antti | C10: Penttilä | E10: 106 | F10: =IF(ISBLANK($A10),"",SUM(IF(ISNA(IF(VLOOKUP($A10,'Round 1'!$A$7:$J$306,COLUMN('Round 1'!$H$7),FALSE),1,NA())),0,1),IF(ISNA(IF(VLOOKUP($A10,'Round 2'!$A$7:$J$306,COLUMN('Round 1'!$H$7),FALSE),1,NA())),0,1),IF(ISNA(IF(VLOOKUP($A10,'Round 3'!$A$7:$J$306,COLUMN('Round 1'!$H$7),FALSE),1,NA())),0,1),IF(ISNA(IF(VLOOKUP($A10,'Final Round'!$A$14:$K$18,1,FALSE),1,NA())),0,1))) -> 3 | H10: =IF(ISBLANK($A10),"",IF(ISERROR(VLOOKUP($A10,'Round 1'!$A$7:$I$306,COLUMN('Round 1'!$G$7),FALSE)),0,VLOOKUP($A10,'Round 1'!$A$7:$I$306,COLUMN('Round 1'!$G$7),FALSE))+IF(ISERROR(VLOOKUP($A10,'Round 2'!$A$7:$I$306,COLUMN('Round 2'!$G$7),FALSE)),0,VLOOKUP($A10,'Round 2'!$A$7:$I$306,COLUMN('Round 2'!$G$7),FALSE))+IF(ISERROR(VLOOKUP($A10,'Round 3'!$A$7:$I$306,COLUMN('Round 3'!$G$7),FALSE)),0,VLOOKUP($A10,'Round 3'!$A$7:$I$306,COLUMN('Round 3'!$G$7),FALSE))) -> 1 | I10: =IF(ISBLANK($A10),"",IF(ISERROR(VLOOKUP($A10,'Round 1'!$A$7:$I$306,COLUMN('Round 1'!$F$7),FALSE)),0,VLOOKUP($A10,'Round 1'!$A$7:$I$306,COLUMN('Round 1'!$F$7),FALSE))+IF(ISERROR(VLOOKUP($A10,'Round 2'!$A$7:$I$306,COLUMN('Round 2'!$F$7),FALSE)),0,VLOOKUP($A10,'Round 2'!$A$7:$I$306,COLUMN('Round 2'!$F$7),FALSE))+IF(ISERROR(VLOOKUP($A10,'Round 3'!$A$7:$I$306,COLUMN('Round 3'!$F$7),FALSE)),0,VLOOKUP($A10,'Round 3'!$A$7:$I$306,COLUMN('Round 3'!$F$7),FALSE))) -> 5.5 | J10: =IF(ISBLANK($A10),"",IF(ISERROR(VLOOKUP($A10,'Round 1'!$A$7:$I$306,COLUMN('Round 1'!$H$7),FALSE)),0,VLOOKUP($A10,'Round 1'!$A$7:$I$306,COLUMN('Round 1'!$H$7),FALSE))+IF(ISERROR(VLOOKUP($A10,'Round 2'!$A$7:$I$306,COLUMN('Round 2'!$H$7),FALSE)),0,VLOOKUP($A10,'Round 2'!$A$7:$I$306,COLUMN('Round 2'!$H$7),FALSE))+IF(ISERROR(VLOOKUP($A10,'Round 3'!$A$7:$I$306,COLUMN('Round 3'!$H$7),FALSE)),0,VLOOKUP($A10,'Round 3'!$A$7:$I$306,COLUMN('Round 3'!$H$7),FALSE))) -> 162 | K10: =IF(ISBLANK(A10),"",RANK(P10,$P$7:$P$306)) -> 6 | L10: =IF(ISBLANK($G10),IF($K10>5,"",IF(AND(ISNA(MATCH(K10+1,$K$7:$K$306,0)),$K10<$A$4),"TIE","")),"DQ") | N10: =IF(ISBLANK($G10),$R10,"DQ") -> 6 | O10: =IF(ISBLANK(A10),"",$H10*$O$6+$I10) -> 15 | P10: =IF(ISBLANK(A10),"",$O10*10*$P$6+$J10) -> 25512 | Q10: =IF(ISBLANK($G10),IF(ISBLANK($A10),-10,$P10*$Q$6+IF($M10>0,$Q$6-1-$M10,0)),-1) -> 76536 | R10: =IF(ISBLANK($A10),"",RANK($Q10,$Q$7:$Q$306)) -> 6 | S10: =IF(ISNA(MATCH($R10+1,$R$7:$R$306,0)),IF($R10=MAX($A$7:$A$306),$R10,-1),$R10) -> 6 | T10: =$A10 -> 6 | U10: =IF(N('Final Round'!$J$14)>0,IF(ISBLANK($A10),"",IF($N10>5,$N10,VLOOKUP($A10,'Final Round'!$A$14:$K$18,COLUMN('Final Round'!$J$1),FALSE))),"") -> 6 | V10: =IF(ISNUMBER($U10),$U10,$R10) -> 6 | W10: =IF(ISBLANK($A10),"",($V$6-$V10)*$W$6+$W$6-$A10) -> 1548 | X10: =IF(ISBLANK($A10),"",RANK($W10,$W$7:$W$306)) -> 6 | Y10: =$A10 -> 6 | Z10: =IF($U10="",$N10,$U10) -> 6 | AA10: =IF($U10<6,INDEX($AA$1:$AA$5,$Z10)*$Z$2,0) -> 0 | AB10: =IF(ISBLANK($A10),"",5+4*(I10+IF(AA10=0,0,VLOOKUP($A10,'Final Round'!$A$14:$K$18,COLUMN('Final Round'!$G$1),FALSE)))+8*(H10+IF(AA10=0,0,IF(VLOOKUP($A10,'Final Round'!$A$14:$K$18,COLUMN('Final Round'!$J$1),FALSE)=1,1,0)))+$AA10) -> 35
A11: 7 | B11: Antti | C11: Kauhanen | E11: 134 | F11: =IF(ISBLANK($A11),"",SUM(IF(ISNA(IF(VLOOKUP($A11,'Round 1'!$A$7:$J$306,COLUMN('Round 1'!$H$7),FALSE),1,NA())),0,1),IF(ISNA(IF(VLOOKUP($A11,'Round 2'!$A$7:$J$306,COLUMN('Round 1'!$H$7),FALSE),1,NA())),0,1),IF(ISNA(IF(VLOOKUP($A11,'Round 3'!$A$7:$J$306,COLUMN('Round 1'!$H$7),FALSE),1,NA())),0,1),IF(ISNA(IF(VLOOKUP($A11,'Final Round'!$A$14:$K$18,1,FALSE),1,NA())),0,1))) -> 3 | H11: =IF(ISBLANK($A11),"",IF(ISERROR(VLOOKUP($A11,'Round 1'!$A$7:$I$306,COLUMN('Round 1'!$G$7),FALSE)),0,VLOOKUP($A11,'Round 1'!$A$7:$I$306,COLUMN('Round 1'!$G$7),FALSE))+IF(ISERROR(VLOOKUP($A11,'Round 2'!$A$7:$I$306,COLUMN('Round 2'!$G$7),FALSE)),0,VLOOKUP($A11,'Round 2'!$A$7:$I$306,COLUMN('Round 2'!$G$7),FALSE))+IF(ISERROR(VLOOKUP($A11,'Round 3'!$A$7:$I$306,COLUMN('Round 3'!$G$7),FALSE)),0,VLOOKUP($A11,'Round 3'!$A$7:$I$306,COLUMN('Round 3'!$G$7),FALSE))) -> 0 | I11: =IF(ISBLANK($A11),"",IF(ISERROR(VLOOKUP($A11,'Round 1'!$A$7:$I$306,COLUMN('Round 1'!$F$7),FALSE)),0,VLOOKUP($A11,'Round 1'!$A$7:$I$306,COLUMN('Round 1'!$F$7),FALSE))+IF(ISERROR(VLOOKUP($A11,'Round 2'!$A$7:$I$306,COLUMN('Round 2'!$F$7),FALSE)),0,VLOOKUP($A11,'Round 2'!$A$7:$I$306,COLUMN('Round 2'!$F$7),FALSE))+IF(ISERROR(VLOOKUP($A11,'Round 3'!$A$7:$I$306,COLUMN('Round 3'!$F$7),FALSE)),0,VLOOKUP($A11,'Round 3'!$A$7:$I$306,COLUMN('Round 3'!$F$7),FALSE))) -> 0 | J11: =IF(ISBLANK($A11),"",IF(ISERROR(VLOOKUP($A11,'Round 1'!$A$7:$I$306,COLUMN('Round 1'!$H$7),FALSE)),0,VLOOKUP($A11,'Round 1'!$A$7:$I$306,COLUMN('Round 1'!$H$7),FALSE))+IF(ISERROR(VLOOKUP($A11,'Round 2'!$A$7:$I$306,COLUMN('Round 2'!$H$7),FALSE)),0,VLOOKUP($A11,'Round 2'!$A$7:$I$306,COLUMN('Round 2'!$H$7),FALSE))+IF(ISERROR(VLOOKUP($A11,'Round 3'!$A$7:$I$306,COLUMN('Round 3'!$H$7),FALSE)),0,VLOOKUP($A11,'Round 3'!$A$7:$I$306,COLUMN('Round 3'!$H$7),FALSE))) -> 66 | K11: =IF(ISBLANK(A11),"",RANK(P11,$P$7:$P$306)) -> 34 | L11: =IF(ISBLANK($G11),IF($K11>5,"",IF(AND(ISNA(MATCH(K11+1,$K$7:$K$306,0)),$K11<$A$4),"TIE","")),"DQ") | N11: =IF(ISBLANK($G11),$R11,"DQ") -> 34 | O11: =IF(ISBLANK(A11),"",$H11*$O$6+$I11) -> 0 | P11: =IF(ISBLANK(A11),"",$O11*10*$P$6+$J11) -> 66 | Q11: =IF(ISBLANK($G11),IF(ISBLANK($A11),-10,$P11*$Q$6+IF($M11>0,$Q$6-1-$M11,0)),-1) -> 198 | R11: =IF(ISBLANK($A11),"",RANK($Q11,$Q$7:$Q$306)) -> 34 | S11: =IF(ISNA(MATCH($R11+1,$R$7:$R$306,0)),IF($R11=MAX($A$7:$A$306),$R11,-1),$R11) -> -1 | T11: =$A11 -> 7 | U11: =IF(N('Final Round'!$J$14)>0,IF(ISBLANK($A11),"",IF($N11>5,$N11,VLOOKUP($A11,'Final Round'!$A$14:$K$18,COLUMN('Final Round'!$J$1),FALSE))),"") -> 34 | V11: =IF(ISNUMBER($U11),$U11,$R11) -> 34 | W11: =IF(ISBLANK($A11),"",($V$6-$V11)*$W$6+$W$6-$A11) -> 371 | X11: =IF(ISBLANK($A11),"",RANK($W11,$W$7:$W$306)) -> 34 | Y11: =$A11 -> 7 | Z11: =IF($U11="",$N11,$U11) -> 34 | AA11: =IF($U11<6,INDEX($AA$1:$AA$5,$Z11)*$Z$2,0) -> 0 | AB11: =IF(ISBLANK($A11),"",5+4*(I11+IF(AA11=0,0,VLOOKUP($A11,'Final Round'!$A$14:$K$18,COLUMN('Final Round'!$G$1),FALSE)))+8*(H11+IF(AA11=0,0,IF(VLOOKUP($A11,'Final Round'!$A$14:$K$18,COLUMN('Final Round'!$J$1),FALSE)=1,1,0)))+$AA11) -> 5
A12: 2 | B12: Christian | C12: Nislev | E12: 131 | F12: =IF(ISBLANK($A12),"",SUM(IF(ISNA(IF(VLOOKUP($A12,'Round 1'!$A$7:$J$306,COLUMN('Round 1'!$H$7),FALSE),1,NA())),0,1),IF(ISNA(IF(VLOOKUP($A12,'Round 2'!$A$7:$J$306,COLUMN('Round 1'!$H$7),FALSE),1,NA())),0,1),IF(ISNA(IF(VLOOKUP($A12,'Round 3'!$A$7:$J$306,COLUMN('Round 1'!$H$7),FALSE),1,NA())),0,1),IF(ISNA(IF(VLOOKUP($A12,'Final Round'!$A$14:$K$18,1,FALSE),1,NA())),0,1))) -> 3 | H12: =IF(ISBLANK($A12),"",IF(ISERROR(VLOOKUP($A12,'Round 1'!$A$7:$I$306,COLUMN('Round 1'!$G$7),FALSE)),0,VLOOKUP($A12,'Round 1'!$A$7:$I$306,COLUMN('Round 1'!$G$7),FALSE))+IF(ISERROR(VLOOKUP($A12,'Round 2'!$A$7:$I$306,COLUMN('Round 2'!$G$7),FALSE)),0,VLOOKUP($A12,'Round 2'!$A$7:$I$306,COLUMN('Round 2'!$G$7),FALSE))+IF(ISERROR(VLOOKUP($A12,'Round 3'!$A$7:$I$306,COLUMN('Round 3'!$G$7),FALSE)),0,VLOOKUP($A12,'Round 3'!$A$7:$I$306,COLUMN('Round 3'!$G$7),FALSE))) -> 0 | I12: =IF(ISBLANK($A12),"",IF(ISERROR(VLOOKUP($A12,'Round 1'!$A$7:$I$306,COLUMN('Round 1'!$F$7),FALSE)),0,VLOOKUP($A12,'Round 1'!$A$7:$I$306,COLUMN('Round 1'!$F$7),FALSE))+IF(ISERROR(VLOOKUP($A12,'Round 2'!$A$7:$I$306,COLUMN('Round 2'!$F$7),FALSE)),0,VLOOKUP($A12,'Round 2'!$A$7:$I$306,COLUMN('Round 2'!$F$7),FALSE))+IF(ISERROR(VLOOKUP($A12,'Round 3'!$A$7:$I$306,COLUMN('Round 3'!$F$7),FALSE)),0,VLOOKUP($A12,'Round 3'!$A$7:$I$306,COLUMN('Round 3'!$F$7),FALSE))) -> 0.5 | J12: =IF(ISBLANK($A12),"",IF(ISERROR(VLOOKUP($A12,'Round 1'!$A$7:$I$306,COLUMN('Round 1'!$H$7),FALSE)),0,VLOOKUP($A12,'Round 1'!$A$7:$I$306,COLUMN('Round 1'!$H$7),FALSE))+IF(ISERROR(VLOOKUP($A12,'Round 2'!$A$7:$I$306,COLUMN('Round 2'!$H$7),FALSE)),0,VLOOKUP($A12,'Round 2'!$A$7:$I$306,COLUMN('Round 2'!$H$7),FALSE))+IF(ISERROR(VLOOKUP($A12,'Round 3'!$A$7:$I$306,COLUMN('Round 3'!$H$7),FALSE)),0,VLOOKUP($A12,'Round 3'!$A$7:$I$306,COLUMN('Round 3'!$H$7),FALSE))) -> 72 | K12: =IF(ISBLANK(A12),"",RANK(P12,$P$7:$P$306)) -> 31 | L12: =IF(ISBLANK($G12),IF($K12>5,"",IF(AND(ISNA(MATCH(K12+1,$K$7:$K$306,0)),$K12<$A$4),"TIE","")),"DQ") | N12: =IF(ISBLANK($G12),$R12,"DQ") -> 31 | O12: =IF(ISBLANK(A12),"",$H12*$O$6+$I12) -> 0.5 | P12: =IF(ISBLANK(A12),"",$O12*10*$P$6+$J12) -> 917 | Q12: =IF(ISBLANK($G12),IF(ISBLANK($A12),-10,$P12*$Q$6+IF($M12>0,$Q$6-1-$M12,0)),-1) -> 2751 | R12: =IF(ISBLANK($A12),"",RANK($Q12,$Q$7:$Q$306)) -> 31 | S12: =IF(ISNA(MATCH($R12+1,$R$7:$R$306,0)),IF($R12=MAX($A$7:$A$306),$R12,-1),$R12) -> 31 | T12: =$A12 -> 2 | U12: =IF(N('Final Round'!$J$14)>0,IF(ISBLANK($A12),"",IF($N12>5,$N12,VLOOKUP($A12,'Final Round'!$A$14:$K$18,COLUMN('Final Round'!$J$1),FALSE))),"") -> 31 | V12: =IF(ISNUMBER($U12),$U12,$R12) -> 31 | W12: =IF(ISBLANK($A12),"",($V$6-$V12)*$W$6+$W$6-$A12) -> 502 | X12: =IF(ISBLANK($A12),"",RANK($W12,$W$7:$W$306)) -> 31 | Y12: =$A12 -> 2 | Z12: =IF($U12="",$N12,$U12) -> 31 | AA12: =IF($U12<6,INDEX($AA$1:$AA$5,$Z12)*$Z$2,0) -> 0 | AB12: =IF(ISBLANK($A12),"",5+4*(I12+IF(AA12=0,0,VLOOKUP($A12,'Final Round'!$A$14:$K$18,COLUMN('Final Round'!$G$1),FALSE)))+8*(H12+IF(AA12=0,0,IF(VLOOKUP($A12,'Final Round'!$A$14:$K$18,COLUMN('Final Round'!$J$1),FALSE)=1,1,0)))+$AA12) -> 7
A13: 26 | B13: Erik | C13: Wallgren | E13: 104 | F13: =IF(ISBLANK($A13),"",SUM(IF(ISNA(IF(VLOOKUP($A13,'Round 1'!$A$7:$J$306,COLUMN('Round 1'!$H$7),FALSE),1,NA())),0,1),IF(ISNA(IF(VLOOKUP($A13,'Round 2'!$A$7:$J$306,COLUMN('Round 1'!$H$7),FALSE),1,NA())),0,1),IF(ISNA(IF(VLOOKUP($A13,'Round 3'!$A$7:$J$306,COLUMN('Round 1'!$H$7),FALSE),1,NA())),0,1),IF(ISNA(IF(VLOOKUP($A13,'Final Round'!$A$14:$K$18,1,FALSE),1,NA())),0,1))) -> 4 | H13: =IF(ISBLANK($A13),"",IF(ISERROR(VLOOKUP($A13,'Round 1'!$A$7:$I$306,COLUMN('Round 1'!$G$7),FALSE)),0,VLOOKUP($A13,'Round 1'!$A$7:$I$306,COLUMN('Round 1'!$G$7),FALSE))+IF(ISERROR(VLOOKUP($A13,'Round 2'!$A$7:$I$306,COLUMN('Round 2'!$G$7),FALSE)),0,VLOOKUP($A13,'Round 2'!$A$7:$I$306,COLUMN('Round 2'!$G$7),FALSE))+IF(ISERROR(VLOOKUP($A13,'Round 3'!$A$7:$I$306,COLUMN('Round 3'!$G$7),FALSE)),0,VLOOKUP($A13,'Round 3'!$A$7:$I$306,COLUMN('Round 3'!$G$7),FALSE))) -> 1 | I13: =IF(ISBLANK($A13),"",IF(ISERROR(VLOOKUP($A13,'Round 1'!$A$7:$I$306,COLUMN('Round 1'!$F$7),FALSE)),0,VLOOKUP($A13,'Round 1'!$A$7:$I$306,COLUMN('Round 1'!$F$7),FALSE))+IF(ISERROR(VLOOKUP($A13,'Round 2'!$A$7:$I$306,COLUMN('Round 2'!$F$7),FALSE)),0,VLOOKUP($A13,'Round 2'!$A$7:$I$306,COLUMN('Round 2'!$F$7),FALSE))+IF(ISERROR(VLOOKUP($A13,'Round 3'!$A$7:$I$306,COLUMN('Round 3'!$F$7),FALSE)),0,VLOOKUP($A13,'Round 3'!$A$7:$I$306,COLUMN('Round 3'!$F$7),FALSE))) -> 6 | J13: =IF(ISBLANK($A13),"",IF(ISERROR(VLOOKUP($A13,'Round 1'!$A$7:$I$306,COLUMN('Round 1'!$H$7),FALSE)),0,VLOOKUP($A13,'Round 1'!$A$7:$I$306,COLUMN('Round 1'!$H$7),FALSE))+IF(ISERROR(VLOOKUP($A13,'Round 2'!$A$7:$I$306,COLUMN('Round 2'!$H$7),FALSE)),0,VLOOKUP($A13,'Round 2'!$A$7:$I$306,COLUMN('Round 2'!$H$7),FALSE))+IF(ISERROR(VLOOKUP($A13,'Round 3'!$A$7:$I$306,COLUMN('Round 3'!$H$7),FALSE)),0,VLOOKUP($A13,'Round 3'!$A$7:$I$306,COLUMN('Round 3'!$H$7),FALSE))) -> 156 | K13: =IF(ISBLANK(A13),"",RANK(P13,$P$7:$P$306)) -> 5 | L13: =IF(ISBLANK($G13),IF($K13>5,"",IF(AND(ISNA(MATCH(K13+1,$K$7:$K$306,0)),$K13<$A$4),"TIE","")),"DQ") | N13: =IF(ISBLANK($G13),$R13,"DQ") -> 5 | O13: =IF(ISBLANK(A13),"",$H13*$O$6+$I13) -> 15.5 | P13: =IF(ISBLANK(A13),"",$O13*10*$P$6+$J13) -> 26351 | Q13: =IF(ISBLANK($G13),IF(ISBLANK($A13),-10,$P13*$Q$6+IF($M13>0,$Q$6-1-$M13,0)),-1) -> 79053 | R13: =IF(ISBLANK($A13),"",RANK($Q13,$Q$7:$Q$306)) -> 5 | S13: =IF(ISNA(MATCH($R13+1,$R$7:$R$306,0)),IF($R13=MAX($A$7:$A$306),$R13,-1),$R13) -> 5 | T13: =$A13 -> 26 | U13: =IF(N('Final Round'!$J$14)>0,IF(ISBLANK($A13),"",IF($N13>5,$N13,VLOOKUP($A13,'Final Round'!$A$14:$K$18,COLUMN('Final Round'!$J$1),FALSE))),"") -> 2 | V13: =IF(ISNUMBER($U13),$U13,$R13) -> 2 | W13: =IF(ISBLANK($A13),"",($V$6-$V13)*$W$6+$W$6-$A13) -> 1696 | X13: =IF(ISBLANK($A13),"",RANK($W13,$W$7:$W$306)) -> 4 | Y13: =$A13 -> 26 | Z13: =IF($U13="",$N13,$U13) -> 2 | AA13: =IF($U13<6,INDEX($AA$1:$AA$5,$Z13)*$Z$2,0) -> 59.778506 | AB13: =IF(ISBLANK($A13),"",5+4*(I13+IF(AA13=0,0,VLOOKUP($A13,'Final Round'!$A$14:$K$18,COLUMN('Final Round'!$G$1),FALSE)))+8*(H13+IF(AA13=0,0,IF(VLOOKUP($A13,'Final Round'!$A$14:$K$18,COLUMN('Final Round'!$J$1),FALSE)=1,1,0)))+$AA13) -> 96.778506
A14: 39 | B14: Jani | C14: Malmi | E14: 126 | F14: =IF(ISBLANK($A14),"",SUM(IF(ISNA(IF(VLOOKUP($A14,'Round 1'!$A$7:$J$306,COLUMN('Round 1'!$H$7),FALSE),1,NA())),0,1),IF(ISNA(IF(VLOOKUP($A14,'Round 2'!$A$7:$J$306,COLUMN('Round 1'!$H$7),FALSE),1,NA())),0,1),IF(ISNA(IF(VLOOKUP($A14,'Round 3'!$A$7:$J$306,COLUMN('Round 1'!$H$7),FALSE),1,NA())),0,1),IF(ISNA(IF(VLOOKUP($A14,'Final Round'!$A$14:$K$18,1,FALSE),1,NA())),0,1))) -> 3 | H14: =IF(ISBLANK($A14),"",IF(ISERROR(VLOOKUP($A14,'Round 1'!$A$7:$I$306,COLUMN('Round 1'!$G$7),FALSE)),0,VLOOKUP($A14,'Round 1'!$A$7:$I$306,COLUMN('Round 1'!$G$7),FALSE))+IF(ISERROR(VLOOKUP($A14,'Round 2'!$A$7:$I$306,COLUMN('Round 2'!$G$7),FALSE)),0,VLOOKUP($A14,'Round 2'!$A$7:$I$306,COLUMN('Round 2'!$G$7),FALSE))+IF(ISERROR(VLOOKUP($A14,'Round 3'!$A$7:$I$306,COLUMN('Round 3'!$G$7),FALSE)),0,VLOOKUP($A14,'Round 3'!$A$7:$I$306,COLUMN('Round 3'!$G$7),FALSE))) -> 0 | I14: =IF(ISBLANK($A14),"",IF(ISERROR(VLOOKUP($A14,'Round 1'!$A$7:$I$306,COLUMN('Round 1'!$F$7),FALSE)),0,VLOOKUP($A14,'Round 1'!$A$7:$I$306,COLUMN('Round 1'!$F$7),FALSE))+IF(ISERROR(VLOOKUP($A14,'Round 2'!$A$7:$I$306,COLUMN('Round 2'!$F$7),FALSE)),0,VLOOKUP($A14,'Round 2'!$A$7:$I$306,COLUMN('Round 2'!$F$7),FALSE))+IF(ISERROR(VLOOKUP($A14,'Round 3'!$A$7:$I$306,COLUMN('Round 3'!$F$7),FALSE)),0,VLOOKUP($A14,'Round 3'!$A$7:$I$306,COLUMN('Round 3'!$F$7),FALSE))) -> 1.5 | J14: =IF(ISBLANK($A14),"",IF(ISERROR(VLOOKUP($A14,'Round 1'!$A$7:$I$306,COLUMN('Round 1'!$H$7),FALSE)),0,VLOOKUP($A14,'Round 1'!$A$7:$I$306,COLUMN('Round 1'!$H$7),FALSE))+IF(ISERROR(VLOOKUP($A14,'Round 2'!$A$7:$I$306,COLUMN('Round 2'!$H$7),FALSE)),0,VLOOKUP($A14,'Round 2'!$A$7:$I$306,COLUMN('Round 2'!$H$7),FALSE))+IF(ISERROR(VLOOKUP($A14,'Round 3'!$A$7:$I$306,COLUMN('Round 3'!$H$7),FALSE)),0,VLOOKUP($A14,'Round 3'!$A$7:$I$306,COLUMN('Round 3'!$H$7),FALSE))) -> 90 | K14: =IF(ISBLANK(A14),"",RANK(P14,$P$7:$P$306)) -> 26 | L14: =IF(ISBLANK($G14),IF($K14>5,"",IF(AND(ISNA(MATCH(K14+1,$K$7:$K$306,0)),$K14<$A$4),"TIE","")),"DQ") | N14: =IF(ISBLANK($G14),$R14,"DQ") -> 26 | O14: =IF(ISBLANK(A14),"",$H14*$O$6+$I14) -> 1.5 | P14: =IF(ISBLANK(A14),"",$O14*10*$P$6+$J14) -> 2625 | Q14: =IF(ISBLANK($G14),IF(ISBLANK($A14),-10,$P14*$Q$6+IF($M14>0,$Q$6-1-$M14,0)),-1) -> 7875 | R14: =IF(ISBLANK($A14),"",RANK($Q14,$Q$7:$Q$306)) -> 26 | S14: =IF(ISNA(MATCH($R14+1,$R$7:$R$306,0)),IF($R14=MAX($A$7:$A$306),$R14,-1),$R14) -> 26 | T14: =$A14 -> 39 | U14: =IF(N('Final Round'!$J$14)>0,IF(ISBLANK($A14),"",IF($N14>5,$N14,VLOOKUP($A14,'Final Round'!$A$14:$K$18,COLUMN('Final Round'!$J$1),FALSE))),"") -> 26 | V14: =IF(ISNUMBER($U14),$U14,$R14) -> 26 | W14: =IF(ISBLANK($A14),"",($V$6-$V14)*$W$6+$W$6-$A14) -> 675 | X14: =IF(ISBLANK($A14),"",RANK($W14,$W$7:$W$306)) -> 26 | Y14: =$A14 -> 39 | Z14: =IF($U14="",$N14,$U14) -> 26 | AA14: =IF($U14<6,INDEX($AA$1:$AA$5,$Z14)*$Z$2,0) -> 0 | AB14: =IF(ISBLANK($A14),"",5+4*(I14+IF(AA14=0,0,VLOOKUP($A14,'Final Round'!$A$14:$K$18,COLUMN('Final Round'!$G$1),FALSE)))+8*(H14+IF(AA14=0,0,IF(VLOOKUP($A14,'Final Round'!$A$14:$K$18,COLUMN('Final Round'!$J$1),FALSE)=1,1,0)))+$AA14) -> 11
A15: 10 | B15: Janne | C15: Lönnqvist | E15: 111 | F15: =IF(ISBLANK($A15),"",SUM(IF(ISNA(IF(VLOOKUP($A15,'Round 1'!$A$7:$J$306,COLUMN('Round 1'!$H$7),FALSE),1,NA())),0,1),IF(ISNA(IF(VLOOKUP($A15,'Round 2'!$A$7:$J$306,COLUMN('Round 1'!$H$7),FALSE),1,NA())),0,1),IF(ISNA(IF(VLOOKUP($A15,'Round 3'!$A$7:$J$306,COLUMN('Round 1'!$H$7),FALSE),1,NA())),0,1),IF(ISNA(IF(VLOOKUP($A15,'Final Round'!$A$14:$K$18,1,FALSE),1,NA())),0,1))) -> 3 | H15: =IF(ISBLANK($A15),"",IF(ISERROR(VLOOKUP($A15,'Round 1'!$A$7:$I$306,COLUMN('Round 1'!$G$7),FALSE)),0,VLOOKUP($A15,'Round 1'!$A$7:$I$306,COLUMN('Round 1'!$G$7),FALSE))+IF(ISERROR(VLOOKUP($A15,'Round 2'!$A$7:$I$306,COLUMN('Round 2'!$G$7),FALSE)),0,VLOOKUP($A15,'Round 2'!$A$7:$I$306,COLUMN('Round 2'!$G$7),FALSE))+IF(ISERROR(VLOOKUP($A15,'Round 3'!$A$7:$I$306,COLUMN('Round 3'!$G$7),FALSE)),0,VLOOKUP($A15,'Round 3'!$A$7:$I$306,COLUMN('Round 3'!$G$7),FALSE))) -> 1 | I15: =IF(ISBLANK($A15),"",IF(ISERROR(VLOOKUP($A15,'Round 1'!$A$7:$I$306,COLUMN('Round 1'!$F$7),FALSE)),0,VLOOKUP($A15,'Round 1'!$A$7:$I$306,COLUMN('Round 1'!$F$7),FALSE))+IF(ISERROR(VLOOKUP($A15,'Round 2'!$A$7:$I$306,COLUMN('Round 2'!$F$7),FALSE)),0,VLOOKUP($A15,'Round 2'!$A$7:$I$306,COLUMN('Round 2'!$F$7),FALSE))+IF(ISERROR(VLOOKUP($A15,'Round 3'!$A$7:$I$306,COLUMN('Round 3'!$F$7),FALSE)),0,VLOOKUP($A15,'Round 3'!$A$7:$I$306,COLUMN('Round 3'!$F$7),FALSE))) -> 4.5 | J15: =IF(ISBLANK($A15),"",IF(ISERROR(VLOOKUP($A15,'Round 1'!$A$7:$I$306,COLUMN('Round 1'!$H$7),FALSE)),0,VLOOKUP($A15,'Round 1'!$A$7:$I$306,COLUMN('Round 1'!$H$7),FALSE))+IF(ISERROR(VLOOKUP($A15,'Round 2'!$A$7:$I$306,COLUMN('Round 2'!$H$7),FALSE)),0,VLOOKUP($A15,'Round 2'!$A$7:$I$306,COLUMN('Round 2'!$H$7),FALSE))+IF(ISERROR(VLOOKUP($A15,'Round 3'!$A$7:$I$306,COLUMN('Round 3'!$H$7),FALSE)),0,VLOOKUP($A15,'Round 3'!$A$7:$I$306,COLUMN('Round 3'!$H$7),FALSE))) -> 120 | K15: =IF(ISBLANK(A15),"",RANK(P15,$P$7:$P$306)) -> 11 | L15: =IF(ISBLANK($G15),IF($K15>5,"",IF(AND(ISNA(MATCH(K15+1,$K$7:$K$306,0)),$K15<$A$4),"TIE","")),"DQ") | N15: =IF(ISBLANK($G15),$R15,"DQ") -> 11 | O15: =IF(ISBLANK(A15),"",$H15*$O$6+$I15) -> 14 | P15: =IF(ISBLANK(A15),"",$O15*10*$P$6+$J15) -> 23780 | Q15: =IF(ISBLANK($G15),IF(ISBLANK($A15),-10,$P15*$Q$6+IF($M15>0,$Q$6-1-$M15,0)),-1) -> 71340 | R15: =IF(ISBLANK($A15),"",RANK($Q15,$Q$7:$Q$306)) -> 11 | S15: =IF(ISNA(MATCH($R15+1,$R$7:$R$306,0)),IF($R15=MAX($A$7:$A$306),$R15,-1),$R15) -> 11 | T15: =$A15 -> 10 | U15: =IF(N('Final Round'!$J$14)>0,IF(ISBLANK($A15),"",IF($N15>5,$N15,VLOOKUP($A15,'Final Round'!$A$14:$K$18,COLUMN('Final Round'!$J$1),FALSE))),"") -> 11 | V15: =IF(ISNUMBER($U15),$U15,$R15) -> 11 | W15: =IF(ISBLANK($A15),"",($V$6-$V15)*$W$6+$W$6-$A15) -> 1334 | X15: =IF(ISBLANK($A15),"",RANK($W15,$W$7:$W$306)) -> 11 | Y15: =$A15 -> 10 | Z15: =IF($U15="",$N15,$U15) -> 11 | AA15: =IF($U15<6,INDEX($AA$1:$AA$5,$Z15)*$Z$2,0) -> 0 | AB15: =IF(ISBLANK($A15),"",5+4*(I15+IF(AA15=0,0,VLOOKUP($A15,'Final Round'!$A$14:$K$18,COLUMN('Final Round'!$G$1),FALSE)))+8*(H15+IF(AA15=0,0,IF(VLOOKUP($A15,'Final Round'!$A$14:$K$18,COLUMN('Final Round'!$J$1),FALSE)=1,1,0)))+$AA15) -> 31
A16: 21 | B16: Jere | C16: Laatunen | E16: 140 | F16: =IF(ISBLANK($A16),"",SUM(IF(ISNA(IF(VLOOKUP($A16,'Round 1'!$A$7:$J$306,COLUMN('Round 1'!$H$7),FALSE),1,NA())),0,1),IF(ISNA(IF(VLOOKUP($A16,'Round 2'!$A$7:$J$306,COLUMN('Round 1'!$H$7),FALSE),1,NA())),0,1),IF(ISNA(IF(VLOOKUP($A16,'Round 3'!$A$7:$J$306,COLUMN('Round 1'!$H$7),FALSE),1,NA())),0,1),IF(ISNA(IF(VLOOKUP($A16,'Final Round'!$A$14:$K$18,1,FALSE),1,NA())),0,1))) -> 3 | H16: =IF(ISBLANK($A16),"",IF(ISERROR(VLOOKUP($A16,'Round 1'!$A$7:$I$306,COLUMN('Round 1'!$G$7),FALSE)),0,VLOOKUP($A16,'Round 1'!$A$7:$I$306,COLUMN('Round 1'!$G$7),FALSE))+IF(ISERROR(VLOOKUP($A16,'Round 2'!$A$7:$I$306,COLUMN('Round 2'!$G$7),FALSE)),0,VLOOKUP($A16,'Round 2'!$A$7:$I$306,COLUMN('Round 2'!$G$7),FALSE))+IF(ISERROR(VLOOKUP($A16,'Round 3'!$A$7:$I$306,COLUMN('Round 3'!$G$7),FALSE)),0,VLOOKUP($A16,'Round 3'!$A$7:$I$306,COLUMN('Round 3'!$G$7),FALSE))) -> 0 | I16: =IF(ISBLANK($A16),"",IF(ISERROR(VLOOKUP($A16,'Round 1'!$A$7:$I$306,COLUMN('Round 1'!$F$7),FALSE)),0,VLOOKUP($A16,'Round 1'!$A$7:$I$306,COLUMN('Round 1'!$F$7),FALSE))+IF(ISERROR(VLOOKUP($A16,'Round 2'!$A$7:$I$306,COLUMN('Round 2'!$F$7),FALSE)),0,VLOOKUP($A16,'Round 2'!$A$7:$I$306,COLUMN('Round 2'!$F$7),FALSE))+IF(ISERROR(VLOOKUP($A16,'Round 3'!$A$7:$I$306,COLUMN('Round 3'!$F$7),FALSE)),0,VLOOKUP($A16,'Round 3'!$A$7:$I$306,COLUMN('Round 3'!$F$7),FALSE))) -> 0 | J16: =IF(ISBLANK($A16),"",IF(ISERROR(VLOOKUP($A16,'Round 1'!$A$7:$I$306,COLUMN('Round 1'!$H$7),FALSE)),0,VLOOKUP($A16,'Round 1'!$A$7:$I$306,COLUMN('Round 1'!$H$7),FALSE))+IF(ISERROR(VLOOKUP($A16,'Round 2'!$A$7:$I$306,COLUMN('Round 2'!$H$7),FALSE)),0,VLOOKUP($A16,'Round 2'!$A$7:$I$306,COLUMN('Round 2'!$H$7),FALSE))+IF(ISERROR(VLOOKUP($A16,'Round 3'!$A$7:$I$306,COLUMN('Round 3'!$H$7),FALSE)),0,VLOOKUP($A16,'Round 3'!$A$7:$I$306,COLUMN('Round 3'!$H$7),FALSE))) -> 60 | K16: =IF(ISBLANK(A16),"",RANK(P16,$P$7:$P$306)) -> 38 | L16: =IF(ISBLANK($G16),IF($K16>5,"",IF(AND(ISNA(MATCH(K16+1,$K$7:$K$306,0)),$K16<$A$4),"TIE","")),"DQ") | N16: =IF(ISBLANK($G16),$R16,"DQ") -> 38 | O16: =IF(ISBLANK(A16),"",$H16*$O$6+$I16) -> 0 | P16: =IF(ISBLANK(A16),"",$O16*10*$P$6+$J16) -> 60 | Q16: =IF(ISBLANK($G16),IF(ISBLANK($A16),-10,$P16*$Q$6+IF($M16>0,$Q$6-1-$M16,0)),-1) -> 180 | R16: =IF(ISBLANK($A16),"",RANK($Q16,$Q$7:$Q$306)) -> 38 | S16: =IF(ISNA(MATCH($R16+1,$R$7:$R$306,0)),IF($R16=MAX($A$7:$A$306),$R16,-1),$R16) -> -1 | T16: =$A16 -> 21 | U16: =IF(N('Final Round'!$J$14)>0,IF(ISBLANK($A16),"",IF($N16>5,$N16,VLOOKUP($A16,'Final Round'!$A$14:$K$18,COLUMN('Final Round'!$J$1),FALSE))),"") -> 38 | V16: =IF(ISNUMBER($U16),$U16,$R16) -> 38 | W16: =IF(ISBLANK($A16),"",($V$6-$V16)*$W$6+$W$6-$A16) -> 189 | X16: =IF(ISBLANK($A16),"",RANK($W16,$W$7:$W$306)) -> 40 | Y16: =$A16 -> 21 | Z16: =IF($U16="",$N16,$U16) -> 38 | AA16: =IF($U16<6,INDEX($AA$1:$AA$5,$Z16)*$Z$2,0) -> 0 | AB16: =IF(ISBLANK($A16),"",5+4*(I16+IF(AA16=0,0,VLOOKUP($A16,'Final Round'!$A$14:$K$18,COLUMN('Final Round'!$G$1),FALSE)))+8*(H16+IF(AA16=0,0,IF(VLOOKUP($A16,'Final Round'!$A$14:$K$18,COLUMN('Final Round'!$J$1),FALSE)=1,1,0)))+$AA16) -> 5
A17: 19 | B17: Joel | C17: Tikkala | E17: 136 | F17: =IF(ISBLANK($A17),"",SUM(IF(ISNA(IF(VLOOKUP($A17,'Round 1'!$A$7:$J$306,COLUMN('Round 1'!$H$7),FALSE),1,NA())),0,1),IF(ISNA(IF(VLOOKUP($A17,'Round 2'!$A$7:$J$306,COLUMN('Round 1'!$H$7),FALSE),1,NA())),0,1),IF(ISNA(IF(VLOOKUP($A17,'Round 3'!$A$7:$J$306,COLUMN('Round 1'!$H$7),FALSE),1,NA())),0,1),IF(ISNA(IF(VLOOKUP($A17,'Final Round'!$A$14:$K$18,1,FALSE),1,NA())),0,1))) -> 3 | H17: =IF(ISBLANK($A17),"",IF(ISERROR(VLOOKUP($A17,'Round 1'!$A$7:$I$306,COLUMN('Round 1'!$G$7),FALSE)),0,VLOOKUP($A17,'Round 1'!$A$7:$I$306,COLUMN('Round 1'!$G$7),FALSE))+IF(ISERROR(VLOOKUP($A17,'Round 2'!$A$7:$I$306,COLUMN('Round 2'!$G$7),FALSE)),0,VLOOKUP($A17,'Round 2'!$A$7:$I$306,COLUMN('Round 2'!$G$7),FALSE))+IF(ISERROR(VLOOKUP($A17,'Round 3'!$A$7:$I$306,COLUMN('Round 3'!$G$7),FALSE)),0,VLOOKUP($A17,'Round 3'!$A$7:$I$306,COLUMN('Round 3'!$G$7),FALSE))) -> 0 | I17: =IF(ISBLANK($A17),"",IF(ISERROR(VLOOKUP($A17,'Round 1'!$A$7:$I$306,COLUMN('Round 1'!$F$7),FALSE)),0,VLOOKUP($A17,'Round 1'!$A$7:$I$306,COLUMN('Round 1'!$F$7),FALSE))+IF(ISERROR(VLOOKUP($A17,'Round 2'!$A$7:$I$306,COLUMN('Round 2'!$F$7),FALSE)),0,VLOOKUP($A17,'Round 2'!$A$7:$I$306,COLUMN('Round 2'!$F$7),FALSE))+IF(ISERROR(VLOOKUP($A17,'Round 3'!$A$7:$I$306,COLUMN('Round 3'!$F$7),FALSE)),0,VLOOKUP($A17,'Round 3'!$A$7:$I$306,COLUMN('Round 3'!$F$7),FALSE))) -> 0 | J17: =IF(ISBLANK($A17),"",IF(ISERROR(VLOOKUP($A17,'Round 1'!$A$7:$I$306,COLUMN('Round 1'!$H$7),FALSE)),0,VLOOKUP($A17,'Round 1'!$A$7:$I$306,COLUMN('Round 1'!$H$7),FALSE))+IF(ISERROR(VLOOKUP($A17,'Round 2'!$A$7:$I$306,COLUMN('Round 2'!$H$7),FALSE)),0,VLOOKUP($A17,'Round 2'!$A$7:$I$306,COLUMN('Round 2'!$H$7),FALSE))+IF(ISERROR(VLOOKUP($A17,'Round 3'!$A$7:$I$306,COLUMN('Round 3'!$H$7),FALSE)),0,VLOOKUP($A17,'Round 3'!$A$7:$I$306,COLUMN('Round 3'!$H$7),FALSE))) -> 66 | K17: =IF(ISBLANK(A17),"",RANK(P17,$P$7:$P$306)) -> 34 | L17: =IF(ISBLANK($G17),IF($K17>5,"",IF(AND(ISNA(MATCH(K17+1,$K$7:$K$306,0)),$K17<$A$4),"TIE","")),"DQ") | N17: =IF(ISBLANK($G17),$R17,"DQ") -> 34 | O17: =IF(ISBLANK(A17),"",$H17*$O$6+$I17) -> 0 | P17: =IF(ISBLANK(A17),"",$O17*10*$P$6+$J17) -> 66 | Q17: =IF(ISBLANK($G17),IF(ISBLANK($A17),-10,$P17*$Q$6+IF($M17>0,$Q$6-1-$M17,0)),-1) -> 198 | R17: =IF(ISBLANK($A17),"",RANK($Q17,$Q$7:$Q$306)) -> 34 | S17: =IF(ISNA(MATCH($R17+1,$R$7:$R$306,0)),IF($R17=MAX($A$7:$A$306),$R17,-1),$R17) -> -1 | T17: =$A17 -> 19 | U17: =IF(N('Final Round'!$J$14)>0,IF(ISBLANK($A17),"",IF($N17>5,$N17,VLOOKUP($A17,'Final Round'!$A$14:$K$18,COLUMN('Final Round'!$J$1),FALSE))),"") -> 34 | V17: =IF(ISNUMBER($U17),$U17,$R17) -> 34 | W17: =IF(ISBLANK($A17),"",($V$6-$V17)*$W$6+$W$6-$A17) -> 359 | X17: =IF(ISBLANK($A17),"",RANK($W17,$W$7:$W$306)) -> 36 | Y17: =$A17 -> 19 | Z17: =IF($U17="",$N17,$U17) -> 34 | AA17: =IF($U17<6,INDEX($AA$1:$AA$5,$Z17)*$Z$2,0) -> 0 | AB17: =IF(ISBLANK($A17),"",5+4*(I17+IF(AA17=0,0,VLOOKUP($A17,'Final Round'!$A$14:$K$18,COLUMN('Final Round'!$G$1),FALSE)))+8*(H17+IF(AA17=0,0,IF(VLOOKUP($A17,'Final Round'!$A$14:$K$18,COLUMN('Final Round'!$J$1),FALSE)=1,1,0)))+$AA17) -> 5
A18: 24 | B18: Jonas | C18: Ståhle | E18: 118 | F18: =IF(ISBLANK($A18),"",SUM(IF(ISNA(IF(VLOOKUP($A18,'Round 1'!$A$7:$J$306,COLUMN('Round 1'!$H$7),FALSE),1,NA())),0,1),IF(ISNA(IF(VLOOKUP($A18,'Round 2'!$A$7:$J$306,COLUMN('Round 1'!$H$7),FALSE),1,NA())),0,1),IF(ISNA(IF(VLOOKUP($A18,'Round 3'!$A$7:$J$306,COLUMN('Round 1'!$H$7),FALSE),1,NA())),0,1),IF(ISNA(IF(VLOOKUP($A18,'Final Round'!$A$14:$K$18,1,FALSE),1,NA())),0,1))) -> 3 | H18: =IF(ISBLANK($A18),"",IF(ISERROR(VLOOKUP($A18,'Round 1'!$A$7:$I$306,COLUMN('Round 1'!$G$7),FALSE)),0,VLOOKUP($A18,'Round 1'!$A$7:$I$306,COLUMN('Round 1'!$G$7),FALSE))+IF(ISERROR(VLOOKUP($A18,'Round 2'!$A$7:$I$306,COLUMN('Round 2'!$G$7),FALSE)),0,VLOOKUP($A18,'Round 2'!$A$7:$I$306,COLUMN('Round 2'!$G$7),FALSE))+IF(ISERROR(VLOOKUP($A18,'Round 3'!$A$7:$I$306,COLUMN('Round 3'!$G$7),FALSE)),0,VLOOKUP($A18,'Round 3'!$A$7:$I$306,COLUMN('Round 3'!$G$7),FALSE))) -> 0 | I18: =IF(ISBLANK($A18),"",IF(ISERROR(VLOOKUP($A18,'Round 1'!$A$7:$I$306,COLUMN('Round 1'!$F$7),FALSE)),0,VLOOKUP($A18,'Round 1'!$A$7:$I$306,COLUMN('Round 1'!$F$7),FALSE))+IF(ISERROR(VLOOKUP($A18,'Round 2'!$A$7:$I$306,COLUMN('Round 2'!$F$7),FALSE)),0,VLOOKUP($A18,'Round 2'!$A$7:$I$306,COLUMN('Round 2'!$F$7),FALSE))+IF(ISERROR(VLOOKUP($A18,'Round 3'!$A$7:$I$306,COLUMN('Round 3'!$F$7),FALSE)),0,VLOOKUP($A18,'Round 3'!$A$7:$I$306,COLUMN('Round 3'!$F$7),FALSE))) -> 3 | J18: =IF(ISBLANK($A18),"",IF(ISERROR(VLOOKUP($A18,'Round 1'!$A$7:$I$306,COLUMN('Round 1'!$H$7),FALSE)),0,VLOOKUP($A18,'Round 1'!$A$7:$I$306,COLUMN('Round 1'!$H$7),FALSE))+IF(ISERROR(VLOOKUP($A18,'Round 2'!$A$7:$I$306,COLUMN('Round 2'!$H$7),FALSE)),0,VLOOKUP($A18,'Round 2'!$A$7:$I$306,COLUMN('Round 2'!$H$7),FALSE))+IF(ISERROR(VLOOKUP($A18,'Round 3'!$A$7:$I$306,COLUMN('Round 3'!$H$7),FALSE)),0,VLOOKUP($A18,'Round 3'!$A$7:$I$306,COLUMN('Round 3'!$H$7),FALSE))) -> 108 | K18: =IF(ISBLANK(A18),"",RANK(P18,$P$7:$P$306)) -> 18 | L18: =IF(ISBLANK($G18),IF($K18>5,"",IF(AND(ISNA(MATCH(K18+1,$K$7:$K$306,0)),$K18<$A$4),"TIE","")),"DQ") | N18: =IF(ISBLANK($G18),$R18,"DQ") -> 18 | O18: =IF(ISBLANK(A18),"",$H18*$O$6+$I18) -> 3 | P18: =IF(ISBLANK(A18),"",$O18*10*$P$6+$J18) -> 5178 | Q18: =IF(ISBLANK($G18),IF(ISBLANK($A18),-10,$P18*$Q$6+IF($M18>0,$Q$6-1-$M18,0)),-1) -> 15534 | R18: =IF(ISBLANK($A18),"",RANK($Q18,$Q$7:$Q$306)) -> 18 | S18: =IF(ISNA(MATCH($R18+1,$R$7:$R$306,0)),IF($R18=MAX($A$7:$A$306),$R18,-1),$R18) -> 18 | T18: =$A18 -> 24 | U18: =IF(N('Final Round'!$J$14)>0,IF(ISBLANK($A18),"",IF($N18>5,$N18,VLOOKUP($A18,'Final Round'!$A$14:$K$18,COLUMN('Final Round'!$J$1),FALSE))),"") -> 18 | V18: =IF(ISNUMBER($U18),$U18,$R18) -> 18 | W18: =IF(ISBLANK($A18),"",($V$6-$V18)*$W$6+$W$6-$A18) -> 1026 | X18: =IF(ISBLANK($A18),"",RANK($W18,$W$7:$W$306)) -> 18 | Y18: =$A18 -> 24 | Z18: =IF($U18="",$N18,$U18) -> 18 | AA18: =IF($U18<6,INDEX($AA$1:$AA$5,$Z18)*$Z$2,0) -> 0 | AB18: =IF(ISBLANK($A18),"",5+4*(I18+IF(AA18=0,0,VLOOKUP($A18,'Final Round'!$A$14:$K$18,COLUMN('Final Round'!$G$1),FALSE)))+8*(H18+IF(AA18=0,0,IF(VLOOKUP($A18,'Final Round'!$A$14:$K$18,COLUMN('Final Round'!$J$1),FALSE)=1,1,0)))+$AA18) -> 17
... A27: 28 | B27: Marko | C27: Saari | E27: 105 | F27: =IF(ISBLANK($A27),"",SUM(IF(ISNA(IF(VLOOKUP($A27,'Round 1'!$A$7:$J$306,COLUMN('Round 1'!$H$7),FALSE),1,NA())),0,1),IF(ISNA(IF(VLOOKUP($A27,'Round 2'!$A$7:$J$306,COLUMN('Round 1'!$H$7),FALSE),1,NA())),0,1),IF(ISNA(IF(VLOOKUP($A27,'Round 3'!$A$7:$J$306,COLUMN('Round 1'!$H$7),FALSE),1,NA())),0,1),IF(ISNA(IF(VLOOKUP($A27,'Final Round'!$A$14:$K$18,1,FALSE),1,NA())),0,1))) -> 4 | H27: =IF(ISBLANK($A27),"",IF(ISERROR(VLOOKUP($A27,'Round 1'!$A$7:$I$306,COLUMN('Round 1'!$G$7),FALSE)),0,VLOOKUP($A27,'Round 1'!$A$7:$I$306,COLUMN('Round 1'!$G$7),FALSE))+IF(ISERROR(VLOOKUP($A27,'Round 2'!$A$7:$I$306,COLUMN('Round 2'!$G$7),FALSE)),0,VLOOKUP($A27,'Round 2'!$A$7:$I$306,COLUMN('Round 2'!$G$7),FALSE))+IF(ISERROR(VLOOKUP($A27,'Round 3'!$A$7:$I$306,COLUMN('Round 3'!$G$7),FALSE)),0,VLOOKUP($A27,'Round 3'!$A$7:$I$306,COLUMN('Round 3'!$G$7),FALSE))) -> 2 | I27: =IF(ISBLANK($A27),"",IF(ISERROR(VLOOKUP($A27,'Round 1'!$A$7:$I$306,COLUMN('Round 1'!$F$7),FALSE)),0,VLOOKUP($A27,'Round 1'!$A$7:$I$306,COLUMN('Round 1'!$F$7),FALSE))+IF(ISERROR(VLOOKUP($A27,'Round 2'!$A$7:$I$306,COLUMN('Round 2'!$F$7),FALSE)),0,VLOOKUP($A27,'Round 2'!$A$7:$I$306,COLUMN('Round 2'!$F$7),FALSE))+IF(ISERROR(VLOOKUP($A27,'Round 3'!$A$7:$I$306,COLUMN('Round 3'!$F$7),FALSE)),0,VLOOKUP($A27,'Round 3'!$A$7:$I$306,COLUMN('Round 3'!$F$7),FALSE))) -> 7 | J27: =IF(ISBLANK($A27),"",IF(ISERROR(VLOOKUP($A27,'Round 1'!$A$7:$I$306,COLUMN('Round 1'!$H$7),FALSE)),0,VLOOKUP($A27,'Round 1'!$A$7:$I$306,COLUMN('Round 1'!$H$7),FALSE))+IF(ISERROR(VLOOKUP($A27,'Round 2'!$A$7:$I$306,COLUMN('Round 2'!$H$7),FALSE)),0,VLOOKUP($A27,'Round 2'!$A$7:$I$306,COLUMN('Round 2'!$H$7),FALSE))+IF(ISERROR(VLOOKUP($A27,'Round 3'!$A$7:$I$306,COLUMN('Round 3'!$H$7),FALSE)),0,VLOOKUP($A27,'Round 3'!$A$7:$I$306,COLUMN('Round 3'!$H$7),FALSE))) -> 162 | K27: =IF(ISBLANK(A27),"",RANK(P27,$P$7:$P$306)) -> 2 | L27: =IF(ISBLANK($G27),IF($K27>5,"",IF(AND(ISNA(MATCH(K27+1,$K$7:$K$306,0)),$K27<$A$4),"TIE","")),"DQ") | N27: =IF(ISBLANK($G27),$R27,"DQ") -> 2 | O27: =IF(ISBLANK(A27),"",$H27*$O$6+$I27) -> 26 | P27: =IF(ISBLANK(A27),"",$O27*10*$P$6+$J27) -> 44102 | Q27: =IF(ISBLANK($G27),IF(ISBLANK($A27),-10,$P27*$Q$6+IF($M27>0,$Q$6-1-$M27,0)),-1) -> 132306 | R27: =IF(ISBLANK($A27),"",RANK($Q27,$Q$7:$Q$306)) -> 2 | S27: =IF(ISNA(MATCH($R27+1,$R$7:$R$306,0)),IF($R27=MAX($A$7:$A$306),$R27,-1),$R27) -> 2 | T27: =$A27 -> 28 | U27: =IF(N('Final Round'!$J$14)>0,IF(ISBLANK($A27),"",IF($N27>5,$N27,VLOOKUP($A27,'Final Round'!$A$14:$K$18,COLUMN('Final Round'!$J$1),FALSE))),"") -> 2 | V27: =IF(ISNUMBER($U27),$U27,$R27) -> 2 | W27: =IF(ISBLANK($A27),"",($V$6-$V27)*$W$6+$W$6-$A27) -> 1694 | X27: =IF(ISBLANK($A27),"",RANK($W27,$W$7:$W$306)) -> 5 | Y27: =$A27 -> 28 | Z27: =IF($U27="",$N27,$U27) -> 2 | AA27: =IF($U27<6,INDEX($AA$1:$AA$5,$Z27)*$Z$2,0) -> 59.778506 | AB27: =IF(ISBLANK($A27),"",5+4*(I27+IF(AA27=0,0,VLOOKUP($A27,'Final Round'!$A$14:$K$18,COLUMN('Final Round'!$G$1),FALSE)))+8*(H27+IF(AA27=0,0,IF(VLOOKUP($A27,'Final Round'!$A$14:$K$18,COLUMN('Final Round'!$J$1),FALSE)=1,1,0)))+$AA27) -> 108.77851
A28: 3 | B28: Michael | C28: Holmström | E28: 102 | F28: =IF(ISBLANK($A28),"",SUM(IF(ISNA(IF(VLOOKUP($A28,'Round 1'!$A$7:$J$306,COLUMN('Round 1'!$H$7),FALSE),1,NA())),0,1),IF(ISNA(IF(VLOOKUP($A28,'Round 2'!$A$7:$J$306,COLUMN('Round 1'!$H$7),FALSE),1,NA())),0,1),IF(ISNA(IF(VLOOKUP($A28,'Round 3'!$A$7:$J$306,COLUMN('Round 1'!$H$7),FALSE),1,NA())),0,1),IF(ISNA(IF(VLOOKUP($A28,'Final Round'!$A$14:$K$18,1,FALSE),1,NA())),0,1))) -> 4 | H28: =IF(ISBLANK($A28),"",IF(ISERROR(VLOOKUP($A28,'Round 1'!$A$7:$I$306,COLUMN('Round 1'!$G$7),FALSE)),0,VLOOKUP($A28,'Round 1'!$A$7:$I$306,COLUMN('Round 1'!$G$7),FALSE))+IF(ISERROR(VLOOKUP($A28,'Round 2'!$A$7:$I$306,COLUMN('Round 2'!$G$7),FALSE)),0,VLOOKUP($A28,'Round 2'!$A$7:$I$306,COLUMN('Round 2'!$G$7),FALSE))+IF(ISERROR(VLOOKUP($A28,'Round 3'!$A$7:$I$306,COLUMN('Round 3'!$G$7),FALSE)),0,VLOOKUP($A28,'Round 3'!$A$7:$I$306,COLUMN('Round 3'!$G$7),FALSE))) -> 2 | I28: =IF(ISBLANK($A28),"",IF(ISERROR(VLOOKUP($A28,'Round 1'!$A$7:$I$306,COLUMN('Round 1'!$F$7),FALSE)),0,VLOOKUP($A28,'Round 1'!$A$7:$I$306,COLUMN('Round 1'!$F$7),FALSE))+IF(ISERROR(VLOOKUP($A28,'Round 2'!$A$7:$I$306,COLUMN('Round 2'!$F$7),FALSE)),0,VLOOKUP($A28,'Round 2'!$A$7:$I$306,COLUMN('Round 2'!$F$7),FALSE))+IF(ISERROR(VLOOKUP($A28,'Round 3'!$A$7:$I$306,COLUMN('Round 3'!$F$7),FALSE)),0,VLOOKUP($A28,'Round 3'!$A$7:$I$306,COLUMN('Round 3'!$F$7),FALSE))) -> 6.5 | J28: =IF(ISBLANK($A28),"",IF(ISERROR(VLOOKUP($A28,'Round 1'!$A$7:$I$306,COLUMN('Round 1'!$H$7),FALSE)),0,VLOOKUP($A28,'Round 1'!$A$7:$I$306,COLUMN('Round 1'!$H$7),FALSE))+IF(ISERROR(VLOOKUP($A28,'Round 2'!$A$7:$I$306,COLUMN('Round 2'!$H$7),FALSE)),0,VLOOKUP($A28,'Round 2'!$A$7:$I$306,COLUMN('Round 2'!$H$7),FALSE))+IF(ISERROR(VLOOKUP($A28,'Round 3'!$A$7:$I$306,COLUMN('Round 3'!$H$7),FALSE)),0,VLOOKUP($A28,'Round 3'!$A$7:$I$306,COLUMN('Round 3'!$H$7),FALSE))) -> 156 | K28: =IF(ISBLANK(A28),"",RANK(P28,$P$7:$P$306)) -> 3 | L28: =IF(ISBLANK($G28),IF($K28>5,"",IF(AND(ISNA(MATCH(K28+1,$K$7:$K$306,0)),$K28<$A$4),"TIE","")),"DQ") -> TIE | M28: 2 | N28: =IF(ISBLANK($G28),$R28,"DQ") -> 4 | O28: =IF(ISBLANK(A28),"",$H28*$O$6+$I28) -> 25.5 | P28: =IF(ISBLANK(A28),"",$O28*10*$P$6+$J28) -> 43251 | Q28: =IF(ISBLANK($G28),IF(ISBLANK($A28),-10,$P28*$Q$6+IF($M28>0,$Q$6-1-$M28,0)),-1) -> 129753 | R28: =IF(ISBLANK($A28),"",RANK($Q28,$Q$7:$Q$306)) -> 4 | S28: =IF(ISNA(MATCH($R28+1,$R$7:$R$306,0)),IF($R28=MAX($A$7:$A$306),$R28,-1),$R28) -> 4 | T28: =$A28 -> 3 | U28: =IF(N('Final Round'!$J$14)>0,IF(ISBLANK($A28),"",IF($N28>5,$N28,VLOOKUP($A28,'Final Round'!$A$14:$K$18,COLUMN('Final Round'!$J$1),FALSE))),"") -> 2 | V28: =IF(ISNUMBER($U28),$U28,$R28) -> 2 | W28: =IF(ISBLANK($A28),"",($V$6-$V28)*$W$6+$W$6-$A28) -> 1719 | X28: =IF(ISBLANK($A28),"",RANK($W28,$W$7:$W$306)) -> 2 | Y28: =$A28 -> 3 | Z28: =IF($U28="",$N28,$U28) -> 2 | AA28: =IF($U28<6,INDEX($AA$1:$AA$5,$Z28)*$Z$2,0) -> 59.778506 | AB28: =IF(ISBLANK($A28),"",5+4*(I28+IF(AA28=0,0,VLOOKUP($A28,'Final Round'!$A$14:$K$18,COLUMN('Final Round'!$G$1),FALSE)))+8*(H28+IF(AA28=0,0,IF(VLOOKUP($A28,'Final Round'!$A$14:$K$18,COLUMN('Final Round'!$J$1),FALSE)=1,1,0)))+$AA28) -> 112.77851
A29: 32 | B29: Mika | C29: Alanen | E29: 130 | F29: =IF(ISBLANK($A29),"",SUM(IF(ISNA(IF(VLOOKUP($A29,'Round 1'!$A$7:$J$306,COLUMN('Round 1'!$H$7),FALSE),1,NA())),0,1),IF(ISNA(IF(VLOOKUP($A29,'Round 2'!$A$7:$J$306,COLUMN('Round 1'!$H$7),FALSE),1,NA())),0,1),IF(ISNA(IF(VLOOKUP($A29,'Round 3'!$A$7:$J$306,COLUMN('Round 1'!$H$7),FALSE),1,NA())),0,1),IF(ISNA(IF(VLOOKUP($A29,'Final Round'!$A$14:$K$18,1,FALSE),1,NA())),0,1))) -> 3 | H29: =IF(ISBLANK($A29),"",IF(ISERROR(VLOOKUP($A29,'Round 1'!$A$7:$I$306,COLUMN('Round 1'!$G$7),FALSE)),0,VLOOKUP($A29,'Round 1'!$A$7:$I$306,COLUMN('Round 1'!$G$7),FALSE))+IF(ISERROR(VLOOKUP($A29,'Round 2'!$A$7:$I$306,COLUMN('Round 2'!$G$7),FALSE)),0,VLOOKUP($A29,'Round 2'!$A$7:$I$306,COLUMN('Round 2'!$G$7),FALSE))+IF(ISERROR(VLOOKUP($A29,'Round 3'!$A$7:$I$306,COLUMN('Round 3'!$G$7),FALSE)),0,VLOOKUP($A29,'Round 3'!$A$7:$I$306,COLUMN('Round 3'!$G$7),FALSE))) -> 0 | I29: =IF(ISBLANK($A29),"",IF(ISERROR(VLOOKUP($A29,'Round 1'!$A$7:$I$306,COLUMN('Round 1'!$F$7),FALSE)),0,VLOOKUP($A29,'Round 1'!$A$7:$I$306,COLUMN('Round 1'!$F$7),FALSE))+IF(ISERROR(VLOOKUP($A29,'Round 2'!$A$7:$I$306,COLUMN('Round 2'!$F$7),FALSE)),0,VLOOKUP($A29,'Round 2'!$A$7:$I$306,COLUMN('Round 2'!$F$7),FALSE))+IF(ISERROR(VLOOKUP($A29,'Round 3'!$A$7:$I$306,COLUMN('Round 3'!$F$7),FALSE)),0,VLOOKUP($A29,'Round 3'!$A$7:$I$306,COLUMN('Round 3'!$F$7),FALSE))) -> 0.5 | J29: =IF(ISBLANK($A29),"",IF(ISERROR(VLOOKUP($A29,'Round 1'!$A$7:$I$306,COLUMN('Round 1'!$H$7),FALSE)),0,VLOOKUP($A29,'Round 1'!$A$7:$I$306,COLUMN('Round 1'!$H$7),FALSE))+IF(ISERROR(VLOOKUP($A29,'Round 2'!$A$7:$I$306,COLUMN('Round 2'!$H$7),FALSE)),0,VLOOKUP($A29,'Round 2'!$A$7:$I$306,COLUMN('Round 2'!$H$7),FALSE))+IF(ISERROR(VLOOKUP($A29,'Round 3'!$A$7:$I$306,COLUMN('Round 3'!$H$7),FALSE)),0,VLOOKUP($A29,'Round 3'!$A$7:$I$306,COLUMN('Round 3'!$H$7),FALSE))) -> 82 | K29: =IF(ISBLANK(A29),"",RANK(P29,$P$7:$P$306)) -> 30 | L29: =IF(ISBLANK($G29),IF($K29>5,"",IF(AND(ISNA(MATCH(K29+1,$K$7:$K$306,0)),$K29<$A$4),"TIE","")),"DQ") | N29: =IF(ISBLANK($G29),$R29,"DQ") -> 30 | O29: =IF(ISBLANK(A29),"",$H29*$O$6+$I29) -> 0.5 | P29: =IF(ISBLANK(A29),"",$O29*10*$P$6+$J29) -> 927 | Q29: =IF(ISBLANK($G29),IF(ISBLANK($A29),-10,$P29*$Q$6+IF($M29>0,$Q$6-1-$M29,0)),-1) -> 2781 | R29: =IF(ISBLANK($A29),"",RANK($Q29,$Q$7:$Q$306)) -> 30 | S29: =IF(ISNA(MATCH($R29+1,$R$7:$R$306,0)),IF($R29=MAX($A$7:$A$306),$R29,-1),$R29) -> 30 | T29: =$A29 -> 32 | U29: =IF(N('Final Round'!$J$14)>0,IF(ISBLANK($A29),"",IF($N29>5,$N29,VLOOKUP($A29,'Final Round'!$A$14:$K$18,COLUMN('Final Round'!$J$1),FALSE))),"") -> 30 | V29: =IF(ISNUMBER($U29),$U29,$R29) -> 30 | W29: =IF(ISBLANK($A29),"",($V$6-$V29)*$W$6+$W$6-$A29) -> 514 | X29: =IF(ISBLANK($A29),"",RANK($W29,$W$7:$W$306)) -> 30 | Y29: =$A29 -> 32 | Z29: =IF($U29="",$N29,$U29) -> 30 | AA29: =IF($U29<6,INDEX($AA$1:$AA$5,$Z29)*$Z$2,0) -> 0 | AB29: =IF(ISBLANK($A29),"",5+4*(I29+IF(AA29=0,0,VLOOKUP($A29,'Final Round'!$A$14:$K$18,COLUMN('Final Round'!$G$1),FALSE)))+8*(H29+IF(AA29=0,0,IF(VLOOKUP($A29,'Final Round'!$A$14:$K$18,COLUMN('Final Round'!$J$1),FALSE)=1,1,0)))+$AA29) -> 7
A30: 4 | B30: Motiejus | C30: Simonis | E30: 124 | F30: =IF(ISBLANK($A30),"",SUM(IF(ISNA(IF(VLOOKUP($A30,'Round 1'!$A$7:$J$306,COLUMN('Round 1'!$H$7),FALSE),1,NA())),0,1),IF(ISNA(IF(VLOOKUP($A30,'Round 2'!$A$7:$J$306,COLUMN('Round 1'!$H$7),FALSE),1,NA())),0,1),IF(ISNA(IF(VLOOKUP($A30,'Round 3'!$A$7:$J$306,COLUMN('Round 1'!$H$7),FALSE),1,NA())),0,1),IF(ISNA(IF(VLOOKUP($A30,'Final Round'!$A$14:$K$18,1,FALSE),1,NA())),0,1))) -> 3 | H30: =IF(ISBLANK($A30),"",IF(ISERROR(VLOOKUP($A30,'Round 1'!$A$7:$I$306,COLUMN('Round 1'!$G$7),FALSE)),0,VLOOKUP($A30,'Round 1'!$A$7:$I$306,COLUMN('Round 1'!$G$7),FALSE))+IF(ISERROR(VLOOKUP($A30,'Round 2'!$A$7:$I$306,COLUMN('Round 2'!$G$7),FALSE)),0,VLOOKUP($A30,'Round 2'!$A$7:$I$306,COLUMN('Round 2'!$G$7),FALSE))+IF(ISERROR(VLOOKUP($A30,'Round 3'!$A$7:$I$306,COLUMN('Round 3'!$G$7),FALSE)),0,VLOOKUP($A30,'Round 3'!$A$7:$I$306,COLUMN('Round 3'!$G$7),FALSE))) -> 0 | I30: =IF(ISBLANK($A30),"",IF(ISERROR(VLOOKUP($A30,'Round 1'!$A$7:$I$306,COLUMN('Round 1'!$F$7),FALSE)),0,VLOOKUP($A30,'Round 1'!$A$7:$I$306,COLUMN('Round 1'!$F$7),FALSE))+IF(ISERROR(VLOOKUP($A30,'Round 2'!$A$7:$I$306,COLUMN('Round 2'!$F$7),FALSE)),0,VLOOKUP($A30,'Round 2'!$A$7:$I$306,COLUMN('Round 2'!$F$7),FALSE))+IF(ISERROR(VLOOKUP($A30,'Round 3'!$A$7:$I$306,COLUMN('Round 3'!$F$7),FALSE)),0,VLOOKUP($A30,'Round 3'!$A$7:$I$306,COLUMN('Round 3'!$F$7),FALSE))) -> 1.5 | J30: =IF(ISBLANK($A30),"",IF(ISERROR(VLOOKUP($A30,'Round 1'!$A$7:$I$306,COLUMN('Round 1'!$H$7),FALSE)),0,VLOOKUP($A30,'Round 1'!$A$7:$I$306,COLUMN('Round 1'!$H$7),FALSE))+IF(ISERROR(VLOOKUP($A30,'Round 2'!$A$7:$I$306,COLUMN('Round 2'!$H$7),FALSE)),0,VLOOKUP($A30,'Round 2'!$A$7:$I$306,COLUMN('Round 2'!$H$7),FALSE))+IF(ISERROR(VLOOKUP($A30,'Round 3'!$A$7:$I$306,COLUMN('Round 3'!$H$7),FALSE)),0,VLOOKUP($A30,'Round 3'!$A$7:$I$306,COLUMN('Round 3'!$H$7),FALSE))) -> 112 | K30: =IF(ISBLANK(A30),"",RANK(P30,$P$7:$P$306)) -> 24 | L30: =IF(ISBLANK($G30),IF($K30>5,"",IF(AND(ISNA(MATCH(K30+1,$K$7:$K$306,0)),$K30<$A$4),"TIE","")),"DQ") | N30: =IF(ISBLANK($G30),$R30,"DQ") -> 24 | O30: =IF(ISBLANK(A30),"",$H30*$O$6+$I30) -> 1.5 | P30: =IF(ISBLANK(A30),"",$O30*10*$P$6+$J30) -> 2647 | Q30: =IF(ISBLANK($G30),IF(ISBLANK($A30),-10,$P30*$Q$6+IF($M30>0,$Q$6-1-$M30,0)),-1) -> 7941 | R30: =IF(ISBLANK($A30),"",RANK($Q30,$Q$7:$Q$306)) -> 24 | S30: =IF(ISNA(MATCH($R30+1,$R$7:$R$306,0)),IF($R30=MAX($A$7:$A$306),$R30,-1),$R30) -> -1 | T30: =$A30 -> 4 | U30: =IF(N('Final Round'!$J$14)>0,IF(ISBLANK($A30),"",IF($N30>5,$N30,VLOOKUP($A30,'Final Round'!$A$14:$K$18,COLUMN('Final Round'!$J$1),FALSE))),"") -> 24 | V30: =IF(ISNUMBER($U30),$U30,$R30) -> 24 | W30: =IF(ISBLANK($A30),"",($V$6-$V30)*$W$6+$W$6-$A30) -> 794 | X30: =IF(ISBLANK($A30),"",RANK($W30,$W$7:$W$306)) -> 24 | Y30: =$A30 -> 4 | Z30: =IF($U30="",$N30,$U30) -> 24 | AA30: =IF($U30<6,INDEX($AA$1:$AA$5,$Z30)*$Z$2,0) -> 0 | AB30: =IF(ISBLANK($A30),"",5+4*(I30+IF(AA30=0,0,VLOOKUP($A30,'Final Round'!$A$14:$K$18,COLUMN('Final Round'!$G$1),FALSE)))+8*(H30+IF(AA30=0,0,IF(VLOOKUP($A30,'Final Round'!$A$14:$K$18,COLUMN('Final Round'!$J$1),FALSE)=1,1,0)))+$AA30) -> 11
A31: 35 | B31: Nerijus | C31: Mikalajunas | E31: 110 | F31: =IF(ISBLANK($A31),"",SUM(IF(ISNA(IF(VLOOKUP($A31,'Round 1'!$A$7:$J$306,COLUMN('Round 1'!$H$7),FALSE),1,NA())),0,1),IF(ISNA(IF(VLOOKUP($A31,'Round 2'!$A$7:$J$306,COLUMN('Round 1'!$H$7),FALSE),1,NA())),0,1),IF(ISNA(IF(VLOOKUP($A31,'Round 3'!$A$7:$J$306,COLUMN('Round 1'!$H$7),FALSE),1,NA())),0,1),IF(ISNA(IF(VLOOKUP($A31,'Final Round'!$A$14:$K$18,1,FALSE),1,NA())),0,1))) -> 3 | H31: =IF(ISBLANK($A31),"",IF(ISERROR(VLOOKUP($A31,'Round 1'!$A$7:$I$306,COLUMN('Round 1'!$G$7),FALSE)),0,VLOOKUP($A31,'Round 1'!$A$7:$I$306,COLUMN('Round 1'!$G$7),FALSE))+IF(ISERROR(VLOOKUP($A31,'Round 2'!$A$7:$I$306,COLUMN('Round 2'!$G$7),FALSE)),0,VLOOKUP($A31,'Round 2'!$A$7:$I$306,COLUMN('Round 2'!$G$7),FALSE))+IF(ISERROR(VLOOKUP($A31,'Round 3'!$A$7:$I$306,COLUMN('Round 3'!$G$7),FALSE)),0,VLOOKUP($A31,'Round 3'!$A$7:$I$306,COLUMN('Round 3'!$G$7),FALSE))) -> 1 | I31: =IF(ISBLANK($A31),"",IF(ISERROR(VLOOKUP($A31,'Round 1'!$A$7:$I$306,COLUMN('Round 1'!$F$7),FALSE)),0,VLOOKUP($A31,'Round 1'!$A$7:$I$306,COLUMN('Round 1'!$F$7),FALSE))+IF(ISERROR(VLOOKUP($A31,'Round 2'!$A$7:$I$306,COLUMN('Round 2'!$F$7),FALSE)),0,VLOOKUP($A31,'Round 2'!$A$7:$I$306,COLUMN('Round 2'!$F$7),FALSE))+IF(ISERROR(VLOOKUP($A31,'Round 3'!$A$7:$I$306,COLUMN('Round 3'!$F$7),FALSE)),0,VLOOKUP($A31,'Round 3'!$A$7:$I$306,COLUMN('Round 3'!$F$7),FALSE))) -> 4.5 | J31: =IF(ISBLANK($A31),"",IF(ISERROR(VLOOKUP($A31,'Round 1'!$A$7:$I$306,COLUMN('Round 1'!$H$7),FALSE)),0,VLOOKUP($A31,'Round 1'!$A$7:$I$306,COLUMN('Round 1'!$H$7),FALSE))+IF(ISERROR(VLOOKUP($A31,'Round 2'!$A$7:$I$306,COLUMN('Round 2'!$H$7),FALSE)),0,VLOOKUP($A31,'Round 2'!$A$7:$I$306,COLUMN('Round 2'!$H$7),FALSE))+IF(ISERROR(VLOOKUP($A31,'Round 3'!$A$7:$I$306,COLUMN('Round 3'!$H$7),FALSE)),0,VLOOKUP($A31,'Round 3'!$A$7:$I$306,COLUMN('Round 3'!$H$7),FALSE))) -> 126 | K31: =IF(ISBLANK(A31),"",RANK(P31,$P$7:$P$306)) -> 10 | L31: =IF(ISBLANK($G31),IF($K31>5,"",IF(AND(ISNA(MATCH(K31+1,$K$7:$K$306,0)),$K31<$A$4),"TIE","")),"DQ") | N31: =IF(ISBLANK($G31),$R31,"DQ") -> 10 | O31: =IF(ISBLANK(A31),"",$H31*$O$6+$I31) -> 14 | P31: =IF(ISBLANK(A31),"",$O31*10*$P$6+$J31) -> 23786 | Q31: =IF(ISBLANK($G31),IF(ISBLANK($A31),-10,$P31*$Q$6+IF($M31>0,$Q$6-1-$M31,0)),-1) -> 71358 | R31: =IF(ISBLANK($A31),"",RANK($Q31,$Q$7:$Q$306)) -> 10 | S31: =IF(ISNA(MATCH($R31+1,$R$7:$R$306,0)),IF($R31=MAX($A$7:$A$306),$R31,-1),$R31) -> 10 | T31: =$A31 -> 35 | U31: =IF(N('Final Round'!$J$14)>0,IF(ISBLANK($A31),"",IF($N31>5,$N31,VLOOKUP($A31,'Final Round'!$A$14:$K$18,COLUMN('Final Round'!$J$1),FALSE))),"") -> 10 | V31: =IF(ISNUMBER($U31),$U31,$R31) -> 10 | W31: =IF(ISBLANK($A31),"",($V$6-$V31)*$W$6+$W$6-$A31) -> 1351 | X31: =IF(ISBLANK($A31),"",RANK($W31,$W$7:$W$306)) -> 10 | Y31: =$A31 -> 35 | Z31: =IF($U31="",$N31,$U31) -> 10 | AA31: =IF($U31<6,INDEX($AA$1:$AA$5,$Z31)*$Z$2,0) -> 0 | AB31: =IF(ISBLANK($A31),"",5+4*(I31+IF(AA31=0,0,VLOOKUP($A31,'Final Round'!$A$14:$K$18,COLUMN('Final Round'!$G$1),FALSE)))+8*(H31+IF(AA31=0,0,IF(VLOOKUP($A31,'Final Round'!$A$14:$K$18,COLUMN('Final Round'!$J$1),FALSE)=1,1,0)))+$AA31) -> 31
A32: 27 | B32: Niina | C32: Lindroos | E32: 109 | F32: =IF(ISBLANK($A32),"",SUM(IF(ISNA(IF(VLOOKUP($A32,'Round 1'!$A$7:$J$306,COLUMN('Round 1'!$H$7),FALSE),1,NA())),0,1),IF(ISNA(IF(VLOOKUP($A32,'Round 2'!$A$7:$J$306,COLUMN('Round 1'!$H$7),FALSE),1,NA())),0,1),IF(ISNA(IF(VLOOKUP($A32,'Round 3'!$A$7:$J$306,COLUMN('Round 1'!$H$7),FALSE),1,NA())),0,1),IF(ISNA(IF(VLOOKUP($A32,'Final Round'!$A$14:$K$18,1,FALSE),1,NA())),0,1))) -> 3 | H32: =IF(ISBLANK($A32),"",IF(ISERROR(VLOOKUP($A32,'Round 1'!$A$7:$I$306,COLUMN('Round 1'!$G$7),FALSE)),0,VLOOKUP($A32,'Round 1'!$A$7:$I$306,COLUMN('Round 1'!$G$7),FALSE))+IF(ISERROR(VLOOKUP($A32,'Round 2'!$A$7:$I$306,COLUMN('Round 2'!$G$7),FALSE)),0,VLOOKUP($A32,'Round 2'!$A$7:$I$306,COLUMN('Round 2'!$G$7),FALSE))+IF(ISERROR(VLOOKUP($A32,'Round 3'!$A$7:$I$306,COLUMN('Round 3'!$G$7),FALSE)),0,VLOOKUP($A32,'Round 3'!$A$7:$I$306,COLUMN('Round 3'!$G$7),FALSE))) -> 1 | I32: =IF(ISBLANK($A32),"",IF(ISERROR(VLOOKUP($A32,'Round 1'!$A$7:$I$306,COLUMN('Round 1'!$F$7),FALSE)),0,VLOOKUP($A32,'Round 1'!$A$7:$I$306,COLUMN('Round 1'!$F$7),FALSE))+IF(ISERROR(VLOOKUP($A32,'Round 2'!$A$7:$I$306,COLUMN('Round 2'!$F$7),FALSE)),0,VLOOKUP($A32,'Round 2'!$A$7:$I$306,COLUMN('Round 2'!$F$7),FALSE))+IF(ISERROR(VLOOKUP($A32,'Round 3'!$A$7:$I$306,COLUMN('Round 3'!$F$7),FALSE)),0,VLOOKUP($A32,'Round 3'!$A$7:$I$306,COLUMN('Round 3'!$F$7),FALSE))) -> 4.5 | J32: =IF(ISBLANK($A32),"",IF(ISERROR(VLOOKUP($A32,'Round 1'!$A$7:$I$306,COLUMN('Round 1'!$H$7),FALSE)),0,VLOOKUP($A32,'Round 1'!$A$7:$I$306,COLUMN('Round 1'!$H$7),FALSE))+IF(ISERROR(VLOOKUP($A32,'Round 2'!$A$7:$I$306,COLUMN('Round 2'!$H$7),FALSE)),0,VLOOKUP($A32,'Round 2'!$A$7:$I$306,COLUMN('Round 2'!$H$7),FALSE))+IF(ISERROR(VLOOKUP($A32,'Round 3'!$A$7:$I$306,COLUMN('Round 3'!$H$7),FALSE)),0,VLOOKUP($A32,'Round 3'!$A$7:$I$306,COLUMN('Round 3'!$H$7),FALSE))) -> 138 | K32: =IF(ISBLANK(A32),"",RANK(P32,$P$7:$P$306)) -> 9 | L32: =IF(ISBLANK($G32),IF($K32>5,"",IF(AND(ISNA(MATCH(K32+1,$K$7:$K$306,0)),$K32<$A$4),"TIE","")),"DQ") | N32: =IF(ISBLANK($G32),$R32,"DQ") -> 9 | O32: =IF(ISBLANK(A32),"",$H32*$O$6+$I32) -> 14 | P32: =IF(ISBLANK(A32),"",$O32*10*$P$6+$J32) -> 23798 | Q32: =IF(ISBLANK($G32),IF(ISBLANK($A32),-10,$P32*$Q$6+IF($M32>0,$Q$6-1-$M32,0)),-1) -> 71394 | R32: =IF(ISBLANK($A32),"",RANK($Q32,$Q$7:$Q$306)) -> 9 | S32: =IF(ISNA(MATCH($R32+1,$R$7:$R$306,0)),IF($R32=MAX($A$7:$A$306),$R32,-1),$R32) -> 9 | T32: =$A32 -> 27 | U32: =IF(N('Final Round'!$J$14)>0,IF(ISBLANK($A32),"",IF($N32>5,$N32,VLOOKUP($A32,'Final Round'!$A$14:$K$18,COLUMN('Final Round'!$J$1),FALSE))),"") -> 9 | V32: =IF(ISNUMBER($U32),$U32,$R32) -> 9 | W32: =IF(ISBLANK($A32),"",($V$6-$V32)*$W$6+$W$6-$A32) -> 1401 | X32: =IF(ISBLANK($A32),"",RANK($W32,$W$7:$W$306)) -> 9 | Y32: =$A32 -> 27 | Z32: =IF($U32="",$N32,$U32) -> 9 | AA32: =IF($U32<6,INDEX($AA$1:$AA$5,$Z32)*$Z$2,0) -> 0 | AB32: =IF(ISBLANK($A32),"",5+4*(I32+IF(AA32=0,0,VLOOKUP($A32,'Final Round'!$A$14:$K$18,COLUMN('Final Round'!$G$1),FALSE)))+8*(H32+IF(AA32=0,0,IF(VLOOKUP($A32,'Final Round'!$A$14:$K$18,COLUMN('Final Round'!$J$1),FALSE)=1,1,0)))+$AA32) -> 31
A33: 9 | B33: Niko | C33: Vanhatalo | E33: 119 | F33: =IF(ISBLANK($A33),"",SUM(IF(ISNA(IF(VLOOKUP($A33,'Round 1'!$A$7:$J$306,COLUMN('Round 1'!$H$7),FALSE),1,NA())),0,1),IF(ISNA(IF(VLOOKUP($A33,'Round 2'!$A$7:$J$306,COLUMN('Round 1'!$H$7),FALSE),1,NA())),0,1),IF(ISNA(IF(VLOOKUP($A33,'Round 3'!$A$7:$J$306,COLUMN('Round 1'!$H$7),FALSE),1,NA())),0,1),IF(ISNA(IF(VLOOKUP($A33,'Final Round'!$A$14:$K$18,1,FALSE),1,NA())),0,1))) -> 3 | H33: =IF(ISBLANK($A33),"",IF(ISERROR(VLOOKUP($A33,'Round 1'!$A$7:$I$306,COLUMN('Round 1'!$G$7),FALSE)),0,VLOOKUP($A33,'Round 1'!$A$7:$I$306,COLUMN('Round 1'!$G$7),FALSE))+IF(ISERROR(VLOOKUP($A33,'Round 2'!$A$7:$I$306,COLUMN('Round 2'!$G$7),FALSE)),0,VLOOKUP($A33,'Round 2'!$A$7:$I$306,COLUMN('Round 2'!$G$7),FALSE))+IF(ISERROR(VLOOKUP($A33,'Round 3'!$A$7:$I$306,COLUMN('Round 3'!$G$7),FALSE)),0,VLOOKUP($A33,'Round 3'!$A$7:$I$306,COLUMN('Round 3'!$G$7),FALSE))) -> 0 | I33: =IF(ISBLANK($A33),"",IF(ISERROR(VLOOKUP($A33,'Round 1'!$A$7:$I$306,COLUMN('Round 1'!$F$7),FALSE)),0,VLOOKUP($A33,'Round 1'!$A$7:$I$306,COLUMN('Round 1'!$F$7),FALSE))+IF(ISERROR(VLOOKUP($A33,'Round 2'!$A$7:$I$306,COLUMN('Round 2'!$F$7),FALSE)),0,VLOOKUP($A33,'Round 2'!$A$7:$I$306,COLUMN('Round 2'!$F$7),FALSE))+IF(ISERROR(VLOOKUP($A33,'Round 3'!$A$7:$I$306,COLUMN('Round 3'!$F$7),FALSE)),0,VLOOKUP($A33,'Round 3'!$A$7:$I$306,COLUMN('Round 3'!$F$7),FALSE))) -> 2.5 | J33: =IF(ISBLANK($A33),"",IF(ISERROR(VLOOKUP($A33,'Round 1'!$A$7:$I$306,COLUMN('Round 1'!$H$7),FALSE)),0,VLOOKUP($A33,'Round 1'!$A$7:$I$306,COLUMN('Round 1'!$H$7),FALSE))+IF(ISERROR(VLOOKUP($A33,'Round 2'!$A$7:$I$306,COLUMN('Round 2'!$H$7),FALSE)),0,VLOOKUP($A33,'Round 2'!$A$7:$I$306,COLUMN('Round 2'!$H$7),FALSE))+IF(ISERROR(VLOOKUP($A33,'Round 3'!$A$7:$I$306,COLUMN('Round 3'!$H$7),FALSE)),0,VLOOKUP($A33,'Round 3'!$A$7:$I$306,COLUMN('Round 3'!$H$7),FALSE))) -> 120 | K33: =IF(ISBLANK(A33),"",RANK(P33,$P$7:$P$306)) -> 19 | L33: =IF(ISBLANK($G33),IF($K33>5,"",IF(AND(ISNA(MATCH(K33+1,$K$7:$K$306,0)),$K33<$A$4),"TIE","")),"DQ") | N33: =IF(ISBLANK($G33),$R33,"DQ") -> 19 | O33: =IF(ISBLANK(A33),"",$H33*$O$6+$I33) -> 2.5 | P33: =IF(ISBLANK(A33),"",$O33*10*$P$6+$J33) -> 4345 | Q33: =IF(ISBLANK($G33),IF(ISBLANK($A33),-10,$P33*$Q$6+IF($M33>0,$Q$6-1-$M33,0)),-1) -> 13035 | R33: =IF(ISBLANK($A33),"",RANK($Q33,$Q$7:$Q$306)) -> 19 | S33: =IF(ISNA(MATCH($R33+1,$R$7:$R$306,0)),IF($R33=MAX($A$7:$A$306),$R33,-1),$R33) -> 19 | T33: =$A33 -> 9 | U33: =IF(N('Final Round'!$J$14)>0,IF(ISBLANK($A33),"",IF($N33>5,$N33,VLOOKUP($A33,'Final Round'!$A$14:$K$18,COLUMN('Final Round'!$J$1),FALSE))),"") -> 19 | V33: =IF(ISNUMBER($U33),$U33,$R33) -> 19 | W33: =IF(ISBLANK($A33),"",($V$6-$V33)*$W$6+$W$6-$A33) -> 999 | X33: =IF(ISBLANK($A33),"",RANK($W33,$W$7:$W$306)) -> 19 | Y33: =$A33 -> 9 | Z33: =IF($U33="",$N33,$U33) -> 19 | AA33: =IF($U33<6,INDEX($AA$1:$AA$5,$Z33)*$Z$2,0) -> 0 | AB33: =IF(ISBLANK($A33),"",5+4*(I33+IF(AA33=0,0,VLOOKUP($A33,'Final Round'!$A$14:$K$18,COLUMN('Final Round'!$G$1),FALSE)))+8*(H33+IF(AA33=0,0,IF(VLOOKUP($A33,'Final Round'!$A$14:$K$18,COLUMN('Final Round'!$J$1),FALSE)=1,1,0)))+$AA33) -> 15
A34: 41 | B34: Otso | C34: Saariluoma | E34: 123 | F34: =IF(ISBLANK($A34),"",SUM(IF(ISNA(IF(VLOOKUP($A34,'Round 1'!$A$7:$J$306,COLUMN('Round 1'!$H$7),FALSE),1,NA())),0,1),IF(ISNA(IF(VLOOKUP($A34,'Round 2'!$A$7:$J$306,COLUMN('Round 1'!$H$7),FALSE),1,NA())),0,1),IF(ISNA(IF(VLOOKUP($A34,'Round 3'!$A$7:$J$306,COLUMN('Round 1'!$H$7),FALSE),1,NA())),0,1),IF(ISNA(IF(VLOOKUP($A34,'Final Round'!$A$14:$K$18,1,FALSE),1,NA())),0,1))) -> 3 | H34: =IF(ISBLANK($A34),"",IF(ISERROR(VLOOKUP($A34,'Round 1'!$A$7:$I$306,COLUMN('Round 1'!$G$7),FALSE)),0,VLOOKUP($A34,'Round 1'!$A$7:$I$306,COLUMN('Round 1'!$G$7),FALSE))+IF(ISERROR(VLOOKUP($A34,'Round 2'!$A$7:$I$306,COLUMN('Round 2'!$G$7),FALSE)),0,VLOOKUP($A34,'Round 2'!$A$7:$I$306,COLUMN('Round 2'!$G$7),FALSE))+IF(ISERROR(VLOOKUP($A34,'Round 3'!$A$7:$I$306,COLUMN('Round 3'!$G$7),FALSE)),0,VLOOKUP($A34,'Round 3'!$A$7:$I$306,COLUMN('Round 3'!$G$7),FALSE))) -> 0 | I34: =IF(ISBLANK($A34),"",IF(ISERROR(VLOOKUP($A34,'Round 1'!$A$7:$I$306,COLUMN('Round 1'!$F$7),FALSE)),0,VLOOKUP($A34,'Round 1'!$A$7:$I$306,COLUMN('Round 1'!$F$7),FALSE))+IF(ISERROR(VLOOKUP($A34,'Round 2'!$A$7:$I$306,COLUMN('Round 2'!$F$7),FALSE)),0,VLOOKUP($A34,'Round 2'!$A$7:$I$306,COLUMN('Round 2'!$F$7),FALSE))+IF(ISERROR(VLOOKUP($A34,'Round 3'!$A$7:$I$306,COLUMN('Round 3'!$F$7),FALSE)),0,VLOOKUP($A34,'Round 3'!$A$7:$I$306,COLUMN('Round 3'!$F$7),FALSE))) -> 2 | J34: =IF(ISBLANK($A34),"",IF(ISERROR(VLOOKUP($A34,'Round 1'!$A$7:$I$306,COLUMN('Round 1'!$H$7),FALSE)),0,VLOOKUP($A34,'Round 1'!$A$7:$I$306,COLUMN('Round 1'!$H$7),FALSE))+IF(ISERROR(VLOOKUP($A34,'Round 2'!$A$7:$I$306,COLUMN('Round 2'!$H$7),FALSE)),0,VLOOKUP($A34,'Round 2'!$A$7:$I$306,COLUMN('Round 2'!$H$7),FALSE))+IF(ISERROR(VLOOKUP($A34,'Round 3'!$A$7:$I$306,COLUMN('Round 3'!$H$7),FALSE)),0,VLOOKUP($A34,'Round 3'!$A$7:$I$306,COLUMN('Round 3'!$H$7),FALSE))) -> 102 | K34: =IF(ISBLANK(A34),"",RANK(P34,$P$7:$P$306)) -> 23 | L34: =IF(ISBLANK($G34),IF($K34>5,"",IF(AND(ISNA(MATCH(K34+1,$K$7:$K$306,0)),$K34<$A$4),"TIE","")),"DQ") | N34: =IF(ISBLANK($G34),$R34,"DQ") -> 23 | O34: =IF(ISBLANK(A34),"",$H34*$O$6+$I34) -> 2 | P34: =IF(ISBLANK(A34),"",$O34*10*$P$6+$J34) -> 3482 | Q34: =IF(ISBLANK($G34),IF(ISBLANK($A34),-10,$P34*$Q$6+IF($M34>0,$Q$6-1-$M34,0)),-1) -> 10446 | R34: =IF(ISBLANK($A34),"",RANK($Q34,$Q$7:$Q$306)) -> 23 | S34: =IF(ISNA(MATCH($R34+1,$R$7:$R$306,0)),IF($R34=MAX($A$7:$A$306),$R34,-1),$R34) -> 23 | T34: =$A34 -> 41 | U34: =IF(N('Final Round'!$J$14)>0,IF(ISBLANK($A34),"",IF($N34>5,$N34,VLOOKUP($A34,'Final Round'!$A$14:$K$18,COLUMN('Final Round'!$J$1),FALSE))),"") -> 23 | V34: =IF(ISNUMBER($U34),$U34,$R34) -> 23 | W34: =IF(ISBLANK($A34),"",($V$6-$V34)*$W$6+$W$6-$A34) -> 799 | X34: =IF(ISBLANK($A34),"",RANK($W34,$W$7:$W$306)) -> 23 | Y34: =$A34 -> 41 | Z34: =IF($U34="",$N34,$U34) -> 23 | AA34: =IF($U34<6,INDEX($AA$1:$AA$5,$Z34)*$Z$2,0) -> 0 | AB34: =IF(ISBLANK($A34),"",5+4*(I34+IF(AA34=0,0,VLOOKUP($A34,'Final Round'!$A$14:$K$18,COLUMN('Final Round'!$G$1),FALSE)))+8*(H34+IF(AA34=0,0,IF(VLOOKUP($A34,'Final Round'!$A$14:$K$18,COLUMN('Final Round'!$J$1),FALSE)=1,1,0)))+$AA34) -> 13
A35: 5 | B35: Otto | C35: Kallokoski | E35: 113 | F35: =IF(ISBLANK($A35),"",SUM(IF(ISNA(IF(VLOOKUP($A35,'Round 1'!$A$7:$J$306,COLUMN('Round 1'!$H$7),FALSE),1,NA())),0,1),IF(ISNA(IF(VLOOKUP($A35,'Round 2'!$A$7:$J$306,COLUMN('Round 1'!$H$7),FALSE),1,NA())),0,1),IF(ISNA(IF(VLOOKUP($A35,'Round 3'!$A$7:$J$306,COLUMN('Round 1'!$H$7),FALSE),1,NA())),0,1),IF(ISNA(IF(VLOOKUP($A35,'Final Round'!$A$14:$K$18,1,FALSE),1,NA())),0,1))) -> 3 | H35: =IF(ISBLANK($A35),"",IF(ISERROR(VLOOKUP($A35,'Round 1'!$A$7:$I$306,COLUMN('Round 1'!$G$7),FALSE)),0,VLOOKUP($A35,'Round 1'!$A$7:$I$306,COLUMN('Round 1'!$G$7),FALSE))+IF(ISERROR(VLOOKUP($A35,'Round 2'!$A$7:$I$306,COLUMN('Round 2'!$G$7),FALSE)),0,VLOOKUP($A35,'Round 2'!$A$7:$I$306,COLUMN('Round 2'!$G$7),FALSE))+IF(ISERROR(VLOOKUP($A35,'Round 3'!$A$7:$I$306,COLUMN('Round 3'!$G$7),FALSE)),0,VLOOKUP($A35,'Round 3'!$A$7:$I$306,COLUMN('Round 3'!$G$7),FALSE))) -> 1 | I35: =IF(ISBLANK($A35),"",IF(ISERROR(VLOOKUP($A35,'Round 1'!$A$7:$I$306,COLUMN('Round 1'!$F$7),FALSE)),0,VLOOKUP($A35,'Round 1'!$A$7:$I$306,COLUMN('Round 1'!$F$7),FALSE))+IF(ISERROR(VLOOKUP($A35,'Round 2'!$A$7:$I$306,COLUMN('Round 2'!$F$7),FALSE)),0,VLOOKUP($A35,'Round 2'!$A$7:$I$306,COLUMN('Round 2'!$F$7),FALSE))+IF(ISERROR(VLOOKUP($A35,'Round 3'!$A$7:$I$306,COLUMN('Round 3'!$F$7),FALSE)),0,VLOOKUP($A35,'Round 3'!$A$7:$I$306,COLUMN('Round 3'!$F$7),FALSE))) -> 4 | J35: =IF(ISBLANK($A35),"",IF(ISERROR(VLOOKUP($A35,'Round 1'!$A$7:$I$306,COLUMN('Round 1'!$H$7),FALSE)),0,VLOOKUP($A35,'Round 1'!$A$7:$I$306,COLUMN('Round 1'!$H$7),FALSE))+IF(ISERROR(VLOOKUP($A35,'Round 2'!$A$7:$I$306,COLUMN('Round 2'!$H$7),FALSE)),0,VLOOKUP($A35,'Round 2'!$A$7:$I$306,COLUMN('Round 2'!$H$7),FALSE))+IF(ISERROR(VLOOKUP($A35,'Round 3'!$A$7:$I$306,COLUMN('Round 3'!$H$7),FALSE)),0,VLOOKUP($A35,'Round 3'!$A$7:$I$306,COLUMN('Round 3'!$H$7),FALSE))) -> 132 | K35: =IF(ISBLANK(A35),"",RANK(P35,$P$7:$P$306)) -> 13 | L35: =IF(ISBLANK($G35),IF($K35>5,"",IF(AND(ISNA(MATCH(K35+1,$K$7:$K$306,0)),$K35<$A$4),"TIE","")),"DQ") | N35: =IF(ISBLANK($G35),$R35,"DQ") -> 13 | O35: =IF(ISBLANK(A35),"",$H35*$O$6+$I35) -> 13.5 | P35: =IF(ISBLANK(A35),"",$O35*10*$P$6+$J35) -> 22947 | Q35: =IF(ISBLANK($G35),IF(ISBLANK($A35),-10,$P35*$Q$6+IF($M35>0,$Q$6-1-$M35,0)),-1) -> 68841 | R35: =IF(ISBLANK($A35),"",RANK($Q35,$Q$7:$Q$306)) -> 13 | S35: =IF(ISNA(MATCH($R35+1,$R$7:$R$306,0)),IF($R35=MAX($A$7:$A$306),$R35,-1),$R35) -> 13 | T35: =$A35 -> 5 | U35: =IF(N('Final Round'!$J$14)>0,IF(ISBLANK($A35),"",IF($N35>5,$N35,VLOOKUP($A35,'Final Round'!$A$14:$K$18,COLUMN('Final Round'!$J$1),FALSE))),"") -> 13 | V35: =IF(ISNUMBER($U35),$U35,$R35) -> 13 | W35: =IF(ISBLANK($A35),"",($V$6-$V35)*$W$6+$W$6-$A35) -> 1255 | X35: =IF(ISBLANK($A35),"",RANK($W35,$W$7:$W$306)) -> 13 | Y35: =$A35 -> 5 | Z35: =IF($U35="",$N35,$U35) -> 13 | AA35: =IF($U35<6,INDEX($AA$1:$AA$5,$Z35)*$Z$2,0) -> 0 | AB35: =IF(ISBLANK($A35),"",5+4*(I35+IF(AA35=0,0,VLOOKUP($A35,'Final Round'!$A$14:$K$18,COLUMN('Final Round'!$G$1),FALSE)))+8*(H35+IF(AA35=0,0,IF(VLOOKUP($A35,'Final Round'!$A$14:$K$18,COLUMN('Final Round'!$J$1),FALSE)=1,1,0)))+$AA35) -> 29
A36: 40 | B36: Pasi | C36: Karjalainen | E36: 117 | F36: =IF(ISBLANK($A36),"",SUM(IF(ISNA(IF(VLOOKUP($A36,'Round 1'!$A$7:$J$306,COLUMN('Round 1'!$H$7),FALSE),1,NA())),0,1),IF(ISNA(IF(VLOOKUP($A36,'Round 2'!$A$7:$J$306,COLUMN('Round 1'!$H$7),FALSE),1,NA())),0,1),IF(ISNA(IF(VLOOKUP($A36,'Round 3'!$A$7:$J$306,COLUMN('Round 1'!$H$7),FALSE),1,NA())),0,1),IF(ISNA(IF(VLOOKUP($A36,'Final Round'!$A$14:$K$18,1,FALSE),1,NA())),0,1))) -> 3 | H36: =IF(ISBLANK($A36),"",IF(ISERROR(VLOOKUP($A36,'Round 1'!$A$7:$I$306,COLUMN('Round 1'!$G$7),FALSE)),0,VLOOKUP($A36,'Round 1'!$A$7:$I$306,COLUMN('Round 1'!$G$7),FALSE))+IF(ISERROR(VLOOKUP($A36,'Round 2'!$A$7:$I$306,COLUMN('Round 2'!$G$7),FALSE)),0,VLOOKUP($A36,'Round 2'!$A$7:$I$306,COLUMN('Round 2'!$G$7),FALSE))+IF(ISERROR(VLOOKUP($A36,'Round 3'!$A$7:$I$306,COLUMN('Round 3'!$G$7),FALSE)),0,VLOOKUP($A36,'Round 3'!$A$7:$I$306,COLUMN('Round 3'!$G$7),FALSE))) -> 0 | I36: =IF(ISBLANK($A36),"",IF(ISERROR(VLOOKUP($A36,'Round 1'!$A$7:$I$306,COLUMN('Round 1'!$F$7),FALSE)),0,VLOOKUP($A36,'Round 1'!$A$7:$I$306,COLUMN('Round 1'!$F$7),FALSE))+IF(ISERROR(VLOOKUP($A36,'Round 2'!$A$7:$I$306,COLUMN('Round 2'!$F$7),FALSE)),0,VLOOKUP($A36,'Round 2'!$A$7:$I$306,COLUMN('Round 2'!$F$7),FALSE))+IF(ISERROR(VLOOKUP($A36,'Round 3'!$A$7:$I$306,COLUMN('Round 3'!$F$7),FALSE)),0,VLOOKUP($A36,'Round 3'!$A$7:$I$306,COLUMN('Round 3'!$F$7),FALSE))) -> 3 | J36: =IF(ISBLANK($A36),"",IF(ISERROR(VLOOKUP($A36,'Round 1'!$A$7:$I$306,COLUMN('Round 1'!$H$7),FALSE)),0,VLOOKUP($A36,'Round 1'!$A$7:$I$306,COLUMN('Round 1'!$H$7),FALSE))+IF(ISERROR(VLOOKUP($A36,'Round 2'!$A$7:$I$306,COLUMN('Round 2'!$H$7),FALSE)),0,VLOOKUP($A36,'Round 2'!$A$7:$I$306,COLUMN('Round 2'!$H$7),FALSE))+IF(ISERROR(VLOOKUP($A36,'Round 3'!$A$7:$I$306,COLUMN('Round 3'!$H$7),FALSE)),0,VLOOKUP($A36,'Round 3'!$A$7:$I$306,COLUMN('Round 3'!$H$7),FALSE))) -> 126 | K36: =IF(ISBLANK(A36),"",RANK(P36,$P$7:$P$306)) -> 17 | L36: =IF(ISBLANK($G36),IF($K36>5,"",IF(AND(ISNA(MATCH(K36+1,$K$7:$K$306,0)),$K36<$A$4),"TIE","")),"DQ") | N36: =IF(ISBLANK($G36),$R36,"DQ") -> 17 | O36: =IF(ISBLANK(A36),"",$H36*$O$6+$I36) -> 3 | P36: =IF(ISBLANK(A36),"",$O36*10*$P$6+$J36) -> 5196 | Q36: =IF(ISBLANK($G36),IF(ISBLANK($A36),-10,$P36*$Q$6+IF($M36>0,$Q$6-1-$M36,0)),-1) -> 15588 | R36: =IF(ISBLANK($A36),"",RANK($Q36,$Q$7:$Q$306)) -> 17 | S36: =IF(ISNA(MATCH($R36+1,$R$7:$R$306,0)),IF($R36=MAX($A$7:$A$306),$R36,-1),$R36) -> 17 | T36: =$A36 -> 40 | U36: =IF(N('Final Round'!$J$14)>0,IF(ISBLANK($A36),"",IF($N36>5,$N36,VLOOKUP($A36,'Final Round'!$A$14:$K$18,COLUMN('Final Round'!$J$1),FALSE))),"") -> 17 | V36: =IF(ISNUMBER($U36),$U36,$R36) -> 17 | W36: =IF(ISBLANK($A36),"",($V$6-$V36)*$W$6+$W$6-$A36) -> 1052 | X36: =IF(ISBLANK($A36),"",RANK($W36,$W$7:$W$306)) -> 17 | Y36: =$A36 -> 40 | Z36: =IF($U36="",$N36,$U36) -> 17 | AA36: =IF($U36<6,INDEX($AA$1:$AA$5,$Z36)*$Z$2,0) -> 0 | AB36: =IF(ISBLANK($A36),"",5+4*(I36+IF(AA36=0,0,VLOOKUP($A36,'Final Round'!$A$14:$K$18,COLUMN('Final Round'!$G$1),FALSE)))+8*(H36+IF(AA36=0,0,IF(VLOOKUP($A36,'Final Round'!$A$14:$K$18,COLUMN('Final Round'!$J$1),FALSE)=1,1,0)))+$AA36) -> 17
A37: 23 | B37: Peitsa | C37: Suominen | E37: 103 | F37: =IF(ISBLANK($A37),"",SUM(IF(ISNA(IF(VLOOKUP($A37,'Round 1'!$A$7:$J$306,COLUMN('Round 1'!$H$7),FALSE),1,NA())),0,1),IF(ISNA(IF(VLOOKUP($A37,'Round 2'!$A$7:$J$306,COLUMN('Round 1'!$H$7),FALSE),1,NA())),0,1),IF(ISNA(IF(VLOOKUP($A37,'Round 3'!$A$7:$J$306,COLUMN('Round 1'!$H$7),FALSE),1,NA())),0,1),IF(ISNA(IF(VLOOKUP($A37,'Final Round'!$A$14:$K$18,1,FALSE),1,NA())),0,1))) -> 4 | H37: =IF(ISBLANK($A37),"",IF(ISERROR(VLOOKUP($A37,'Round 1'!$A$7:$I$306,COLUMN('Round 1'!$G$7),FALSE)),0,VLOOKUP($A37,'Round 1'!$A$7:$I$306,COLUMN('Round 1'!$G$7),FALSE))+IF(ISERROR(VLOOKUP($A37,'Round 2'!$A$7:$I$306,COLUMN('Round 2'!$G$7),FALSE)),0,VLOOKUP($A37,'Round 2'!$A$7:$I$306,COLUMN('Round 2'!$G$7),FALSE))+IF(ISERROR(VLOOKUP($A37,'Round 3'!$A$7:$I$306,COLUMN('Round 3'!$G$7),FALSE)),0,VLOOKUP($A37,'Round 3'!$A$7:$I$306,COLUMN('Round 3'!$G$7),FALSE))) -> 2 | I37: =IF(ISBLANK($A37),"",IF(ISERROR(VLOOKUP($A37,'Round 1'!$A$7:$I$306,COLUMN('Round 1'!$F$7),FALSE)),0,VLOOKUP($A37,'Round 1'!$A$7:$I$306,COLUMN('Round 1'!$F$7),FALSE))+IF(ISERROR(VLOOKUP($A37,'Round 2'!$A$7:$I$306,COLUMN('Round 2'!$F$7),FALSE)),0,VLOOKUP($A37,'Round 2'!$A$7:$I$306,COLUMN('Round 2'!$F$7),FALSE))+IF(ISERROR(VLOOKUP($A37,'Round 3'!$A$7:$I$306,COLUMN('Round 3'!$F$7),FALSE)),0,VLOOKUP($A37,'Round 3'!$A$7:$I$306,COLUMN('Round 3'!$F$7),FALSE))) -> 6.5 | J37: =IF(ISBLANK($A37),"",IF(ISERROR(VLOOKUP($A37,'Round 1'!$A$7:$I$306,COLUMN('Round 1'!$H$7),FALSE)),0,VLOOKUP($A37,'Round 1'!$A$7:$I$306,COLUMN('Round 1'!$H$7),FALSE))+IF(ISERROR(VLOOKUP($A37,'Round 2'!$A$7:$I$306,COLUMN('Round 2'!$H$7),FALSE)),0,VLOOKUP($A37,'Round 2'!$A$7:$I$306,COLUMN('Round 2'!$H$7),FALSE))+IF(ISERROR(VLOOKUP($A37,'Round 3'!$A$7:$I$306,COLUMN('Round 3'!$H$7),FALSE)),0,VLOOKUP($A37,'Round 3'!$A$7:$I$306,COLUMN('Round 3'!$H$7),FALSE))) -> 156 | K37: =IF(ISBLANK(A37),"",RANK(P37,$P$7:$P$306)) -> 3 | L37: =IF(ISBLANK($G37),IF($K37>5,"",IF(AND(ISNA(MATCH(K37+1,$K$7:$K$306,0)),$K37<$A$4),"TIE","")),"DQ") -> TIE | M37: 1 | N37: =IF(ISBLANK($G37),$R37,"DQ") -> 3 | O37: =IF(ISBLANK(A37),"",$H37*$O$6+$I37) -> 25.5 | P37: =IF(ISBLANK(A37),"",$O37*10*$P$6+$J37) -> 43251 | Q37: =IF(ISBLANK($G37),IF(ISBLANK($A37),-10,$P37*$Q$6+IF($M37>0,$Q$6-1-$M37,0)),-1) -> 129754 | R37: =IF(ISBLANK($A37),"",RANK($Q37,$Q$7:$Q$306)) -> 3 | S37: =IF(ISNA(MATCH($R37+1,$R$7:$R$306,0)),IF($R37=MAX($A$7:$A$306),$R37,-1),$R37) -> 3 | T37: =$A37 -> 23 | U37: =IF(N('Final Round'!$J$14)>0,IF(ISBLANK($A37),"",IF($N37>5,$N37,VLOOKUP($A37,'Final Round'!$A$14:$K$18,COLUMN('Final Round'!$J$1),FALSE))),"") -> 2 | V37: =IF(ISNUMBER($U37),$U37,$R37) -> 2 | W37: =IF(ISBLANK($A37),"",($V$6-$V37)*$W$6+$W$6-$A37) -> 1699 | X37: =IF(ISBLANK($A37),"",RANK($W37,$W$7:$W$306)) -> 3 | Y37: =$A37 -> 23 | Z37: =IF($U37="",$N37,$U37) -> 2 | AA37: =IF($U37<6,INDEX($AA$1:$AA$5,$Z37)*$Z$2,0) -> 59.778506 | AB37: =IF(ISBLANK($A37),"",5+4*(I37+IF(AA37=0,0,VLOOKUP($A37,'Final Round'!$A$14:$K$18,COLUMN('Final Round'!$G$1),FALSE)))+8*(H37+IF(AA37=0,0,IF(VLOOKUP($A37,'Final Round'!$A$14:$K$18,COLUMN('Final Round'!$J$1),FALSE)=1,1,0)))+$AA37) -> 110.77851
A38: 14 | B38: Pekka | C38: Kinnunen | E38: 129 | F38: =IF(ISBLANK($A38),"",SUM(IF(ISNA(IF(VLOOKUP($A38,'Round 1'!$A$7:$J$306,COLUMN('Round 1'!$H$7),FALSE),1,NA())),0,1),IF(ISNA(IF(VLOOKUP($A38,'Round 2'!$A$7:$J$306,COLUMN('Round 1'!$H$7),FALSE),1,NA())),0,1),IF(ISNA(IF(VLOOKUP($A38,'Round 3'!$A$7:$J$306,COLUMN('Round 1'!$H$7),FALSE),1,NA())),0,1),IF(ISNA(IF(VLOOKUP($A38,'Final Round'!$A$14:$K$18,1,FALSE),1,NA())),0,1))) -> 3 | H38: =IF(ISBLANK($A38),"",IF(ISERROR(VLOOKUP($A38,'Round 1'!$A$7:$I$306,COLUMN('Round 1'!$G$7),FALSE)),0,VLOOKUP($A38,'Round 1'!$A$7:$I$306,COLUMN('Round 1'!$G$7),FALSE))+IF(ISERROR(VLOOKUP($A38,'Round 2'!$A$7:$I$306,COLUMN('Round 2'!$G$7),FALSE)),0,VLOOKUP($A38,'Round 2'!$A$7:$I$306,COLUMN('Round 2'!$G$7),FALSE))+IF(ISERROR(VLOOKUP($A38,'Round 3'!$A$7:$I$306,COLUMN('Round 3'!$G$7),FALSE)),0,VLOOKUP($A38,'Round 3'!$A$7:$I$306,COLUMN('Round 3'!$G$7),FALSE))) -> 0 | I38: =IF(ISBLANK($A38),"",IF(ISERROR(VLOOKUP($A38,'Round 1'!$A$7:$I$306,COLUMN('Round 1'!$F$7),FALSE)),0,VLOOKUP($A38,'Round 1'!$A$7:$I$306,COLUMN('Round 1'!$F$7),FALSE))+IF(ISERROR(VLOOKUP($A38,'Round 2'!$A$7:$I$306,COLUMN('Round 2'!$F$7),FALSE)),0,VLOOKUP($A38,'Round 2'!$A$7:$I$306,COLUMN('Round 2'!$F$7),FALSE))+IF(ISERROR(VLOOKUP($A38,'Round 3'!$A$7:$I$306,COLUMN('Round 3'!$F$7),FALSE)),0,VLOOKUP($A38,'Round 3'!$A$7:$I$306,COLUMN('Round 3'!$F$7),FALSE))) -> 0.5 | J38: =IF(ISBLANK($A38),"",IF(ISERROR(VLOOKUP($A38,'Round 1'!$A$7:$I$306,COLUMN('Round 1'!$H$7),FALSE)),0,VLOOKUP($A38,'Round 1'!$A$7:$I$306,COLUMN('Round 1'!$H$7),FALSE))+IF(ISERROR(VLOOKUP($A38,'Round 2'!$A$7:$I$306,COLUMN('Round 2'!$H$7),FALSE)),0,VLOOKUP($A38,'Round 2'!$A$7:$I$306,COLUMN('Round 2'!$H$7),FALSE))+IF(ISERROR(VLOOKUP($A38,'Round 3'!$A$7:$I$306,COLUMN('Round 3'!$H$7),FALSE)),0,VLOOKUP($A38,'Round 3'!$A$7:$I$306,COLUMN('Round 3'!$H$7),FALSE))) -> 84 | K38: =IF(ISBLANK(A38),"",RANK(P38,$P$7:$P$306)) -> 29 | L38: =IF(ISBLANK($G38),IF($K38>5,"",IF(AND(ISNA(MATCH(K38+1,$K$7:$K$306,0)),$K38<$A$4),"TIE","")),"DQ") | N38: =IF(ISBLANK($G38),$R38,"DQ") -> 29 | O38: =IF(ISBLANK(A38),"",$H38*$O$6+$I38) -> 0.5 | P38: =IF(ISBLANK(A38),"",$O38*10*$P$6+$J38) -> 929 | Q38: =IF(ISBLANK($G38),IF(ISBLANK($A38),-10,$P38*$Q$6+IF($M38>0,$Q$6-1-$M38,0)),-1) -> 2787 | R38: =IF(ISBLANK($A38),"",RANK($Q38,$Q$7:$Q$306)) -> 29 | S38: =IF(ISNA(MATCH($R38+1,$R$7:$R$306,0)),IF($R38=MAX($A$7:$A$306),$R38,-1),$R38) -> 29 | T38: =$A38 -> 14 | U38: =IF(N('Final Round'!$J$14)>0,IF(ISBLANK($A38),"",IF($N38>5,$N38,VLOOKUP($A38,'Final Round'!$A$14:$K$18,COLUMN('Final Round'!$J$1),FALSE))),"") -> 29 | V38: =IF(ISNUMBER($U38),$U38,$R38) -> 29 | W38: =IF(ISBLANK($A38),"",($V$6-$V38)*$W$6+$W$6-$A38) -> 574 | X38: =IF(ISBLANK($A38),"",RANK($W38,$W$7:$W$306)) -> 29 | Y38: =$A38 -> 14 | Z38: =IF($U38="",$N38,$U38) -> 29 | AA38: =IF($U38<6,INDEX($AA$1:$AA$5,$Z38)*$Z$2,0) -> 0 | AB38: =IF(ISBLANK($A38),"",5+4*(I38+IF(AA38=0,0,VLOOKUP($A38,'Final Round'!$A$14:$K$18,COLUMN('Final Round'!$G$1),FALSE)))+8*(H38+IF(AA38=0,0,IF(VLOOKUP($A38,'Final Round'!$A$14:$K$18,COLUMN('Final Round'!$J$1),FALSE)=1,1,0)))+$AA38) -> 7
A39: 33 | B39: Petri | C39: Wessman | E39: 114 | F39: =IF(ISBLANK($A39),"",SUM(IF(ISNA(IF(VLOOKUP($A39,'Round 1'!$A$7:$J$306,COLUMN('Round 1'!$H$7),FALSE),1,NA())),0,1),IF(ISNA(IF(VLOOKUP($A39,'Round 2'!$A$7:$J$306,COLUMN('Round 1'!$H$7),FALSE),1,NA())),0,1),IF(ISNA(IF(VLOOKUP($A39,'Round 3'!$A$7:$J$306,COLUMN('Round 1'!$H$7),FALSE),1,NA())),0,1),IF(ISNA(IF(VLOOKUP($A39,'Final Round'!$A$14:$K$18,1,FALSE),1,NA())),0,1))) -> 3 | H39: =IF(ISBLANK($A39),"",IF(ISERROR(VLOOKUP($A39,'Round 1'!$A$7:$I$306,COLUMN('Round 1'!$G$7),FALSE)),0,VLOOKUP($A39,'Round 1'!$A$7:$I$306,COLUMN('Round 1'!$G$7),FALSE))+IF(ISERROR(VLOOKUP($A39,'Round 2'!$A$7:$I$306,COLUMN('Round 2'!$G$7),FALSE)),0,VLOOKUP($A39,'Round 2'!$A$7:$I$306,COLUMN('Round 2'!$G$7),FALSE))+IF(ISERROR(VLOOKUP($A39,'Round 3'!$A$7:$I$306,COLUMN('Round 3'!$G$7),FALSE)),0,VLOOKUP($A39,'Round 3'!$A$7:$I$306,COLUMN('Round 3'!$G$7),FALSE))) -> 1 | I39: =IF(ISBLANK($A39),"",IF(ISERROR(VLOOKUP($A39,'Round 1'!$A$7:$I$306,COLUMN('Round 1'!$F$7),FALSE)),0,VLOOKUP($A39,'Round 1'!$A$7:$I$306,COLUMN('Round 1'!$F$7),FALSE))+IF(ISERROR(VLOOKUP($A39,'Round 2'!$A$7:$I$306,COLUMN('Round 2'!$F$7),FALSE)),0,VLOOKUP($A39,'Round 2'!$A$7:$I$306,COLUMN('Round 2'!$F$7),FALSE))+IF(ISERROR(VLOOKUP($A39,'Round 3'!$A$7:$I$306,COLUMN('Round 3'!$F$7),FALSE)),0,VLOOKUP($A39,'Round 3'!$A$7:$I$306,COLUMN('Round 3'!$F$7),FALSE))) -> 4 | J39: =IF(ISBLANK($A39),"",IF(ISERROR(VLOOKUP($A39,'Round 1'!$A$7:$I$306,COLUMN('Round 1'!$H$7),FALSE)),0,VLOOKUP($A39,'Round 1'!$A$7:$I$306,COLUMN('Round 1'!$H$7),FALSE))+IF(ISERROR(VLOOKUP($A39,'Round 2'!$A$7:$I$306,COLUMN('Round 2'!$H$7),FALSE)),0,VLOOKUP($A39,'Round 2'!$A$7:$I$306,COLUMN('Round 2'!$H$7),FALSE))+IF(ISERROR(VLOOKUP($A39,'Round 3'!$A$7:$I$306,COLUMN('Round 3'!$H$7),FALSE)),0,VLOOKUP($A39,'Round 3'!$A$7:$I$306,COLUMN('Round 3'!$H$7),FALSE))) -> 96 | K39: =IF(ISBLANK(A39),"",RANK(P39,$P$7:$P$306)) -> 14 | L39: =IF(ISBLANK($G39),IF($K39>5,"",IF(AND(ISNA(MATCH(K39+1,$K$7:$K$306,0)),$K39<$A$4),"TIE","")),"DQ") | N39: =IF(ISBLANK($G39),$R39,"DQ") -> 14 | O39: =IF(ISBLANK(A39),"",$H39*$O$6+$I39) -> 13.5 | P39: =IF(ISBLANK(A39),"",$O39*10*$P$6+$J39) -> 22911 | Q39: =IF(ISBLANK($G39),IF(ISBLANK($A39),-10,$P39*$Q$6+IF($M39>0,$Q$6-1-$M39,0)),-1) -> 68733 | R39: =IF(ISBLANK($A39),"",RANK($Q39,$Q$7:$Q$306)) -> 14 | S39: =IF(ISNA(MATCH($R39+1,$R$7:$R$306,0)),IF($R39=MAX($A$7:$A$306),$R39,-1),$R39) -> 14 | T39: =$A39 -> 33 | U39: =IF(N('Final Round'!$J$14)>0,IF(ISBLANK($A39),"",IF($N39>5,$N39,VLOOKUP($A39,'Final Round'!$A$14:$K$18,COLUMN('Final Round'!$J$1),FALSE))),"") -> 14 | V39: =IF(ISNUMBER($U39),$U39,$R39) -> 14 | W39: =IF(ISBLANK($A39),"",($V$6-$V39)*$W$6+$W$6-$A39) -> 1185 | X39: =IF(ISBLANK($A39),"",RANK($W39,$W$7:$W$306)) -> 14 | Y39: =$A39 -> 33 | Z39: =IF($U39="",$N39,$U39) -> 14 | AA39: =IF($U39<6,INDEX($AA$1:$AA$5,$Z39)*$Z$2,0) -> 0 | AB39: =IF(ISBLANK($A39),"",5+4*(I39+IF(AA39=0,0,VLOOKUP($A39,'Final Round'!$A$14:$K$18,COLUMN('Final Round'!$G$1),FALSE)))+8*(H39+IF(AA39=0,0,IF(VLOOKUP($A39,'Final Round'!$A$14:$K$18,COLUMN('Final Round'!$J$1),FALSE)=1,1,0)))+$AA39) -> 29
A40: 11 | B40: Robin | C40: Vossen | E40: 138 | F40: =IF(ISBLANK($A40),"",SUM(IF(ISNA(IF(VLOOKUP($A40,'Round 1'!$A$7:$J$306,COLUMN('Round 1'!$H$7),FALSE),1,NA())),0,1),IF(ISNA(IF(VLOOKUP($A40,'Round 2'!$A$7:$J$306,COLUMN('Round 1'!$H$7),FALSE),1,NA())),0,1),IF(ISNA(IF(VLOOKUP($A40,'Round 3'!$A$7:$J$306,COLUMN('Round 1'!$H$7),FALSE),1,NA())),0,1),IF(ISNA(IF(VLOOKUP($A40,'Final Round'!$A$14:$K$18,1,FALSE),1,NA())),0,1))) -> 3 | H40: =IF(ISBLANK($A40),"",IF(ISERROR(VLOOKUP($A40,'Round 1'!$A$7:$I$306,COLUMN('Round 1'!$G$7),FALSE)),0,VLOOKUP($A40,'Round 1'!$A$7:$I$306,COLUMN('Round 1'!$G$7),FALSE))+IF(ISERROR(VLOOKUP($A40,'Round 2'!$A$7:$I$306,COLUMN('Round 2'!$G$7),FALSE)),0,VLOOKUP($A40,'Round 2'!$A$7:$I$306,COLUMN('Round 2'!$G$7),FALSE))+IF(ISERROR(VLOOKUP($A40,'Round 3'!$A$7:$I$306,COLUMN('Round 3'!$G$7),FALSE)),0,VLOOKUP($A40,'Round 3'!$A$7:$I$306,COLUMN('Round 3'!$G$7),FALSE))) -> 0 | I40: =IF(ISBLANK($A40),"",IF(ISERROR(VLOOKUP($A40,'Round 1'!$A$7:$I$306,COLUMN('Round 1'!$F$7),FALSE)),0,VLOOKUP($A40,'Round 1'!$A$7:$I$306,COLUMN('Round 1'!$F$7),FALSE))+IF(ISERROR(VLOOKUP($A40,'Round 2'!$A$7:$I$306,COLUMN('Round 2'!$F$7),FALSE)),0,VLOOKUP($A40,'Round 2'!$A$7:$I$306,COLUMN('Round 2'!$F$7),FALSE))+IF(ISERROR(VLOOKUP($A40,'Round 3'!$A$7:$I$306,COLUMN('Round 3'!$F$7),FALSE)),0,VLOOKUP($A40,'Round 3'!$A$7:$I$306,COLUMN('Round 3'!$F$7),FALSE))) -> 0 | J40: =IF(ISBLANK($A40),"",IF(ISERROR(VLOOKUP($A40,'Round 1'!$A$7:$I$306,COLUMN('Round 1'!$H$7),FALSE)),0,VLOOKUP($A40,'Round 1'!$A$7:$I$306,COLUMN('Round 1'!$H$7),FALSE))+IF(ISERROR(VLOOKUP($A40,'Round 2'!$A$7:$I$306,COLUMN('Round 2'!$H$7),FALSE)),0,VLOOKUP($A40,'Round 2'!$A$7:$I$306,COLUMN('Round 2'!$H$7),FALSE))+IF(ISERROR(VLOOKUP($A40,'Round 3'!$A$7:$I$306,COLUMN('Round 3'!$H$7),FALSE)),0,VLOOKUP($A40,'Round 3'!$A$7:$I$306,COLUMN('Round 3'!$H$7),FALSE))) -> 60 | K40: =IF(ISBLANK(A40),"",RANK(P40,$P$7:$P$306)) -> 38 | L40: =IF(ISBLANK($G40),IF($K40>5,"",IF(AND(ISNA(MATCH(K40+1,$K$7:$K$306,0)),$K40<$A$4),"TIE","")),"DQ") | N40: =IF(ISBLANK($G40),$R40,"DQ") -> 38 | O40: =IF(ISBLANK(A40),"",$H40*$O$6+$I40) -> 0 | P40: =IF(ISBLANK(A40),"",$O40*10*$P$6+$J40) -> 60 | Q40: =IF(ISBLANK($G40),IF(ISBLANK($A40),-10,$P40*$Q$6+IF($M40>0,$Q$6-1-$M40,0)),-1) -> 180 | R40: =IF(ISBLANK($A40),"",RANK($Q40,$Q$7:$Q$306)) -> 38 | S40: =IF(ISNA(MATCH($R40+1,$R$7:$R$306,0)),IF($R40=MAX($A$7:$A$306),$R40,-1),$R40) -> -1 | T40: =$A40 -> 11 | U40: =IF(N('Final Round'!$J$14)>0,IF(ISBLANK($A40),"",IF($N40>5,$N40,VLOOKUP($A40,'Final Round'!$A$14:$K$18,COLUMN('Final Round'!$J$1),FALSE))),"") -> 38 | V40: =IF(ISNUMBER($U40),$U40,$R40) -> 38 | W40: =IF(ISBLANK($A40),"",($V$6-$V40)*$W$6+$W$6-$A40) -> 199 | X40: =IF(ISBLANK($A40),"",RANK($W40,$W$7:$W$306)) -> 38 | Y40: =$A40 -> 11 | Z40: =IF($U40="",$N40,$U40) -> 38 | AA40: =IF($U40<6,INDEX($AA$1:$AA$5,$Z40)*$Z$2,0) -> 0 | AB40: =IF(ISBLANK($A40),"",5+4*(I40+IF(AA40=0,0,VLOOKUP($A40,'Final Round'!$A$14:$K$18,COLUMN('Final Round'!$G$1),FALSE)))+8*(H40+IF(AA40=0,0,IF(VLOOKUP($A40,'Final Round'!$A$14:$K$18,COLUMN('Final Round'!$J$1),FALSE)=1,1,0)))+$AA40) -> 5
A41: 30 | B41: Santeri | C41: Piipponen | E41: 128 | F41: =IF(ISBLANK($A41),"",SUM(IF(ISNA(IF(VLOOKUP($A41,'Round 1'!$A$7:$J$306,COLUMN('Round 1'!$H$7),FALSE),1,NA())),0,1),IF(ISNA(IF(VLOOKUP($A41,'Round 2'!$A$7:$J$306,COLUMN('Round 1'!$H$7),FALSE),1,NA())),0,1),IF(ISNA(IF(VLOOKUP($A41,'Round 3'!$A$7:$J$306,COLUMN('Round 1'!$H$7),FALSE),1,NA())),0,1),IF(ISNA(IF(VLOOKUP($A41,'Final Round'!$A$14:$K$18,1,FALSE),1,NA())),0,1))) -> 3 | H41: =IF(ISBLANK($A41),"",IF(ISERROR(VLOOKUP($A41,'Round 1'!$A$7:$I$306,COLUMN('Round 1'!$G$7),FALSE)),0,VLOOKUP($A41,'Round 1'!$A$7:$I$306,COLUMN('Round 1'!$G$7),FALSE))+IF(ISERROR(VLOOKUP($A41,'Round 2'!$A$7:$I$306,COLUMN('Round 2'!$G$7),FALSE)),0,VLOOKUP($A41,'Round 2'!$A$7:$I$306,COLUMN('Round 2'!$G$7),FALSE))+IF(ISERROR(VLOOKUP($A41,'Round 3'!$A$7:$I$306,COLUMN('Round 3'!$G$7),FALSE)),0,VLOOKUP($A41,'Round 3'!$A$7:$I$306,COLUMN('Round 3'!$G$7),FALSE))) -> 0 | I41: =IF(ISBLANK($A41),"",IF(ISERROR(VLOOKUP($A41,'Round 1'!$A$7:$I$306,COLUMN('Round 1'!$F$7),FALSE)),0,VLOOKUP($A41,'Round 1'!$A$7:$I$306,COLUMN('Round 1'!$F$7),FALSE))+IF(ISERROR(VLOOKUP($A41,'Round 2'!$A$7:$I$306,COLUMN('Round 2'!$F$7),FALSE)),0,VLOOKUP($A41,'Round 2'!$A$7:$I$306,COLUMN('Round 2'!$F$7),FALSE))+IF(ISERROR(VLOOKUP($A41,'Round 3'!$A$7:$I$306,COLUMN('Round 3'!$F$7),FALSE)),0,VLOOKUP($A41,'Round 3'!$A$7:$I$306,COLUMN('Round 3'!$F$7),FALSE))) -> 1 | J41: =IF(ISBLANK($A41),"",IF(ISERROR(VLOOKUP($A41,'Round 1'!$A$7:$I$306,COLUMN('Round 1'!$H$7),FALSE)),0,VLOOKUP($A41,'Round 1'!$A$7:$I$306,COLUMN('Round 1'!$H$7),FALSE))+IF(ISERROR(VLOOKUP($A41,'Round 2'!$A$7:$I$306,COLUMN('Round 2'!$H$7),FALSE)),0,VLOOKUP($A41,'Round 2'!$A$7:$I$306,COLUMN('Round 2'!$H$7),FALSE))+IF(ISERROR(VLOOKUP($A41,'Round 3'!$A$7:$I$306,COLUMN('Round 3'!$H$7),FALSE)),0,VLOOKUP($A41,'Round 3'!$A$7:$I$306,COLUMN('Round 3'!$H$7),FALSE))) -> 94 | K41: =IF(ISBLANK(A41),"",RANK(P41,$P$7:$P$306)) -> 28 | L41: =IF(ISBLANK($G41),IF($K41>5,"",IF(AND(ISNA(MATCH(K41+1,$K$7:$K$306,0)),$K41<$A$4),"TIE","")),"DQ") | N41: =IF(ISBLANK($G41),$R41,"DQ") -> 28 | O41: =IF(ISBLANK(A41),"",$H41*$O$6+$I41) -> 1 | P41: =IF(ISBLANK(A41),"",$O41*10*$P$6+$J41) -> 1784 | Q41: =IF(ISBLANK($G41),IF(ISBLANK($A41),-10,$P41*$Q$6+IF($M41>0,$Q$6-1-$M41,0)),-1) -> 5352 | R41: =IF(ISBLANK($A41),"",RANK($Q41,$Q$7:$Q$306)) -> 28 | S41: =IF(ISNA(MATCH($R41+1,$R$7:$R$306,0)),IF($R41=MAX($A$7:$A$306),$R41,-1),$R41) -> 28 | T41: =$A41 -> 30 | U41: =IF(N('Final Round'!$J$14)>0,IF(ISBLANK($A41),"",IF($N41>5,$N41,VLOOKUP($A41,'Final Round'!$A$14:$K$18,COLUMN('Final Round'!$J$1),FALSE))),"") -> 28 | V41: =IF(ISNUMBER($U41),$U41,$R41) -> 28 | W41: =IF(ISBLANK($A41),"",($V$6-$V41)*$W$6+$W$6-$A41) -> 600 | X41: =IF(ISBLANK($A41),"",RANK($W41,$W$7:$W$306)) -> 28 | Y41: =$A41 -> 30 | Z41: =IF($U41="",$N41,$U41) -> 28 | AA41: =IF($U41<6,INDEX($AA$1:$AA$5,$Z41)*$Z$2,0) -> 0 | AB41: =IF(ISBLANK($A41),"",5+4*(I41+IF(AA41=0,0,VLOOKUP($A41,'Final Round'!$A$14:$K$18,COLUMN('Final Round'!$G$1),FALSE)))+8*(H41+IF(AA41=0,0,IF(VLOOKUP($A41,'Final Round'!$A$14:$K$18,COLUMN('Final Round'!$J$1),FALSE)=1,1,0)))+$AA41) -> 9
A42: 20 | B42: Teemu | C42: Sainomaa | E42: 127 | F42: =IF(ISBLANK($A42),"",SUM(IF(ISNA(IF(VLOOKUP($A42,'Round 1'!$A$7:$J$306,COLUMN('Round 1'!$H$7),FALSE),1,NA())),0,1),IF(ISNA(IF(VLOOKUP($A42,'Round 2'!$A$7:$J$306,COLUMN('Round 1'!$H$7),FALSE),1,NA())),0,1),IF(ISNA(IF(VLOOKUP($A42,'Round 3'!$A$7:$J$306,COLUMN('Round 1'!$H$7),FALSE),1,NA())),0,1),IF(ISNA(IF(VLOOKUP($A42,'Final Round'!$A$14:$K$18,1,FALSE),1,NA())),0,1))) -> 3 | H42: =IF(ISBLANK($A42),"",IF(ISERROR(VLOOKUP($A42,'Round 1'!$A$7:$I$306,COLUMN('Round 1'!$G$7),FALSE)),0,VLOOKUP($A42,'Round 1'!$A$7:$I$306,COLUMN('Round 1'!$G$7),FALSE))+IF(ISERROR(VLOOKUP($A42,'Round 2'!$A$7:$I$306,COLUMN('Round 2'!$G$7),FALSE)),0,VLOOKUP($A42,'Round 2'!$A$7:$I$306,COLUMN('Round 2'!$G$7),FALSE))+IF(ISERROR(VLOOKUP($A42,'Round 3'!$A$7:$I$306,COLUMN('Round 3'!$G$7),FALSE)),0,VLOOKUP($A42,'Round 3'!$A$7:$I$306,COLUMN('Round 3'!$G$7),FALSE))) -> 0 | I42: =IF(ISBLANK($A42),"",IF(ISERROR(VLOOKUP($A42,'Round 1'!$A$7:$I$306,COLUMN('Round 1'!$F$7),FALSE)),0,VLOOKUP($A42,'Round 1'!$A$7:$I$306,COLUMN('Round 1'!$F$7),FALSE))+IF(ISERROR(VLOOKUP($A42,'Round 2'!$A$7:$I$306,COLUMN('Round 2'!$F$7),FALSE)),0,VLOOKUP($A42,'Round 2'!$A$7:$I$306,COLUMN('Round 2'!$F$7),FALSE))+IF(ISERROR(VLOOKUP($A42,'Round 3'!$A$7:$I$306,COLUMN('Round 3'!$F$7),FALSE)),0,VLOOKUP($A42,'Round 3'!$A$7:$I$306,COLUMN('Round 3'!$F$7),FALSE))) -> 1 | J42: =IF(ISBLANK($A42),"",IF(ISERROR(VLOOKUP($A42,'Round 1'!$A$7:$I$306,COLUMN('Round 1'!$H$7),FALSE)),0,VLOOKUP($A42,'Round 1'!$A$7:$I$306,COLUMN('Round 1'!$H$7),FALSE))+IF(ISERROR(VLOOKUP($A42,'Round 2'!$A$7:$I$306,COLUMN('Round 2'!$H$7),FALSE)),0,VLOOKUP($A42,'Round 2'!$A$7:$I$306,COLUMN('Round 2'!$H$7),FALSE))+IF(ISERROR(VLOOKUP($A42,'Round 3'!$A$7:$I$306,COLUMN('Round 3'!$H$7),FALSE)),0,VLOOKUP($A42,'Round 3'!$A$7:$I$306,COLUMN('Round 3'!$H$7),FALSE))) -> 112 | K42: =IF(ISBLANK(A42),"",RANK(P42,$P$7:$P$306)) -> 27 | L42: =IF(ISBLANK($G42),IF($K42>5,"",IF(AND(ISNA(MATCH(K42+1,$K$7:$K$306,0)),$K42<$A$4),"TIE","")),"DQ") | N42: =IF(ISBLANK($G42),$R42,"DQ") -> 27 | O42: =IF(ISBLANK(A42),"",$H42*$O$6+$I42) -> 1 | P42: =IF(ISBLANK(A42),"",$O42*10*$P$6+$J42) -> 1802 | Q42: =IF(ISBLANK($G42),IF(ISBLANK($A42),-10,$P42*$Q$6+IF($M42>0,$Q$6-1-$M42,0)),-1) -> 5406 | R42: =IF(ISBLANK($A42),"",RANK($Q42,$Q$7:$Q$306)) -> 27 | S42: =IF(ISNA(MATCH($R42+1,$R$7:$R$306,0)),IF($R42=MAX($A$7:$A$306),$R42,-1),$R42) -> 27 | T42: =$A42 -> 20 | U42: =IF(N('Final Round'!$J$14)>0,IF(ISBLANK($A42),"",IF($N42>5,$N42,VLOOKUP($A42,'Final Round'!$A$14:$K$18,COLUMN('Final Round'!$J$1),FALSE))),"") -> 27 | V42: =IF(ISNUMBER($U42),$U42,$R42) -> 27 | W42: =IF(ISBLANK($A42),"",($V$6-$V42)*$W$6+$W$6-$A42) -> 652 | X42: =IF(ISBLANK($A42),"",RANK($W42,$W$7:$W$306)) -> 27 | Y42: =$A42 -> 20 | Z42: =IF($U42="",$N42,$U42) -> 27 | AA42: =IF($U42<6,INDEX($AA$1:$AA$5,$Z42)*$Z$2,0) -> 0 | AB42: =IF(ISBLANK($A42),"",5+4*(I42+IF(AA42=0,0,VLOOKUP($A42,'Final Round'!$A$14:$K$18,COLUMN('Final Round'!$G$1),FALSE)))+8*(H42+IF(AA42=0,0,IF(VLOOKUP($A42,'Final Round'!$A$14:$K$18,COLUMN('Final Round'!$J$1),FALSE)=1,1,0)))+$AA42) -> 9
A43: 22 | B43: Teemu | C43: Pulkkinen | E43: 137 | F43: =IF(ISBLANK($A43),"",SUM(IF(ISNA(IF(VLOOKUP($A43,'Round 1'!$A$7:$J$306,COLUMN('Round 1'!$H$7),FALSE),1,NA())),0,1),IF(ISNA(IF(VLOOKUP($A43,'Round 2'!$A$7:$J$306,COLUMN('Round 1'!$H$7),FALSE),1,NA())),0,1),IF(ISNA(IF(VLOOKUP($A43,'Round 3'!$A$7:$J$306,COLUMN('Round 1'!$H$7),FALSE),1,NA())),0,1),IF(ISNA(IF(VLOOKUP($A43,'Final Round'!$A$14:$K$18,1,FALSE),1,NA())),0,1))) -> 3 | H43: =IF(ISBLANK($A43),"",IF(ISERROR(VLOOKUP($A43,'Round 1'!$A$7:$I$306,COLUMN('Round 1'!$G$7),FALSE)),0,VLOOKUP($A43,'Round 1'!$A$7:$I$306,COLUMN('Round 1'!$G$7),FALSE))+IF(ISERROR(VLOOKUP($A43,'Round 2'!$A$7:$I$306,COLUMN('Round 2'!$G$7),FALSE)),0,VLOOKUP($A43,'Round 2'!$A$7:$I$306,COLUMN('Round 2'!$G$7),FALSE))+IF(ISERROR(VLOOKUP($A43,'Round 3'!$A$7:$I$306,COLUMN('Round 3'!$G$7),FALSE)),0,VLOOKUP($A43,'Round 3'!$A$7:$I$306,COLUMN('Round 3'!$G$7),FALSE))) -> 0 | I43: =IF(ISBLANK($A43),"",IF(ISERROR(VLOOKUP($A43,'Round 1'!$A$7:$I$306,COLUMN('Round 1'!$F$7),FALSE)),0,VLOOKUP($A43,'Round 1'!$A$7:$I$306,COLUMN('Round 1'!$F$7),FALSE))+IF(ISERROR(VLOOKUP($A43,'Round 2'!$A$7:$I$306,COLUMN('Round 2'!$F$7),FALSE)),0,VLOOKUP($A43,'Round 2'!$A$7:$I$306,COLUMN('Round 2'!$F$7),FALSE))+IF(ISERROR(VLOOKUP($A43,'Round 3'!$A$7:$I$306,COLUMN('Round 3'!$F$7),FALSE)),0,VLOOKUP($A43,'Round 3'!$A$7:$I$306,COLUMN('Round 3'!$F$7),FALSE))) -> 0 | J43: =IF(ISBLANK($A43),"",IF(ISERROR(VLOOKUP($A43,'Round 1'!$A$7:$I$306,COLUMN('Round 1'!$H$7),FALSE)),0,VLOOKUP($A43,'Round 1'!$A$7:$I$306,COLUMN('Round 1'!$H$7),FALSE))+IF(ISERROR(VLOOKUP($A43,'Round 2'!$A$7:$I$306,COLUMN('Round 2'!$H$7),FALSE)),0,VLOOKUP($A43,'Round 2'!$A$7:$I$306,COLUMN('Round 2'!$H$7),FALSE))+IF(ISERROR(VLOOKUP($A43,'Round 3'!$A$7:$I$306,COLUMN('Round 3'!$H$7),FALSE)),0,VLOOKUP($A43,'Round 3'!$A$7:$I$306,COLUMN('Round 3'!$H$7),FALSE))) -> 64 | K43: =IF(ISBLANK(A43),"",RANK(P43,$P$7:$P$306)) -> 37 | L43: =IF(ISBLANK($G43),IF($K43>5,"",IF(AND(ISNA(MATCH(K43+1,$K$7:$K$306,0)),$K43<$A$4),"TIE","")),"DQ") | N43: =IF(ISBLANK($G43),$R43,"DQ") -> 37 | O43: =IF(ISBLANK(A43),"",$H43*$O$6+$I43) -> 0 | P43: =IF(ISBLANK(A43),"",$O43*10*$P$6+$J43) -> 64 | Q43: =IF(ISBLANK($G43),IF(ISBLANK($A43),-10,$P43*$Q$6+IF($M43>0,$Q$6-1-$M43,0)),-1) -> 192 | R43: =IF(ISBLANK($A43),"",RANK($Q43,$Q$7:$Q$306)) -> 37 | S43: =IF(ISNA(MATCH($R43+1,$R$7:$R$306,0)),IF($R43=MAX($A$7:$A$306),$R43,-1),$R43) -> 37 | T43: =$A43 -> 22 | U43: =IF(N('Final Round'!$J$14)>0,IF(ISBLANK($A43),"",IF($N43>5,$N43,VLOOKUP($A43,'Final Round'!$A$14:$K$18,COLUMN('Final Round'!$J$1),FALSE))),"") -> 37 | V43: =IF(ISNUMBER($U43),$U43,$R43) -> 37 | W43: =IF(ISBLANK($A43),"",($V$6-$V43)*$W$6+$W$6-$A43) -> 230 | X43: =IF(ISBLANK($A43),"",RANK($W43,$W$7:$W$306)) -> 37 | Y43: =$A43 -> 22 | Z43: =IF($U43="",$N43,$U43) -> 37 | AA43: =IF($U43<6,INDEX($AA$1:$AA$5,$Z43)*$Z$2,0) -> 0 | AB43: =IF(ISBLANK($A43),"",5+4*(I43+IF(AA43=0,0,VLOOKUP($A43,'Final Round'!$A$14:$K$18,COLUMN('Final Round'!$G$1),FALSE)))+8*(H43+IF(AA43=0,0,IF(VLOOKUP($A43,'Final Round'!$A$14:$K$18,COLUMN('Final Round'!$J$1),FALSE)=1,1,0)))+$AA43) -> 5
A44: 1 | B44: Tero | C44: Aalto | E44: 116 | F44: =IF(ISBLANK($A44),"",SUM(IF(ISNA(IF(VLOOKUP($A44,'Round 1'!$A$7:$J$306,COLUMN('Round 1'!$H$7),FALSE),1,NA())),0,1),IF(ISNA(IF(VLOOKUP($A44,'Round 2'!$A$7:$J$306,COLUMN('Round 1'!$H$7),FALSE),1,NA())),0,1),IF(ISNA(IF(VLOOKUP($A44,'Round 3'!$A$7:$J$306,COLUMN('Round 1'!$H$7),FALSE),1,NA())),0,1),IF(ISNA(IF(VLOOKUP($A44,'Final Round'!$A$14:$K$18,1,FALSE),1,NA())),0,1))) -> 3 | H44: =IF(ISBLANK($A44),"",IF(ISERROR(VLOOKUP($A44,'Round 1'!$A$7:$I$306,COLUMN('Round 1'!$G$7),FALSE)),0,VLOOKUP($A44,'Round 1'!$A$7:$I$306,COLUMN('Round 1'!$G$7),FALSE))+IF(ISERROR(VLOOKUP($A44,'Round 2'!$A$7:$I$306,COLUMN('Round 2'!$G$7),FALSE)),0,VLOOKUP($A44,'Round 2'!$A$7:$I$306,COLUMN('Round 2'!$G$7),FALSE))+IF(ISERROR(VLOOKUP($A44,'Round 3'!$A$7:$I$306,COLUMN('Round 3'!$G$7),FALSE)),0,VLOOKUP($A44,'Round 3'!$A$7:$I$306,COLUMN('Round 3'!$G$7),FALSE))) -> 1 | I44: =IF(ISBLANK($A44),"",IF(ISERROR(VLOOKUP($A44,'Round 1'!$A$7:$I$306,COLUMN('Round 1'!$F$7),FALSE)),0,VLOOKUP($A44,'Round 1'!$A$7:$I$306,COLUMN('Round 1'!$F$7),FALSE))+IF(ISERROR(VLOOKUP($A44,'Round 2'!$A$7:$I$306,COLUMN('Round 2'!$F$7),FALSE)),0,VLOOKUP($A44,'Round 2'!$A$7:$I$306,COLUMN('Round 2'!$F$7),FALSE))+IF(ISERROR(VLOOKUP($A44,'Round 3'!$A$7:$I$306,COLUMN('Round 3'!$F$7),FALSE)),0,VLOOKUP($A44,'Round 3'!$A$7:$I$306,COLUMN('Round 3'!$F$7),FALSE))) -> 3.5 | J44: =IF(ISBLANK($A44),"",IF(ISERROR(VLOOKUP($A44,'Round 1'!$A$7:$I$306,COLUMN('Round 1'!$H$7),FALSE)),0,VLOOKUP($A44,'Round 1'!$A$7:$I$306,COLUMN('Round 1'!$H$7),FALSE))+IF(ISERROR(VLOOKUP($A44,'Round 2'!$A$7:$I$306,COLUMN('Round 2'!$H$7),FALSE)),0,VLOOKUP($A44,'Round 2'!$A$7:$I$306,COLUMN('Round 2'!$H$7),FALSE))+IF(ISERROR(VLOOKUP($A44,'Round 3'!$A$7:$I$306,COLUMN('Round 3'!$H$7),FALSE)),0,VLOOKUP($A44,'Round 3'!$A$7:$I$306,COLUMN('Round 3'!$H$7),FALSE))) -> 114 | K44: =IF(ISBLANK(A44),"",RANK(P44,$P$7:$P$306)) -> 16 | L44: =IF(ISBLANK($G44),IF($K44>5,"",IF(AND(ISNA(MATCH(K44+1,$K$7:$K$306,0)),$K44<$A$4),"TIE","")),"DQ") | N44: =IF(ISBLANK($G44),$R44,"DQ") -> 16 | O44: =IF(ISBLANK(A44),"",$H44*$O$6+$I44) -> 13 | P44: =IF(ISBLANK(A44),"",$O44*10*$P$6+$J44) -> 22084 | Q44: =IF(ISBLANK($G44),IF(ISBLANK($A44),-10,$P44*$Q$6+IF($M44>0,$Q$6-1-$M44,0)),-1) -> 66252 | R44: =IF(ISBLANK($A44),"",RANK($Q44,$Q$7:$Q$306)) -> 16 | S44: =IF(ISNA(MATCH($R44+1,$R$7:$R$306,0)),IF($R44=MAX($A$7:$A$306),$R44,-1),$R44) -> 16 | T44: =$A44 -> 1 | U44: =IF(N('Final Round'!$J$14)>0,IF(ISBLANK($A44),"",IF($N44>5,$N44,VLOOKUP($A44,'Final Round'!$A$14:$K$18,COLUMN('Final Round'!$J$1),FALSE))),"") -> 16 | V44: =IF(ISNUMBER($U44),$U44,$R44) -> 16 | W44: =IF(ISBLANK($A44),"",($V$6-$V44)*$W$6+$W$6-$A44) -> 1133 | X44: =IF(ISBLANK($A44),"",RANK($W44,$W$7:$W$306)) -> 16 | Y44: =$A44 -> 1 | Z44: =IF($U44="",$N44,$U44) -> 16 | AA44: =IF($U44<6,INDEX($AA$1:$AA$5,$Z44)*$Z$2,0) -> 0 | AB44: =IF(ISBLANK($A44),"",5+4*(I44+IF(AA44=0,0,VLOOKUP($A44,'Final Round'!$A$14:$K$18,COLUMN('Final Round'!$G$1),FALSE)))+8*(H44+IF(AA44=0,0,IF(VLOOKUP($A44,'Final Round'!$A$14:$K$18,COLUMN('Final Round'!$J$1),FALSE)=1,1,0)))+$AA44) -> 27
A45: 12 | B45: Timo | C45: Tahvanainen | E45: 132 | F45: =IF(ISBLANK($A45),"",SUM(IF(ISNA(IF(VLOOKUP($A45,'Round 1'!$A$7:$J$306,COLUMN('Round 1'!$H$7),FALSE),1,NA())),0,1),IF(ISNA(IF(VLOOKUP($A45,'Round 2'!$A$7:$J$306,COLUMN('Round 1'!$H$7),FALSE),1,NA())),0,1),IF(ISNA(IF(VLOOKUP($A45,'Round 3'!$A$7:$J$306,COLUMN('Round 1'!$H$7),FALSE),1,NA())),0,1),IF(ISNA(IF(VLOOKUP($A45,'Final Round'!$A$14:$K$18,1,FALSE),1,NA())),0,1))) -> 3 | H45: =IF(ISBLANK($A45),"",IF(ISERROR(VLOOKUP($A45,'Round 1'!$A$7:$I$306,COLUMN('Round 1'!$G$7),FALSE)),0,VLOOKUP($A45,'Round 1'!$A$7:$I$306,COLUMN('Round 1'!$G$7),FALSE))+IF(ISERROR(VLOOKUP($A45,'Round 2'!$A$7:$I$306,COLUMN('Round 2'!$G$7),FALSE)),0,VLOOKUP($A45,'Round 2'!$A$7:$I$306,COLUMN('Round 2'!$G$7),FALSE))+IF(ISERROR(VLOOKUP($A45,'Round 3'!$A$7:$I$306,COLUMN('Round 3'!$G$7),FALSE)),0,VLOOKUP($A45,'Round 3'!$A$7:$I$306,COLUMN('Round 3'!$G$7),FALSE))) -> 0 | I45: =IF(ISBLANK($A45),"",IF(ISERROR(VLOOKUP($A45,'Round 1'!$A$7:$I$306,COLUMN('Round 1'!$F$7),FALSE)),0,VLOOKUP($A45,'Round 1'!$A$7:$I$306,COLUMN('Round 1'!$F$7),FALSE))+IF(ISERROR(VLOOKUP($A45,'Round 2'!$A$7:$I$306,COLUMN('Round 2'!$F$7),FALSE)),0,VLOOKUP($A45,'Round 2'!$A$7:$I$306,COLUMN('Round 2'!$F$7),FALSE))+IF(ISERROR(VLOOKUP($A45,'Round 3'!$A$7:$I$306,COLUMN('Round 3'!$F$7),FALSE)),0,VLOOKUP($A45,'Round 3'!$A$7:$I$306,COLUMN('Round 3'!$F$7),FALSE))) -> 0 | J45: =IF(ISBLANK($A45),"",IF(ISERROR(VLOOKUP($A45,'Round 1'!$A$7:$I$306,COLUMN('Round 1'!$H$7),FALSE)),0,VLOOKUP($A45,'Round 1'!$A$7:$I$306,COLUMN('Round 1'!$H$7),FALSE))+IF(ISERROR(VLOOKUP($A45,'Round 2'!$A$7:$I$306,COLUMN('Round 2'!$H$7),FALSE)),0,VLOOKUP($A45,'Round 2'!$A$7:$I$306,COLUMN('Round 2'!$H$7),FALSE))+IF(ISERROR(VLOOKUP($A45,'Round 3'!$A$7:$I$306,COLUMN('Round 3'!$H$7),FALSE)),0,VLOOKUP($A45,'Round 3'!$A$7:$I$306,COLUMN('Round 3'!$H$7),FALSE))) -> 72 | K45: =IF(ISBLANK(A45),"",RANK(P45,$P$7:$P$306)) -> 32 | L45: =IF(ISBLANK($G45),IF($K45>5,"",IF(AND(ISNA(MATCH(K45+1,$K$7:$K$306,0)),$K45<$A$4),"TIE","")),"DQ") | N45: =IF(ISBLANK($G45),$R45,"DQ") -> 32 | O45: =IF(ISBLANK(A45),"",$H45*$O$6+$I45) -> 0 | P45: =IF(ISBLANK(A45),"",$O45*10*$P$6+$J45) -> 72 | Q45: =IF(ISBLANK($G45),IF(ISBLANK($A45),-10,$P45*$Q$6+IF($M45>0,$Q$6-1-$M45,0)),-1) -> 216 | R45: =IF(ISBLANK($A45),"",RANK($Q45,$Q$7:$Q$306)) -> 32 | S45: =IF(ISNA(MATCH($R45+1,$R$7:$R$306,0)),IF($R45=MAX($A$7:$A$306),$R45,-1),$R45) -> -1 | T45: =$A45 -> 12 | U45: =IF(N('Final Round'!$J$14)>0,IF(ISBLANK($A45),"",IF($N45>5,$N45,VLOOKUP($A45,'Final Round'!$A$14:$K$18,COLUMN('Final Round'!$J$1),FALSE))),"") -> 32 | V45: =IF(ISNUMBER($U45),$U45,$R45) -> 32 | W45: =IF(ISBLANK($A45),"",($V$6-$V45)*$W$6+$W$6-$A45) -> 450 | X45: =IF(ISBLANK($A45),"",RANK($W45,$W$7:$W$306)) -> 32 | Y45: =$A45 -> 12 | Z45: =IF($U45="",$N45,$U45) -> 32 | AA45: =IF($U45<6,INDEX($AA$1:$AA$5,$Z45)*$Z$2,0) -> 0 | AB45: =IF(ISBLANK($A45),"",5+4*(I45+IF(AA45=0,0,VLOOKUP($A45,'Final Round'!$A$14:$K$18,COLUMN('Final Round'!$G$1),FALSE)))+8*(H45+IF(AA45=0,0,IF(VLOOKUP($A45,'Final Round'!$A$14:$K$18,COLUMN('Final Round'!$J$1),FALSE)=1,1,0)))+$AA45) -> 5
A46: 15 | B46: Tommi | C46: Hakomaa | E46: 101 | F46: =IF(ISBLANK($A46),"",SUM(IF(ISNA(IF(VLOOKUP($A46,'Round 1'!$A$7:$J$306,COLUMN('Round 1'!$H$7),FALSE),1,NA())),0,1),IF(ISNA(IF(VLOOKUP($A46,'Round 2'!$A$7:$J$306,COLUMN('Round 1'!$H$7),FALSE),1,NA())),0,1),IF(ISNA(IF(VLOOKUP($A46,'Round 3'!$A$7:$J$306,COLUMN('Round 1'!$H$7),FALSE),1,NA())),0,1),IF(ISNA(IF(VLOOKUP($A46,'Final Round'!$A$14:$K$18,1,FALSE),1,NA())),0,1))) -> 4 | H46: =IF(ISBLANK($A46),"",IF(ISERROR(VLOOKUP($A46,'Round 1'!$A$7:$I$306,COLUMN('Round 1'!$G$7),FALSE)),0,VLOOKUP($A46,'Round 1'!$A$7:$I$306,COLUMN('Round 1'!$G$7),FALSE))+IF(ISERROR(VLOOKUP($A46,'Round 2'!$A$7:$I$306,COLUMN('Round 2'!$G$7),FALSE)),0,VLOOKUP($A46,'Round 2'!$A$7:$I$306,COLUMN('Round 2'!$G$7),FALSE))+IF(ISERROR(VLOOKUP($A46,'Round 3'!$A$7:$I$306,COLUMN('Round 3'!$G$7),FALSE)),0,VLOOKUP($A46,'Round 3'!$A$7:$I$306,COLUMN('Round 3'!$G$7),FALSE))) -> 2 | I46: =IF(ISBLANK($A46),"",IF(ISERROR(VLOOKUP($A46,'Round 1'!$A$7:$I$306,COLUMN('Round 1'!$F$7),FALSE)),0,VLOOKUP($A46,'Round 1'!$A$7:$I$306,COLUMN('Round 1'!$F$7),FALSE))+IF(ISERROR(VLOOKUP($A46,'Round 2'!$A$7:$I$306,COLUMN('Round 2'!$F$7),FALSE)),0,VLOOKUP($A46,'Round 2'!$A$7:$I$306,COLUMN('Round 2'!$F$7),FALSE))+IF(ISERROR(VLOOKUP($A46,'Round 3'!$A$7:$I$306,COLUMN('Round 3'!$F$7),FALSE)),0,VLOOKUP($A46,'Round 3'!$A$7:$I$306,COLUMN('Round 3'!$F$7),FALSE))) -> 8.5 | J46: =IF(ISBLANK($A46),"",IF(ISERROR(VLOOKUP($A46,'Round 1'!$A$7:$I$306,COLUMN('Round 1'!$H$7),FALSE)),0,VLOOKUP($A46,'Round 1'!$A$7:$I$306,COLUMN('Round 1'!$H$7),FALSE))+IF(ISERROR(VLOOKUP($A46,'Round 2'!$A$7:$I$306,COLUMN('Round 2'!$H$7),FALSE)),0,VLOOKUP($A46,'Round 2'!$A$7:$I$306,COLUMN('Round 2'!$H$7),FALSE))+IF(ISERROR(VLOOKUP($A46,'Round 3'!$A$7:$I$306,COLUMN('Round 3'!$H$7),FALSE)),0,VLOOKUP($A46,'Round 3'!$A$7:$I$306,COLUMN('Round 3'!$H$7),FALSE))) -> 168 | K46: =IF(ISBLANK(A46),"",RANK(P46,$P$7:$P$306)) -> 1 | L46: =IF(ISBLANK($G46),IF($K46>5,"",IF(AND(ISNA(MATCH(K46+1,$K$7:$K$306,0)),$K46<$A$4),"TIE","")),"DQ") | N46: =IF(ISBLANK($G46),$R46,"DQ") -> 1 | O46: =IF(ISBLANK(A46),"",$H46*$O$6+$I46) -> 27.5 | P46: =IF(ISBLANK(A46),"",$O46*10*$P$6+$J46) -> 46643 | Q46: =IF(ISBLANK($G46),IF(ISBLANK($A46),-10,$P46*$Q$6+IF($M46>0,$Q$6-1-$M46,0)),-1) -> 139929 | R46: =IF(ISBLANK($A46),"",RANK($Q46,$Q$7:$Q$306)) -> 1 | S46: =IF(ISNA(MATCH($R46+1,$R$7:$R$306,0)),IF($R46=MAX($A$7:$A$306),$R46,-1),$R46) -> 1 | T46: =$A46 -> 15 | U46: =IF(N('Final Round'!$J$14)>0,IF(ISBLANK($A46),"",IF($N46>5,$N46,VLOOKUP($A46,'Final Round'!$A$14:$K$18,COLUMN('Final Round'!$J$1),FALSE))),"") -> 1 | V46: =IF(ISNUMBER($U46),$U46,$R46) -> 1 | W46: =IF(ISBLANK($A46),"",($V$6-$V46)*$W$6+$W$6-$A46) -> 1749 | X46: =IF(ISBLANK($A46),"",RANK($W46,$W$7:$W$306)) -> 1 | Y46: =$A46 -> 15 | Z46: =IF($U46="",$N46,$U46) -> 1 | AA46: =IF($U46<6,INDEX($AA$1:$AA$5,$Z46)*$Z$2,0) -> 179.33552 | AB46: =IF(ISBLANK($A46),"",5+4*(I46+IF(AA46=0,0,VLOOKUP($A46,'Final Round'!$A$14:$K$18,COLUMN('Final Round'!$G$1),FALSE)))+8*(H46+IF(AA46=0,0,IF(VLOOKUP($A46,'Final Round'!$A$14:$K$18,COLUMN('Final Round'!$J$1),FALSE)=1,1,0)))+$AA46) -> 248.33552
A47: 13 | B47: Tommi | C47: Ketonen | E47: 133 | F47: =IF(ISBLANK($A47),"",SUM(IF(ISNA(IF(VLOOKUP($A47,'Round 1'!$A$7:$J$306,COLUMN('Round 1'!$H$7),FALSE),1,NA())),0,1),IF(ISNA(IF(VLOOKUP($A47,'Round 2'!$A$7:$J$306,COLUMN('Round 1'!$H$7),FALSE),1,NA())),0,1),IF(ISNA(IF(VLOOKUP($A47,'Round 3'!$A$7:$J$306,COLUMN('Round 1'!$H$7),FALSE),1,NA())),0,1),IF(ISNA(IF(VLOOKUP($A47,'Final Round'!$A$14:$K$18,1,FALSE),1,NA())),0,1))) -> 3 | H47: =IF(ISBLANK($A47),"",IF(ISERROR(VLOOKUP($A47,'Round 1'!$A$7:$I$306,COLUMN('Round 1'!$G$7),FALSE)),0,VLOOKUP($A47,'Round 1'!$A$7:$I$306,COLUMN('Round 1'!$G$7),FALSE))+IF(ISERROR(VLOOKUP($A47,'Round 2'!$A$7:$I$306,COLUMN('Round 2'!$G$7),FALSE)),0,VLOOKUP($A47,'Round 2'!$A$7:$I$306,COLUMN('Round 2'!$G$7),FALSE))+IF(ISERROR(VLOOKUP($A47,'Round 3'!$A$7:$I$306,COLUMN('Round 3'!$G$7),FALSE)),0,VLOOKUP($A47,'Round 3'!$A$7:$I$306,COLUMN('Round 3'!$G$7),FALSE))) -> 0 | I47: =IF(ISBLANK($A47),"",IF(ISERROR(VLOOKUP($A47,'Round 1'!$A$7:$I$306,COLUMN('Round 1'!$F$7),FALSE)),0,VLOOKUP($A47,'Round 1'!$A$7:$I$306,COLUMN('Round 1'!$F$7),FALSE))+IF(ISERROR(VLOOKUP($A47,'Round 2'!$A$7:$I$306,COLUMN('Round 2'!$F$7),FALSE)),0,VLOOKUP($A47,'Round 2'!$A$7:$I$306,COLUMN('Round 2'!$F$7),FALSE))+IF(ISERROR(VLOOKUP($A47,'Round 3'!$A$7:$I$306,COLUMN('Round 3'!$F$7),FALSE)),0,VLOOKUP($A47,'Round 3'!$A$7:$I$306,COLUMN('Round 3'!$F$7),FALSE))) -> 0 | J47: =IF(ISBLANK($A47),"",IF(ISERROR(VLOOKUP($A47,'Round 1'!$A$7:$I$306,COLUMN('Round 1'!$H$7),FALSE)),0,VLOOKUP($A47,'Round 1'!$A$7:$I$306,COLUMN('Round 1'!$H$7),FALSE))+IF(ISERROR(VLOOKUP($A47,'Round 2'!$A$7:$I$306,COLUMN('Round 2'!$H$7),FALSE)),0,VLOOKUP($A47,'Round 2'!$A$7:$I$306,COLUMN('Round 2'!$H$7),FALSE))+IF(ISERROR(VLOOKUP($A47,'Round 3'!$A$7:$I$306,COLUMN('Round 3'!$H$7),FALSE)),0,VLOOKUP($A47,'Round 3'!$A$7:$I$306,COLUMN('Round 3'!$H$7),FALSE))) -> 72 | K47: =IF(ISBLANK(A47),"",RANK(P47,$P$7:$P$306)) -> 32 | L47: =IF(ISBLANK($G47),IF($K47>5,"",IF(AND(ISNA(MATCH(K47+1,$K$7:$K$306,0)),$K47<$A$4),"TIE","")),"DQ") | N47: =IF(ISBLANK($G47),$R47,"DQ") -> 32 | O47: =IF(ISBLANK(A47),"",$H47*$O$6+$I47) -> 0 | P47: =IF(ISBLANK(A47),"",$O47*10*$P$6+$J47) -> 72 | Q47: =IF(ISBLANK($G47),IF(ISBLANK($A47),-10,$P47*$Q$6+IF($M47>0,$Q$6-1-$M47,0)),-1) -> 216 | R47: =IF(ISBLANK($A47),"",RANK($Q47,$Q$7:$Q$306)) -> 32 | S47: =IF(ISNA(MATCH($R47+1,$R$7:$R$306,0)),IF($R47=MAX($A$7:$A$306),$R47,-1),$R47) -> -1 | T47: =$A47 -> 13 | U47: =IF(N('Final Round'!$J$14)>0,IF(ISBLANK($A47),"",IF($N47>5,$N47,VLOOKUP($A47,'Final Round'!$A$14:$K$18,COLUMN('Final Round'!$J$1),FALSE))),"") -> 32 | V47: =IF(ISNUMBER($U47),$U47,$R47) -> 32 | W47: =IF(ISBLANK($A47),"",($V$6-$V47)*$W$6+$W$6-$A47) -> 449 | X47: =IF(ISBLANK($A47),"",RANK($W47,$W$7:$W$306)) -> 33 | Y47: =$A47 -> 13 | Z47: =IF($U47="",$N47,$U47) -> 32 | AA47: =IF($U47<6,INDEX($AA$1:$AA$5,$Z47)*$Z$2,0) -> 0 | AB47: =IF(ISBLANK($A47),"",5+4*(I47+IF(AA47=0,0,VLOOKUP($A47,'Final Round'!$A$14:$K$18,COLUMN('Final Round'!$G$1),FALSE)))+8*(H47+IF(AA47=0,0,IF(VLOOKUP($A47,'Final Round'!$A$14:$K$18,COLUMN('Final Round'!$J$1),FALSE)=1,1,0)))+$AA47) -> 5
F48: =IF(ISBLANK($A48),"",SUM(IF(ISNA(IF(VLOOKUP($A48,'Round 1'!$A$7:$J$306,COLUMN('Round 1'!$H$7),FALSE),1,NA())),0,1),IF(ISNA(IF(VLOOKUP($A48,'Round 2'!$A$7:$J$306,COLUMN('Round 1'!$H$7),FALSE),1,NA())),0,1),IF(ISNA(IF(VLOOKUP($A48,'Round 3'!$A$7:$J$306,COLUMN('Round 1'!$H$7),FALSE),1,NA())),0,1),IF(ISNA(IF(VLOOKUP($A48,'Final Round'!$A$14:$K$18,1,FALSE),1,NA())),0,1))) | H48: =IF(ISBLANK($A48),"",IF(ISERROR(VLOOKUP($A48,'Round 1'!$A$7:$I$306,COLUMN('Round 1'!$G$7),FALSE)),0,VLOOKUP($A48,'Round 1'!$A$7:$I$306,COLUMN('Round 1'!$G$7),FALSE))+IF(ISERROR(VLOOKUP($A48,'Round 2'!$A$7:$I$306,COLUMN('Round 2'!$G$7),FALSE)),0,VLOOKUP($A48,'Round 2'!$A$7:$I$306,COLUMN('Round 2'!$G$7),FALSE))+IF(ISERROR(VLOOKUP($A48,'Round 3'!$A$7:$I$306,COLUMN('Round 3'!$G$7),FALSE)),0,VLOOKUP($A48,'Round 3'!$A$7:$I$306,COLUMN('Round 3'!$G$7),FALSE))) | I48: =IF(ISBLANK($A48),"",IF(ISERROR(VLOOKUP($A48,'Round 1'!$A$7:$I$306,COLUMN('Round 1'!$F$7),FALSE)),0,VLOOKUP($A48,'Round 1'!$A$7:$I$306,COLUMN('Round 1'!$F$7),FALSE))+IF(ISERROR(VLOOKUP($A48,'Round 2'!$A$7:$I$306,COLUMN('Round 2'!$F$7),FALSE)),0,VLOOKUP($A48,'Round 2'!$A$7:$I$306,COLUMN('Round 2'!$F$7),FALSE))+IF(ISERROR(VLOOKUP($A48,'Round 3'!$A$7:$I$306,COLUMN('Round 3'!$F$7),FALSE)),0,VLOOKUP($A48,'Round 3'!$A$7:$I$306,COLUMN('Round 3'!$F$7),FALSE))) | J48: =IF(ISBLANK($A48),"",IF(ISERROR(VLOOKUP($A48,'Round 1'!$A$7:$I$306,COLUMN('Round 1'!$H$7),FALSE)),0,VLOOKUP($A48,'Round 1'!$A$7:$I$306,COLUMN('Round 1'!$H$7),FALSE))+IF(ISERROR(VLOOKUP($A48,'Round 2'!$A$7:$I$306,COLUMN('Round 2'!$H$7),FALSE)),0,VLOOKUP($A48,'Round 2'!$A$7:$I$306,COLUMN('Round 2'!$H$7),FALSE))+IF(ISERROR(VLOOKUP($A48,'Round 3'!$A$7:$I$306,COLUMN('Round 3'!$H$7),FALSE)),0,VLOOKUP($A48,'Round 3'!$A$7:$I$306,COLUMN('Round 3'!$H$7),FALSE))) | K48: =IF(ISBLANK(A48),"",RANK(P48,$P$7:$P$306)) | L48: =IF(ISBLANK($G48),IF($K48>5,"",IF(AND(ISNA(MATCH(K48+1,$K$7:$K$306,0)),$K48<$A$4),"TIE","")),"DQ") | N48: =IF(ISBLANK($G48),$R48,"DQ") | O48: =IF(ISBLANK(A48),"",$H48*$O$6+$I48) | P48: =IF(ISBLANK(A48),"",$O48*10*$P$6+$J48) | Q48: =IF(ISBLANK($G48),IF(ISBLANK($A48),-10,$P48*$Q$6+IF($M48>0,$Q$6-1-$M48,0)),-1) -> -10 | R48: =IF(ISBLANK($A48),"",RANK($Q48,$Q$7:$Q$306)) | S48: =IF(ISNA(MATCH($R48+1,$R$7:$R$306,0)),IF($R48=MAX($A$7:$A$306),$R48,-1),$R48) | T48: =$A48 -> 0 | U48: =IF(N('Final Round'!$J$14)>0,IF(ISBLANK($A48),"",IF($N48>5,$N48,VLOOKUP($A48,'Final Round'!$A$14:$K$18,COLUMN('Final Round'!$J$1),FALSE))),"") | V48: =IF(ISNUMBER($U48),$U48,$R48) | W48: =IF(ISBLANK($A48),"",($V$6-$V48)*$W$6+$W$6-$A48) | X48: =IF(ISBLANK($A48),"",RANK($W48,$W$7:$W$306)) | Y48: =$A48 -> 0 | Z48: =IF($U48="",$N48,$U48) | AA48: =IF($U48<6,INDEX($AA$1:$AA$5,$Z48)*$Z$2,0) -> 0 | AB48: =IF(ISBLANK($A48),"",5+4*(I48+IF(AA48=0,0,VLOOKUP($A48,'Final Round'!$A$14:$K$18,COLUMN('Final Round'!$G$1),FALSE)))+8*(H48+IF(AA48=0,0,IF(VLOOKUP($A48,'Final Round'!$A$14:$K$18,COLUMN('Final Round'!$J$1),FALSE)=1,1,0)))+$AA48)
F49: =IF(ISBLANK($A49),"",SUM(IF(ISNA(IF(VLOOKUP($A49,'Round 1'!$A$7:$J$306,COLUMN('Round 1'!$H$7),FALSE),1,NA())),0,1),IF(ISNA(IF(VLOOKUP($A49,'Round 2'!$A$7:$J$306,COLUMN('Round 1'!$H$7),FALSE),1,NA())),0,1),IF(ISNA(IF(VLOOKUP($A49,'Round 3'!$A$7:$J$306,COLUMN('Round 1'!$H$7),FALSE),1,NA())),0,1),IF(ISNA(IF(VLOOKUP($A49,'Final Round'!$A$14:$K$18,1,FALSE),1,NA())),0,1))) | H49: =IF(ISBLANK($A49),"",IF(ISERROR(VLOOKUP($A49,'Round 1'!$A$7:$I$306,COLUMN('Round 1'!$G$7),FALSE)),0,VLOOKUP($A49,'Round 1'!$A$7:$I$306,COLUMN('Round 1'!$G$7),FALSE))+IF(ISERROR(VLOOKUP($A49,'Round 2'!$A$7:$I$306,COLUMN('Round 2'!$G$7),FALSE)),0,VLOOKUP($A49,'Round 2'!$A$7:$I$306,COLUMN('Round 2'!$G$7),FALSE))+IF(ISERROR(VLOOKUP($A49,'Round 3'!$A$7:$I$306,COLUMN('Round 3'!$G$7),FALSE)),0,VLOOKUP($A49,'Round 3'!$A$7:$I$306,COLUMN('Round 3'!$G$7),FALSE))) | I49: =IF(ISBLANK($A49),"",IF(ISERROR(VLOOKUP($A49,'Round 1'!$A$7:$I$306,COLUMN('Round 1'!$F$7),FALSE)),0,VLOOKUP($A49,'Round 1'!$A$7:$I$306,COLUMN('Round 1'!$F$7),FALSE))+IF(ISERROR(VLOOKUP($A49,'Round 2'!$A$7:$I$306,COLUMN('Round 2'!$F$7),FALSE)),0,VLOOKUP($A49,'Round 2'!$A$7:$I$306,COLUMN('Round 2'!$F$7),FALSE))+IF(ISERROR(VLOOKUP($A49,'Round 3'!$A$7:$I$306,COLUMN('Round 3'!$F$7),FALSE)),0,VLOOKUP($A49,'Round 3'!$A$7:$I$306,COLUMN('Round 3'!$F$7),FALSE))) | J49: =IF(ISBLANK($A49),"",IF(ISERROR(VLOOKUP($A49,'Round 1'!$A$7:$I$306,COLUMN('Round 1'!$H$7),FALSE)),0,VLOOKUP($A49,'Round 1'!$A$7:$I$306,COLUMN('Round 1'!$H$7),FALSE))+IF(ISERROR(VLOOKUP($A49,'Round 2'!$A$7:$I$306,COLUMN('Round 2'!$H$7),FALSE)),0,VLOOKUP($A49,'Round 2'!$A$7:$I$306,COLUMN('Round 2'!$H$7),FALSE))+IF(ISERROR(VLOOKUP($A49,'Round 3'!$A$7:$I$306,COLUMN('Round 3'!$H$7),FALSE)),0,VLOOKUP($A49,'Round 3'!$A$7:$I$306,COLUMN('Round 3'!$H$7),FALSE))) | K49: =IF(ISBLANK(A49),"",RANK(P49,$P$7:$P$306)) | L49: =IF(ISBLANK($G49),IF($K49>5,"",IF(AND(ISNA(MATCH(K49+1,$K$7:$K$306,0)),$K49<$A$4),"TIE","")),"DQ") | N49: =IF(ISBLANK($G49),$R49,"DQ") | O49: =IF(ISBLANK(A49),"",$H49*$O$6+$I49) | P49: =IF(ISBLANK(A49),"",$O49*10*$P$6+$J49) | Q49: =IF(ISBLANK($G49),IF(ISBLANK($A49),-10,$P49*$Q$6+IF($M49>0,$Q$6-1-$M49,0)),-1) -> -10 | R49: =IF(ISBLANK($A49),"",RANK($Q49,$Q$7:$Q$306)) | S49: =IF(ISNA(MATCH($R49+1,$R$7:$R$306,0)),IF($R49=MAX($A$7:$A$306),$R49,-1),$R49) | T49: =$A49 -> 0 | U49: =IF(N('Final Round'!$J$14)>0,IF(ISBLANK($A49),"",IF($N49>5,$N49,VLOOKUP($A49,'Final Round'!$A$14:$K$18,COLUMN('Final Round'!$J$1),FALSE))),"") | V49: =IF(ISNUMBER($U49),$U49,$R49) | W49: =IF(ISBLANK($A49),"",($V$6-$V49)*$W$6+$W$6-$A49) | X49: =IF(ISBLANK($A49),"",RANK($W49,$W$7:$W$306)) | Y49: =$A49 -> 0 | Z49: =IF($U49="",$N49,$U49) | AA49: =IF($U49<6,INDEX($AA$1:$AA$5,$Z49)*$Z$2,0) -> 0 | AB49: =IF(ISBLANK($A49),"",5+4*(I49+IF(AA49=0,0,VLOOKUP($A49,'Final Round'!$A$14:$K$18,COLUMN('Final Round'!$G$1),FALSE)))+8*(H49+IF(AA49=0,0,IF(VLOOKUP($A49,'Final Round'!$A$14:$K$18,COLUMN('Final Round'!$J$1),FALSE)=1,1,0)))+$AA49)
F50: =IF(ISBLANK($A50),"",SUM(IF(ISNA(IF(VLOOKUP($A50,'Round 1'!$A$7:$J$306,COLUMN('Round 1'!$H$7),FALSE),1,NA())),0,1),IF(ISNA(IF(VLOOKUP($A50,'Round 2'!$A$7:$J$306,COLUMN('Round 1'!$H$7),FALSE),1,NA())),0,1),IF(ISNA(IF(VLOOKUP($A50,'Round 3'!$A$7:$J$306,COLUMN('Round 1'!$H$7),FALSE),1,NA())),0,1),IF(ISNA(IF(VLOOKUP($A50,'Final Round'!$A$14:$K$18,1,FALSE),1,NA())),0,1))) | H50: =IF(ISBLANK($A50),"",IF(ISERROR(VLOOKUP($A50,'Round 1'!$A$7:$I$306,COLUMN('Round 1'!$G$7),FALSE)),0,VLOOKUP($A50,'Round 1'!$A$7:$I$306,COLUMN('Round 1'!$G$7),FALSE))+IF(ISERROR(VLOOKUP($A50,'Round 2'!$A$7:$I$306,COLUMN('Round 2'!$G$7),FALSE)),0,VLOOKUP($A50,'Round 2'!$A$7:$I$306,COLUMN('Round 2'!$G$7),FALSE))+IF(ISERROR(VLOOKUP($A50,'Round 3'!$A$7:$I$306,COLUMN('Round 3'!$G$7),FALSE)),0,VLOOKUP($A50,'Round 3'!$A$7:$I$306,COLUMN('Round 3'!$G$7),FALSE))) | I50: =IF(ISBLANK($A50),"",IF(ISERROR(VLOOKUP($A50,'Round 1'!$A$7:$I$306,COLUMN('Round 1'!$F$7),FALSE)),0,VLOOKUP($A50,'Round 1'!$A$7:$I$306,COLUMN('Round 1'!$F$7),FALSE))+IF(ISERROR(VLOOKUP($A50,'Round 2'!$A$7:$I$306,COLUMN('Round 2'!$F$7),FALSE)),0,VLOOKUP($A50,'Round 2'!$A$7:$I$306,COLUMN('Round 2'!$F$7),FALSE))+IF(ISERROR(VLOOKUP($A50,'Round 3'!$A$7:$I$306,COLUMN('Round 3'!$F$7),FALSE)),0,VLOOKUP($A50,'Round 3'!$A$7:$I$306,COLUMN('Round 3'!$F$7),FALSE))) | J50: =IF(ISBLANK($A50),"",IF(ISERROR(VLOOKUP($A50,'Round 1'!$A$7:$I$306,COLUMN('Round 1'!$H$7),FALSE)),0,VLOOKUP($A50,'Round 1'!$A$7:$I$306,COLUMN('Round 1'!$H$7),FALSE))+IF(ISERROR(VLOOKUP($A50,'Round 2'!$A$7:$I$306,COLUMN('Round 2'!$H$7),FALSE)),0,VLOOKUP($A50,'Round 2'!$A$7:$I$306,COLUMN('Round 2'!$H$7),FALSE))+IF(ISERROR(VLOOKUP($A50,'Round 3'!$A$7:$I$306,COLUMN('Round 3'!$H$7),FALSE)),0,VLOOKUP($A50,'Round 3'!$A$7:$I$306,COLUMN('Round 3'!$H$7),FALSE))) | K50: =IF(ISBLANK(A50),"",RANK(P50,$P$7:$P$306)) | L50: =IF(ISBLANK($G50),IF($K50>5,"",IF(AND(ISNA(MATCH(K50+1,$K$7:$K$306,0)),$K50<$A$4),"TIE","")),"DQ") | N50: =IF(ISBLANK($G50),$R50,"DQ") | O50: =IF(ISBLANK(A50),"",$H50*$O$6+$I50) | P50: =IF(ISBLANK(A50),"",$O50*10*$P$6+$J50) | Q50: =IF(ISBLANK($G50),IF(ISBLANK($A50),-10,$P50*$Q$6+IF($M50>0,$Q$6-1-$M50,0)),-1) -> -10 | R50: =IF(ISBLANK($A50),"",RANK($Q50,$Q$7:$Q$306)) | S50: =IF(ISNA(MATCH($R50+1,$R$7:$R$306,0)),IF($R50=MAX($A$7:$A$306),$R50,-1),$R50) | T50: =$A50 -> 0 | U50: =IF(N('Final Round'!$J$14)>0,IF(ISBLANK($A50),"",IF($N50>5,$N50,VLOOKUP($A50,'Final Round'!$A$14:$K$18,COLUMN('Final Round'!$J$1),FALSE))),"") | V50: =IF(ISNUMBER($U50),$U50,$R50) | W50: =IF(ISBLANK($A50),"",($V$6-$V50)*$W$6+$W$6-$A50) | X50: =IF(ISBLANK($A50),"",RANK($W50,$W$7:$W$306)) | Y50: =$A50 -> 0 | Z50: =IF($U50="",$N50,$U50) | AA50: =IF($U50<6,INDEX($AA$1:$AA$5,$Z50)*$Z$2,0) -> 0 | AB50: =IF(ISBLANK($A50),"",5+4*(I50+IF(AA50=0,0,VLOOKUP($A50,'Final Round'!$A$14:$K$18,COLUMN('Final Round'!$G$1),FALSE)))+8*(H50+IF(AA50=0,0,IF(VLOOKUP($A50,'Final Round'!$A$14:$K$18,COLUMN('Final Round'!$J$1),FALSE)=1,1,0)))+$AA50)
F51: =IF(ISBLANK($A51),"",SUM(IF(ISNA(IF(VLOOKUP($A51,'Round 1'!$A$7:$J$306,COLUMN('Round 1'!$H$7),FALSE),1,NA())),0,1),IF(ISNA(IF(VLOOKUP($A51,'Round 2'!$A$7:$J$306,COLUMN('Round 1'!$H$7),FALSE),1,NA())),0,1),IF(ISNA(IF(VLOOKUP($A51,'Round 3'!$A$7:$J$306,COLUMN('Round 1'!$H$7),FALSE),1,NA())),0,1),IF(ISNA(IF(VLOOKUP($A51,'Final Round'!$A$14:$K$18,1,FALSE),1,NA())),0,1))) | H51: =IF(ISBLANK($A51),"",IF(ISERROR(VLOOKUP($A51,'Round 1'!$A$7:$I$306,COLUMN('Round 1'!$G$7),FALSE)),0,VLOOKUP($A51,'Round 1'!$A$7:$I$306,COLUMN('Round 1'!$G$7),FALSE))+IF(ISERROR(VLOOKUP($A51,'Round 2'!$A$7:$I$306,COLUMN('Round 2'!$G$7),FALSE)),0,VLOOKUP($A51,'Round 2'!$A$7:$I$306,COLUMN('Round 2'!$G$7),FALSE))+IF(ISERROR(VLOOKUP($A51,'Round 3'!$A$7:$I$306,COLUMN('Round 3'!$G$7),FALSE)),0,VLOOKUP($A51,'Round 3'!$A$7:$I$306,COLUMN('Round 3'!$G$7),FALSE))) | I51: =IF(ISBLANK($A51),"",IF(ISERROR(VLOOKUP($A51,'Round 1'!$A$7:$I$306,COLUMN('Round 1'!$F$7),FALSE)),0,VLOOKUP($A51,'Round 1'!$A$7:$I$306,COLUMN('Round 1'!$F$7),FALSE))+IF(ISERROR(VLOOKUP($A51,'Round 2'!$A$7:$I$306,COLUMN('Round 2'!$F$7),FALSE)),0,VLOOKUP($A51,'Round 2'!$A$7:$I$306,COLUMN('Round 2'!$F$7),FALSE))+IF(ISERROR(VLOOKUP($A51,'Round 3'!$A$7:$I$306,COLUMN('Round 3'!$F$7),FALSE)),0,VLOOKUP($A51,'Round 3'!$A$7:$I$306,COLUMN('Round 3'!$F$7),FALSE))) | J51: =IF(ISBLANK($A51),"",IF(ISERROR(VLOOKUP($A51,'Round 1'!$A$7:$I$306,COLUMN('Round 1'!$H$7),FALSE)),0,VLOOKUP($A51,'Round 1'!$A$7:$I$306,COLUMN('Round 1'!$H$7),FALSE))+IF(ISERROR(VLOOKUP($A51,'Round 2'!$A$7:$I$306,COLUMN('Round 2'!$H$7),FALSE)),0,VLOOKUP($A51,'Round 2'!$A$7:$I$306,COLUMN('Round 2'!$H$7),FALSE))+IF(ISERROR(VLOOKUP($A51,'Round 3'!$A$7:$I$306,COLUMN('Round 3'!$H$7),FALSE)),0,VLOOKUP($A51,'Round 3'!$A$7:$I$306,COLUMN('Round 3'!$H$7),FALSE))) | K51: =IF(ISBLANK(A51),"",RANK(P51,$P$7:$P$306)) | L51: =IF(ISBLANK($G51),IF($K51>5,"",IF(AND(ISNA(MATCH(K51+1,$K$7:$K$306,0)),$K51<$A$4),"TIE","")),"DQ") | N51: =IF(ISBLANK($G51),$R51,"DQ") | O51: =IF(ISBLANK(A51),"",$H51*$O$6+$I51) | P51: =IF(ISBLANK(A51),"",$O51*10*$P$6+$J51) | Q51: =IF(ISBLANK($G51),IF(ISBLANK($A51),-10,$P51*$Q$6+IF($M51>0,$Q$6-1-$M51,0)),-1) -> -10 | R51: =IF(ISBLANK($A51),"",RANK($Q51,$Q$7:$Q$306)) | S51: =IF(ISNA(MATCH($R51+1,$R$7:$R$306,0)),IF($R51=MAX($A$7:$A$306),$R51,-1),$R51) | T51: =$A51 -> 0 | U51: =IF(N('Final Round'!$J$14)>0,IF(ISBLANK($A51),"",IF($N51>5,$N51,VLOOKUP($A51,'Final Round'!$A$14:$K$18,COLUMN('Final Round'!$J$1),FALSE))),"") | V51: =IF(ISNUMBER($U51),$U51,$R51) | W51: =IF(ISBLANK($A51),"",($V$6-$V51)*$W$6+$W$6-$A51) | X51: =IF(ISBLANK($A51),"",RANK($W51,$W$7:$W$306)) | Y51: =$A51 -> 0 | Z51: =IF($U51="",$N51,$U51) | AA51: =IF($U51<6,INDEX($AA$1:$AA$5,$Z51)*$Z$2,0) -> 0 | AB51: =IF(ISBLANK($A51),"",5+4*(I51+IF(AA51=0,0,VLOOKUP($A51,'Final Round'!$A$14:$K$18,COLUMN('Final Round'!$G$1),FALSE)))+8*(H51+IF(AA51=0,0,IF(VLOOKUP($A51,'Final Round'!$A$14:$K$18,COLUMN('Final Round'!$J$1),FALSE)=1,1,0)))+$AA51)
F52: =IF(ISBLANK($A52),"",SUM(IF(ISNA(IF(VLOOKUP($A52,'Round 1'!$A$7:$J$306,COLUMN('Round 1'!$H$7),FALSE),1,NA())),0,1),IF(ISNA(IF(VLOOKUP($A52,'Round 2'!$A$7:$J$306,COLUMN('Round 1'!$H$7),FALSE),1,NA())),0,1),IF(ISNA(IF(VLOOKUP($A52,'Round 3'!$A$7:$J$306,COLUMN('Round 1'!$H$7),FALSE),1,NA())),0,1),IF(ISNA(IF(VLOOKUP($A52,'Final Round'!$A$14:$K$18,1,FALSE),1,NA())),0,1))) | H52: =IF(ISBLANK($A52),"",IF(ISERROR(VLOOKUP($A52,'Round 1'!$A$7:$I$306,COLUMN('Round 1'!$G$7),FALSE)),0,VLOOKUP($A52,'Round 1'!$A$7:$I$306,COLUMN('Round 1'!$G$7),FALSE))+IF(ISERROR(VLOOKUP($A52,'Round 2'!$A$7:$I$306,COLUMN('Round 2'!$G$7),FALSE)),0,VLOOKUP($A52,'Round 2'!$A$7:$I$306,COLUMN('Round 2'!$G$7),FALSE))+IF(ISERROR(VLOOKUP($A52,'Round 3'!$A$7:$I$306,COLUMN('Round 3'!$G$7),FALSE)),0,VLOOKUP($A52,'Round 3'!$A$7:$I$306,COLUMN('Round 3'!$G$7),FALSE))) | I52: =IF(ISBLANK($A52),"",IF(ISERROR(VLOOKUP($A52,'Round 1'!$A$7:$I$306,COLUMN('Round 1'!$F$7),FALSE)),0,VLOOKUP($A52,'Round 1'!$A$7:$I$306,COLUMN('Round 1'!$F$7),FALSE))+IF(ISERROR(VLOOKUP($A52,'Round 2'!$A$7:$I$306,COLUMN('Round 2'!$F$7),FALSE)),0,VLOOKUP($A52,'Round 2'!$A$7:$I$306,COLUMN('Round 2'!$F$7),FALSE))+IF(ISERROR(VLOOKUP($A52,'Round 3'!$A$7:$I$306,COLUMN('Round 3'!$F$7),FALSE)),0,VLOOKUP($A52,'Round 3'!$A$7:$I$306,COLUMN('Round 3'!$F$7),FALSE))) | J52: =IF(ISBLANK($A52),"",IF(ISERROR(VLOOKUP($A52,'Round 1'!$A$7:$I$306,COLUMN('Round 1'!$H$7),FALSE)),0,VLOOKUP($A52,'Round 1'!$A$7:$I$306,COLUMN('Round 1'!$H$7),FALSE))+IF(ISERROR(VLOOKUP($A52,'Round 2'!$A$7:$I$306,COLUMN('Round 2'!$H$7),FALSE)),0,VLOOKUP($A52,'Round 2'!$A$7:$I$306,COLUMN('Round 2'!$H$7),FALSE))+IF(ISERROR(VLOOKUP($A52,'Round 3'!$A$7:$I$306,COLUMN('Round 3'!$H$7),FALSE)),0,VLOOKUP($A52,'Round 3'!$A$7:$I$306,COLUMN('Round 3'!$H$7),FALSE))) | K52: =IF(ISBLANK(A52),"",RANK(P52,$P$7:$P$306)) | L52: =IF(ISBLANK($G52),IF($K52>5,"",IF(AND(ISNA(MATCH(K52+1,$K$7:$K$306,0)),$K52<$A$4),"TIE","")),"DQ") | N52: =IF(ISBLANK($G52),$R52,"DQ") | O52: =IF(ISBLANK(A52),"",$H52*$O$6+$I52) | P52: =IF(ISBLANK(A52),"",$O52*10*$P$6+$J52) | Q52: =IF(ISBLANK($G52),IF(ISBLANK($A52),-10,$P52*$Q$6+IF($M52>0,$Q$6-1-$M52,0)),-1) -> -10 | R52: =IF(ISBLANK($A52),"",RANK($Q52,$Q$7:$Q$306)) | S52: =IF(ISNA(MATCH($R52+1,$R$7:$R$306,0)),IF($R52=MAX($A$7:$A$306),$R52,-1),$R52) | T52: =$A52 -> 0 | U52: =IF(N('Final Round'!$J$14)>0,IF(ISBLANK($A52),"",IF($N52>5,$N52,VLOOKUP($A52,'Final Round'!$A$14:$K$18,COLUMN('Final Round'!$J$1),FALSE))),"") | V52: =IF(ISNUMBER($U52),$U52,$R52) | W52: =IF(ISBLANK($A52),"",($V$6-$V52)*$W$6+$W$6-$A52) | X52: =IF(ISBLANK($A52),"",RANK($W52,$W$7:$W$306)) | Y52: =$A52 -> 0 | Z52: =IF($U52="",$N52,$U52) | AA52: =IF($U52<6,INDEX($AA$1:$AA$5,$Z52)*$Z$2,0) -> 0 | AB52: =IF(ISBLANK($A52),"",5+4*(I52+IF(AA52=0,0,VLOOKUP($A52,'Final Round'!$A$14:$K$18,COLUMN('Final Round'!$G$1),FALSE)))+8*(H52+IF(AA52=0,0,IF(VLOOKUP($A52,'Final Round'!$A$14:$K$18,COLUMN('Final Round'!$J$1),FALSE)=1,1,0)))+$AA52)
F53: =IF(ISBLANK($A53),"",SUM(IF(ISNA(IF(VLOOKUP($A53,'Round 1'!$A$7:$J$306,COLUMN('Round 1'!$H$7),FALSE),1,NA())),0,1),IF(ISNA(IF(VLOOKUP($A53,'Round 2'!$A$7:$J$306,COLUMN('Round 1'!$H$7),FALSE),1,NA())),0,1),IF(ISNA(IF(VLOOKUP($A53,'Round 3'!$A$7:$J$306,COLUMN('Round 1'!$H$7),FALSE),1,NA())),0,1),IF(ISNA(IF(VLOOKUP($A53,'Final Round'!$A$14:$K$18,1,FALSE),1,NA())),0,1))) | H53: =IF(ISBLANK($A53),"",IF(ISERROR(VLOOKUP($A53,'Round 1'!$A$7:$I$306,COLUMN('Round 1'!$G$7),FALSE)),0,VLOOKUP($A53,'Round 1'!$A$7:$I$306,COLUMN('Round 1'!$G$7),FALSE))+IF(ISERROR(VLOOKUP($A53,'Round 2'!$A$7:$I$306,COLUMN('Round 2'!$G$7),FALSE)),0,VLOOKUP($A53,'Round 2'!$A$7:$I$306,COLUMN('Round 2'!$G$7),FALSE))+IF(ISERROR(VLOOKUP($A53,'Round 3'!$A$7:$I$306,COLUMN('Round 3'!$G$7),FALSE)),0,VLOOKUP($A53,'Round 3'!$A$7:$I$306,COLUMN('Round 3'!$G$7),FALSE))) | I53: =IF(ISBLANK($A53),"",IF(ISERROR(VLOOKUP($A53,'Round 1'!$A$7:$I$306,COLUMN('Round 1'!$F$7),FALSE)),0,VLOOKUP($A53,'Round 1'!$A$7:$I$306,COLUMN('Round 1'!$F$7),FALSE))+IF(ISERROR(VLOOKUP($A53,'Round 2'!$A$7:$I$306,COLUMN('Round 2'!$F$7),FALSE)),0,VLOOKUP($A53,'Round 2'!$A$7:$I$306,COLUMN('Round 2'!$F$7),FALSE))+IF(ISERROR(VLOOKUP($A53,'Round 3'!$A$7:$I$306,COLUMN('Round 3'!$F$7),FALSE)),0,VLOOKUP($A53,'Round 3'!$A$7:$I$306,COLUMN('Round 3'!$F$7),FALSE))) | J53: =IF(ISBLANK($A53),"",IF(ISERROR(VLOOKUP($A53,'Round 1'!$A$7:$I$306,COLUMN('Round 1'!$H$7),FALSE)),0,VLOOKUP($A53,'Round 1'!$A$7:$I$306,COLUMN('Round 1'!$H$7),FALSE))+IF(ISERROR(VLOOKUP($A53,'Round 2'!$A$7:$I$306,COLUMN('Round 2'!$H$7),FALSE)),0,VLOOKUP($A53,'Round 2'!$A$7:$I$306,COLUMN('Round 2'!$H$7),FALSE))+IF(ISERROR(VLOOKUP($A53,'Round 3'!$A$7:$I$306,COLUMN('Round 3'!$H$7),FALSE)),0,VLOOKUP($A53,'Round 3'!$A$7:$I$306,COLUMN('Round 3'!$H$7),FALSE))) | K53: =IF(ISBLANK(A53),"",RANK(P53,$P$7:$P$306)) | L53: =IF(ISBLANK($G53),IF($K53>5,"",IF(AND(ISNA(MATCH(K53+1,$K$7:$K$306,0)),$K53<$A$4),"TIE","")),"DQ") | N53: =IF(ISBLANK($G53),$R53,"DQ") | O53: =IF(ISBLANK(A53),"",$H53*$O$6+$I53) | P53: =IF(ISBLANK(A53),"",$O53*10*$P$6+$J53) | Q53: =IF(ISBLANK($G53),IF(ISBLANK($A53),-10,$P53*$Q$6+IF($M53>0,$Q$6-1-$M53,0)),-1) -> -10 | R53: =IF(ISBLANK($A53),"",RANK($Q53,$Q$7:$Q$306)) | S53: =IF(ISNA(MATCH($R53+1,$R$7:$R$306,0)),IF($R53=MAX($A$7:$A$306),$R53,-1),$R53) | T53: =$A53 -> 0 | U53: =IF(N('Final Round'!$J$14)>0,IF(ISBLANK($A53),"",IF($N53>5,$N53,VLOOKUP($A53,'Final Round'!$A$14:$K$18,COLUMN('Final Round'!$J$1),FALSE))),"") | V53: =IF(ISNUMBER($U53),$U53,$R53) | W53: =IF(ISBLANK($A53),"",($V$6-$V53)*$W$6+$W$6-$A53) | X53: =IF(ISBLANK($A53),"",RANK($W53,$W$7:$W$306)) | Y53: =$A53 -> 0 | Z53: =IF($U53="",$N53,$U53) | AA53: =IF($U53<6,INDEX($AA$1:$AA$5,$Z53)*$Z$2,0) -> 0 | AB53: =IF(ISBLANK($A53),"",5+4*(I53+IF(AA53=0,0,VLOOKUP($A53,'Final Round'!$A$14:$K$18,COLUMN('Final Round'!$G$1),FALSE)))+8*(H53+IF(AA53=0,0,IF(VLOOKUP($A53,'Final Round'!$A$14:$K$18,COLUMN('Final Round'!$J$1),FALSE)=1,1,0)))+$AA53)
F54: =IF(ISBLANK($A54),"",SUM(IF(ISNA(IF(VLOOKUP($A54,'Round 1'!$A$7:$J$306,COLUMN('Round 1'!$H$7),FALSE),1,NA())),0,1),IF(ISNA(IF(VLOOKUP($A54,'Round 2'!$A$7:$J$306,COLUMN('Round 1'!$H$7),FALSE),1,NA())),0,1),IF(ISNA(IF(VLOOKUP($A54,'Round 3'!$A$7:$J$306,COLUMN('Round 1'!$H$7),FALSE),1,NA())),0,1),IF(ISNA(IF(VLOOKUP($A54,'Final Round'!$A$14:$K$18,1,FALSE),1,NA())),0,1))) | H54: =IF(ISBLANK($A54),"",IF(ISERROR(VLOOKUP($A54,'Round 1'!$A$7:$I$306,COLUMN('Round 1'!$G$7),FALSE)),0,VLOOKUP($A54,'Round 1'!$A$7:$I$306,COLUMN('Round 1'!$G$7),FALSE))+IF(ISERROR(VLOOKUP($A54,'Round 2'!$A$7:$I$306,COLUMN('Round 2'!$G$7),FALSE)),0,VLOOKUP($A54,'Round 2'!$A$7:$I$306,COLUMN('Round 2'!$G$7),FALSE))+IF(ISERROR(VLOOKUP($A54,'Round 3'!$A$7:$I$306,COLUMN('Round 3'!$G$7),FALSE)),0,VLOOKUP($A54,'Round 3'!$A$7:$I$306,COLUMN('Round 3'!$G$7),FALSE))) | I54: =IF(ISBLANK($A54),"",IF(ISERROR(VLOOKUP($A54,'Round 1'!$A$7:$I$306,COLUMN('Round 1'!$F$7),FALSE)),0,VLOOKUP($A54,'Round 1'!$A$7:$I$306,COLUMN('Round 1'!$F$7),FALSE))+IF(ISERROR(VLOOKUP($A54,'Round 2'!$A$7:$I$306,COLUMN('Round 2'!$F$7),FALSE)),0,VLOOKUP($A54,'Round 2'!$A$7:$I$306,COLUMN('Round 2'!$F$7),FALSE))+IF(ISERROR(VLOOKUP($A54,'Round 3'!$A$7:$I$306,COLUMN('Round 3'!$F$7),FALSE)),0,VLOOKUP($A54,'Round 3'!$A$7:$I$306,COLUMN('Round 3'!$F$7),FALSE))) | J54: =IF(ISBLANK($A54),"",IF(ISERROR(VLOOKUP($A54,'Round 1'!$A$7:$I$306,COLUMN('Round 1'!$H$7),FALSE)),0,VLOOKUP($A54,'Round 1'!$A$7:$I$306,COLUMN('Round 1'!$H$7),FALSE))+IF(ISERROR(VLOOKUP($A54,'Round 2'!$A$7:$I$306,COLUMN('Round 2'!$H$7),FALSE)),0,VLOOKUP($A54,'Round 2'!$A$7:$I$306,COLUMN('Round 2'!$H$7),FALSE))+IF(ISERROR(VLOOKUP($A54,'Round 3'!$A$7:$I$306,COLUMN('Round 3'!$H$7),FALSE)),0,VLOOKUP($A54,'Round 3'!$A$7:$I$306,COLUMN('Round 3'!$H$7),FALSE))) | K54: =IF(ISBLANK(A54),"",RANK(P54,$P$7:$P$306)) | L54: =IF(ISBLANK($G54),IF($K54>5,"",IF(AND(ISNA(MATCH(K54+1,$K$7:$K$306,0)),$K54<$A$4),"TIE","")),"DQ") | N54: =IF(ISBLANK($G54),$R54,"DQ") | O54: =IF(ISBLANK(A54),"",$H54*$O$6+$I54) | P54: =IF(ISBLANK(A54),"",$O54*10*$P$6+$J54) | Q54: =IF(ISBLANK($G54),IF(ISBLANK($A54),-10,$P54*$Q$6+IF($M54>0,$Q$6-1-$M54,0)),-1) -> -10 | R54: =IF(ISBLANK($A54),"",RANK($Q54,$Q$7:$Q$306)) | S54: =IF(ISNA(MATCH($R54+1,$R$7:$R$306,0)),IF($R54=MAX($A$7:$A$306),$R54,-1),$R54) | T54: =$A54 -> 0 | U54: =IF(N('Final Round'!$J$14)>0,IF(ISBLANK($A54),"",IF($N54>5,$N54,VLOOKUP($A54,'Final Round'!$A$14:$K$18,COLUMN('Final Round'!$J$1),FALSE))),"") | V54: =IF(ISNUMBER($U54),$U54,$R54) | W54: =IF(ISBLANK($A54),"",($V$6-$V54)*$W$6+$W$6-$A54) | X54: =IF(ISBLANK($A54),"",RANK($W54,$W$7:$W$306)) | Y54: =$A54 -> 0 | Z54: =IF($U54="",$N54,$U54) | AA54: =IF($U54<6,INDEX($AA$1:$AA$5,$Z54)*$Z$2,0) -> 0 | AB54: =IF(ISBLANK($A54),"",5+4*(I54+IF(AA54=0,0,VLOOKUP($A54,'Final Round'!$A$14:$K$18,COLUMN('Final Round'!$G$1),FALSE)))+8*(H54+IF(AA54=0,0,IF(VLOOKUP($A54,'Final Round'!$A$14:$K$18,COLUMN('Final Round'!$J$1),FALSE)=1,1,0)))+$AA54)
F55: =IF(ISBLANK($A55),"",SUM(IF(ISNA(IF(VLOOKUP($A55,'Round 1'!$A$7:$J$306,COLUMN('Round 1'!$H$7),FALSE),1,NA())),0,1),IF(ISNA(IF(VLOOKUP($A55,'Round 2'!$A$7:$J$306,COLUMN('Round 1'!$H$7),FALSE),1,NA())),0,1),IF(ISNA(IF(VLOOKUP($A55,'Round 3'!$A$7:$J$306,COLUMN('Round 1'!$H$7),FALSE),1,NA())),0,1),IF(ISNA(IF(VLOOKUP($A55,'Final Round'!$A$14:$K$18,1,FALSE),1,NA())),0,1))) | H55: =IF(ISBLANK($A55),"",IF(ISERROR(VLOOKUP($A55,'Round 1'!$A$7:$I$306,COLUMN('Round 1'!$G$7),FALSE)),0,VLOOKUP($A55,'Round 1'!$A$7:$I$306,COLUMN('Round 1'!$G$7),FALSE))+IF(ISERROR(VLOOKUP($A55,'Round 2'!$A$7:$I$306,COLUMN('Round 2'!$G$7),FALSE)),0,VLOOKUP($A55,'Round 2'!$A$7:$I$306,COLUMN('Round 2'!$G$7),FALSE))+IF(ISERROR(VLOOKUP($A55,'Round 3'!$A$7:$I$306,COLUMN('Round 3'!$G$7),FALSE)),0,VLOOKUP($A55,'Round 3'!$A$7:$I$306,COLUMN('Round 3'!$G$7),FALSE))) | I55: =IF(ISBLANK($A55),"",IF(ISERROR(VLOOKUP($A55,'Round 1'!$A$7:$I$306,COLUMN('Round 1'!$F$7),FALSE)),0,VLOOKUP($A55,'Round 1'!$A$7:$I$306,COLUMN('Round 1'!$F$7),FALSE))+IF(ISERROR(VLOOKUP($A55,'Round 2'!$A$7:$I$306,COLUMN('Round 2'!$F$7),FALSE)),0,VLOOKUP($A55,'Round 2'!$A$7:$I$306,COLUMN('Round 2'!$F$7),FALSE))+IF(ISERROR(VLOOKUP($A55,'Round 3'!$A$7:$I$306,COLUMN('Round 3'!$F$7),FALSE)),0,VLOOKUP($A55,'Round 3'!$A$7:$I$306,COLUMN('Round 3'!$F$7),FALSE))) | J55: =IF(ISBLANK($A55),"",IF(ISERROR(VLOOKUP($A55,'Round 1'!$A$7:$I$306,COLUMN('Round 1'!$H$7),FALSE)),0,VLOOKUP($A55,'Round 1'!$A$7:$I$306,COLUMN('Round 1'!$H$7),FALSE))+IF(ISERROR(VLOOKUP($A55,'Round 2'!$A$7:$I$306,COLUMN('Round 2'!$H$7),FALSE)),0,VLOOKUP($A55,'Round 2'!$A$7:$I$306,COLUMN('Round 2'!$H$7),FALSE))+IF(ISERROR(VLOOKUP($A55,'Round 3'!$A$7:$I$306,COLUMN('Round 3'!$H$7),FALSE)),0,VLOOKUP($A55,'Round 3'!$A$7:$I$306,COLUMN('Round 3'!$H$7),FALSE))) | K55: =IF(ISBLANK(A55),"",RANK(P55,$P$7:$P$306)) | L55: =IF(ISBLANK($G55),IF($K55>5,"",IF(AND(ISNA(MATCH(K55+1,$K$7:$K$306,0)),$K55<$A$4),"TIE","")),"DQ") | N55: =IF(ISBLANK($G55),$R55,"DQ") | O55: =IF(ISBLANK(A55),"",$H55*$O$6+$I55) | P55: =IF(ISBLANK(A55),"",$O55*10*$P$6+$J55) | Q55: =IF(ISBLANK($G55),IF(ISBLANK($A55),-10,$P55*$Q$6+IF($M55>0,$Q$6-1-$M55,0)),-1) -> -10 | R55: =IF(ISBLANK($A55),"",RANK($Q55,$Q$7:$Q$306)) | S55: =IF(ISNA(MATCH($R55+1,$R$7:$R$306,0)),IF($R55=MAX($A$7:$A$306),$R55,-1),$R55) | T55: =$A55 -> 0 | U55: =IF(N('Final Round'!$J$14)>0,IF(ISBLANK($A55),"",IF($N55>5,$N55,VLOOKUP($A55,'Final Round'!$A$14:$K$18,COLUMN('Final Round'!$J$1),FALSE))),"") | V55: =IF(ISNUMBER($U55),$U55,$R55) | W55: =IF(ISBLANK($A55),"",($V$6-$V55)*$W$6+$W$6-$A55) | X55: =IF(ISBLANK($A55),"",RANK($W55,$W$7:$W$306)) | Y55: =$A55 -> 0 | Z55: =IF($U55="",$N55,$U55) | AA55: =IF($U55<6,INDEX($AA$1:$AA$5,$Z55)*$Z$2,0) -> 0 | AB55: =IF(ISBLANK($A55),"",5+4*(I55+IF(AA55=0,0,VLOOKUP($A55,'Final Round'!$A$14:$K$18,COLUMN('Final Round'!$G$1),FALSE)))+8*(H55+IF(AA55=0,0,IF(VLOOKUP($A55,'Final Round'!$A$14:$K$18,COLUMN('Final Round'!$J$1),FALSE)=1,1,0)))+$AA55)
F56: =IF(ISBLANK($A56),"",SUM(IF(ISNA(IF(VLOOKUP($A56,'Round 1'!$A$7:$J$306,COLUMN('Round 1'!$H$7),FALSE),1,NA())),0,1),IF(ISNA(IF(VLOOKUP($A56,'Round 2'!$A$7:$J$306,COLUMN('Round 1'!$H$7),FALSE),1,NA())),0,1),IF(ISNA(IF(VLOOKUP($A56,'Round 3'!$A$7:$J$306,COLUMN('Round 1'!$H$7),FALSE),1,NA())),0,1),IF(ISNA(IF(VLOOKUP($A56,'Final Round'!$A$14:$K$18,1,FALSE),1,NA())),0,1))) | H56: =IF(ISBLANK($A56),"",IF(ISERROR(VLOOKUP($A56,'Round 1'!$A$7:$I$306,COLUMN('Round 1'!$G$7),FALSE)),0,VLOOKUP($A56,'Round 1'!$A$7:$I$306,COLUMN('Round 1'!$G$7),FALSE))+IF(ISERROR(VLOOKUP($A56,'Round 2'!$A$7:$I$306,COLUMN('Round 2'!$G$7),FALSE)),0,VLOOKUP($A56,'Round 2'!$A$7:$I$306,COLUMN('Round 2'!$G$7),FALSE))+IF(ISERROR(VLOOKUP($A56,'Round 3'!$A$7:$I$306,COLUMN('Round 3'!$G$7),FALSE)),0,VLOOKUP($A56,'Round 3'!$A$7:$I$306,COLUMN('Round 3'!$G$7),FALSE))) | I56: =IF(ISBLANK($A56),"",IF(ISERROR(VLOOKUP($A56,'Round 1'!$A$7:$I$306,COLUMN('Round 1'!$F$7),FALSE)),0,VLOOKUP($A56,'Round 1'!$A$7:$I$306,COLUMN('Round 1'!$F$7),FALSE))+IF(ISERROR(VLOOKUP($A56,'Round 2'!$A$7:$I$306,COLUMN('Round 2'!$F$7),FALSE)),0,VLOOKUP($A56,'Round 2'!$A$7:$I$306,COLUMN('Round 2'!$F$7),FALSE))+IF(ISERROR(VLOOKUP($A56,'Round 3'!$A$7:$I$306,COLUMN('Round 3'!$F$7),FALSE)),0,VLOOKUP($A56,'Round 3'!$A$7:$I$306,COLUMN('Round 3'!$F$7),FALSE))) | J56: =IF(ISBLANK($A56),"",IF(ISERROR(VLOOKUP($A56,'Round 1'!$A$7:$I$306,COLUMN('Round 1'!$H$7),FALSE)),0,VLOOKUP($A56,'Round 1'!$A$7:$I$306,COLUMN('Round 1'!$H$7),FALSE))+IF(ISERROR(VLOOKUP($A56,'Round 2'!$A$7:$I$306,COLUMN('Round 2'!$H$7),FALSE)),0,VLOOKUP($A56,'Round 2'!$A$7:$I$306,COLUMN('Round 2'!$H$7),FALSE))+IF(ISERROR(VLOOKUP($A56,'Round 3'!$A$7:$I$306,COLUMN('Round 3'!$H$7),FALSE)),0,VLOOKUP($A56,'Round 3'!$A$7:$I$306,COLUMN('Round 3'!$H$7),FALSE))) | K56: =IF(ISBLANK(A56),"",RANK(P56,$P$7:$P$306)) | L56: =IF(ISBLANK($G56),IF($K56>5,"",IF(AND(ISNA(MATCH(K56+1,$K$7:$K$306,0)),$K56<$A$4),"TIE","")),"DQ") | N56: =IF(ISBLANK($G56),$R56,"DQ") | O56: =IF(ISBLANK(A56),"",$H56*$O$6+$I56) | P56: =IF(ISBLANK(A56),"",$O56*10*$P$6+$J56) | Q56: =IF(ISBLANK($G56),IF(ISBLANK($A56),-10,$P56*$Q$6+IF($M56>0,$Q$6-1-$M56,0)),-1) -> -10 | R56: =IF(ISBLANK($A56),"",RANK($Q56,$Q$7:$Q$306)) | S56: =IF(ISNA(MATCH($R56+1,$R$7:$R$306,0)),IF($R56=MAX($A$7:$A$306),$R56,-1),$R56) | T56: =$A56 -> 0 | U56: =IF(N('Final Round'!$J$14)>0,IF(ISBLANK($A56),"",IF($N56>5,$N56,VLOOKUP($A56,'Final Round'!$A$14:$K$18,COLUMN('Final Round'!$J$1),FALSE))),"") | V56: =IF(ISNUMBER($U56),$U56,$R56) | W56: =IF(ISBLANK($A56),"",($V$6-$V56)*$W$6+$W$6-$A56) | X56: =IF(ISBLANK($A56),"",RANK($W56,$W$7:$W$306)) | Y56: =$A56 -> 0 | Z56: =IF($U56="",$N56,$U56) | AA56: =IF($U56<6,INDEX($AA$1:$AA$5,$Z56)*$Z$2,0) -> 0 | AB56: =IF(ISBLANK($A56),"",5+4*(I56+IF(AA56=0,0,VLOOKUP($A56,'Final Round'!$A$14:$K$18,COLUMN('Final Round'!$G$1),FALSE)))+8*(H56+IF(AA56=0,0,IF(VLOOKUP($A56,'Final Round'!$A$14:$K$18,COLUMN('Final Round'!$J$1),FALSE)=1,1,0)))+$AA56)
F57: =IF(ISBLANK($A57),"",SUM(IF(ISNA(IF(VLOOKUP($A57,'Round 1'!$A$7:$J$306,COLUMN('Round 1'!$H$7),FALSE),1,NA())),0,1),IF(ISNA(IF(VLOOKUP($A57,'Round 2'!$A$7:$J$306,COLUMN('Round 1'!$H$7),FALSE),1,NA())),0,1),IF(ISNA(IF(VLOOKUP($A57,'Round 3'!$A$7:$J$306,COLUMN('Round 1'!$H$7),FALSE),1,NA())),0,1),IF(ISNA(IF(VLOOKUP($A57,'Final Round'!$A$14:$K$18,1,FALSE),1,NA())),0,1))) | H57: =IF(ISBLANK($A57),"",IF(ISERROR(VLOOKUP($A57,'Round 1'!$A$7:$I$306,COLUMN('Round 1'!$G$7),FALSE)),0,VLOOKUP($A57,'Round 1'!$A$7:$I$306,COLUMN('Round 1'!$G$7),FALSE))+IF(ISERROR(VLOOKUP($A57,'Round 2'!$A$7:$I$306,COLUMN('Round 2'!$G$7),FALSE)),0,VLOOKUP($A57,'Round 2'!$A$7:$I$306,COLUMN('Round 2'!$G$7),FALSE))+IF(ISERROR(VLOOKUP($A57,'Round 3'!$A$7:$I$306,COLUMN('Round 3'!$G$7),FALSE)),0,VLOOKUP($A57,'Round 3'!$A$7:$I$306,COLUMN('Round 3'!$G$7),FALSE))) | I57: =IF(ISBLANK($A57),"",IF(ISERROR(VLOOKUP($A57,'Round 1'!$A$7:$I$306,COLUMN('Round 1'!$F$7),FALSE)),0,VLOOKUP($A57,'Round 1'!$A$7:$I$306,COLUMN('Round 1'!$F$7),FALSE))+IF(ISERROR(VLOOKUP($A57,'Round 2'!$A$7:$I$306,COLUMN('Round 2'!$F$7),FALSE)),0,VLOOKUP($A57,'Round 2'!$A$7:$I$306,COLUMN('Round 2'!$F$7),FALSE))+IF(ISERROR(VLOOKUP($A57,'Round 3'!$A$7:$I$306,COLUMN('Round 3'!$F$7),FALSE)),0,VLOOKUP($A57,'Round 3'!$A$7:$I$306,COLUMN('Round 3'!$F$7),FALSE))) | J57: =IF(ISBLANK($A57),"",IF(ISERROR(VLOOKUP($A57,'Round 1'!$A$7:$I$306,COLUMN('Round 1'!$H$7),FALSE)),0,VLOOKUP($A57,'Round 1'!$A$7:$I$306,COLUMN('Round 1'!$H$7),FALSE))+IF(ISERROR(VLOOKUP($A57,'Round 2'!$A$7:$I$306,COLUMN('Round 2'!$H$7),FALSE)),0,VLOOKUP($A57,'Round 2'!$A$7:$I$306,COLUMN('Round 2'!$H$7),FALSE))+IF(ISERROR(VLOOKUP($A57,'Round 3'!$A$7:$I$306,COLUMN('Round 3'!$H$7),FALSE)),0,VLOOKUP($A57,'Round 3'!$A$7:$I$306,COLUMN('Round 3'!$H$7),FALSE))) | K57: =IF(ISBLANK(A57),"",RANK(P57,$P$7:$P$306)) | L57: =IF(ISBLANK($G57),IF($K57>5,"",IF(AND(ISNA(MATCH(K57+1,$K$7:$K$306,0)),$K57<$A$4),"TIE","")),"DQ") | N57: =IF(ISBLANK($G57),$R57,"DQ") | O57: =IF(ISBLANK(A57),"",$H57*$O$6+$I57) | P57: =IF(ISBLANK(A57),"",$O57*10*$P$6+$J57) | Q57: =IF(ISBLANK($G57),IF(ISBLANK($A57),-10,$P57*$Q$6+IF($M57>0,$Q$6-1-$M57,0)),-1) -> -10 | R57: =IF(ISBLANK($A57),"",RANK($Q57,$Q$7:$Q$306)) | S57: =IF(ISNA(MATCH($R57+1,$R$7:$R$306,0)),IF($R57=MAX($A$7:$A$306),$R57,-1),$R57) | T57: =$A57 -> 0 | U57: =IF(N('Final Round'!$J$14)>0,IF(ISBLANK($A57),"",IF($N57>5,$N57,VLOOKUP($A57,'Final Round'!$A$14:$K$18,COLUMN('Final Round'!$J$1),FALSE))),"") | V57: =IF(ISNUMBER($U57),$U57,$R57) | W57: =IF(ISBLANK($A57),"",($V$6-$V57)*$W$6+$W$6-$A57) | X57: =IF(ISBLANK($A57),"",RANK($W57,$W$7:$W$306)) | Y57: =$A57 -> 0 | Z57: =IF($U57="",$N57,$U57) | AA57: =IF($U57<6,INDEX($AA$1:$AA$5,$Z57)*$Z$2,0) -> 0 | AB57: =IF(ISBLANK($A57),"",5+4*(I57+IF(AA57=0,0,VLOOKUP($A57,'Final Round'!$A$14:$K$18,COLUMN('Final Round'!$G$1),FALSE)))+8*(H57+IF(AA57=0,0,IF(VLOOKUP($A57,'Final Round'!$A$14:$K$18,COLUMN('Final Round'!$J$1),FALSE)=1,1,0)))+$AA57)
F58: =IF(ISBLANK($A58),"",SUM(IF(ISNA(IF(VLOOKUP($A58,'Round 1'!$A$7:$J$306,COLUMN('Round 1'!$H$7),FALSE),1,NA())),0,1),IF(ISNA(IF(VLOOKUP($A58,'Round 2'!$A$7:$J$306,COLUMN('Round 1'!$H$7),FALSE),1,NA())),0,1),IF(ISNA(IF(VLOOKUP($A58,'Round 3'!$A$7:$J$306,COLUMN('Round 1'!$H$7),FALSE),1,NA())),0,1),IF(ISNA(IF(VLOOKUP($A58,'Final Round'!$A$14:$K$18,1,FALSE),1,NA())),0,1))) | H58: =IF(ISBLANK($A58),"",IF(ISERROR(VLOOKUP($A58,'Round 1'!$A$7:$I$306,COLUMN('Round 1'!$G$7),FALSE)),0,VLOOKUP($A58,'Round 1'!$A$7:$I$306,COLUMN('Round 1'!$G$7),FALSE))+IF(ISERROR(VLOOKUP($A58,'Round 2'!$A$7:$I$306,COLUMN('Round 2'!$G$7),FALSE)),0,VLOOKUP($A58,'Round 2'!$A$7:$I$306,COLUMN('Round 2'!$G$7),FALSE))+IF(ISERROR(VLOOKUP($A58,'Round 3'!$A$7:$I$306,COLUMN('Round 3'!$G$7),FALSE)),0,VLOOKUP($A58,'Round 3'!$A$7:$I$306,COLUMN('Round 3'!$G$7),FALSE))) | I58: =IF(ISBLANK($A58),"",IF(ISERROR(VLOOKUP($A58,'Round 1'!$A$7:$I$306,COLUMN('Round 1'!$F$7),FALSE)),0,VLOOKUP($A58,'Round 1'!$A$7:$I$306,COLUMN('Round 1'!$F$7),FALSE))+IF(ISERROR(VLOOKUP($A58,'Round 2'!$A$7:$I$306,COLUMN('Round 2'!$F$7),FALSE)),0,VLOOKUP($A58,'Round 2'!$A$7:$I$306,COLUMN('Round 2'!$F$7),FALSE))+IF(ISERROR(VLOOKUP($A58,'Round 3'!$A$7:$I$306,COLUMN('Round 3'!$F$7),FALSE)),0,VLOOKUP($A58,'Round 3'!$A$7:$I$306,COLUMN('Round 3'!$F$7),FALSE))) | J58: =IF(ISBLANK($A58),"",IF(ISERROR(VLOOKUP($A58,'Round 1'!$A$7:$I$306,COLUMN('Round 1'!$H$7),FALSE)),0,VLOOKUP($A58,'Round 1'!$A$7:$I$306,COLUMN('Round 1'!$H$7),FALSE))+IF(ISERROR(VLOOKUP($A58,'Round 2'!$A$7:$I$306,COLUMN('Round 2'!$H$7),FALSE)),0,VLOOKUP($A58,'Round 2'!$A$7:$I$306,COLUMN('Round 2'!$H$7),FALSE))+IF(ISERROR(VLOOKUP($A58,'Round 3'!$A$7:$I$306,COLUMN('Round 3'!$H$7),FALSE)),0,VLOOKUP($A58,'Round 3'!$A$7:$I$306,COLUMN('Round 3'!$H$7),FALSE))) | K58: =IF(ISBLANK(A58),"",RANK(P58,$P$7:$P$306)) | L58: =IF(ISBLANK($G58),IF($K58>5,"",IF(AND(ISNA(MATCH(K58+1,$K$7:$K$306,0)),$K58<$A$4),"TIE","")),"DQ") | N58: =IF(ISBLANK($G58),$R58,"DQ") | O58: =IF(ISBLANK(A58),"",$H58*$O$6+$I58) | P58: =IF(ISBLANK(A58),"",$O58*10*$P$6+$J58) | Q58: =IF(ISBLANK($G58),IF(ISBLANK($A58),-10,$P58*$Q$6+IF($M58>0,$Q$6-1-$M58,0)),-1) -> -10 | R58: =IF(ISBLANK($A58),"",RANK($Q58,$Q$7:$Q$306)) | S58: =IF(ISNA(MATCH($R58+1,$R$7:$R$306,0)),IF($R58=MAX($A$7:$A$306),$R58,-1),$R58) | T58: =$A58 -> 0 | U58: =IF(N('Final Round'!$J$14)>0,IF(ISBLANK($A58),"",IF($N58>5,$N58,VLOOKUP($A58,'Final Round'!$A$14:$K$18,COLUMN('Final Round'!$J$1),FALSE))),"") | V58: =IF(ISNUMBER($U58),$U58,$R58) | W58: =IF(ISBLANK($A58),"",($V$6-$V58)*$W$6+$W$6-$A58) | X58: =IF(ISBLANK($A58),"",RANK($W58,$W$7:$W$306)) | Y58: =$A58 -> 0 | Z58: =IF($U58="",$N58,$U58) | AA58: =IF($U58<6,INDEX($AA$1:$AA$5,$Z58)*$Z$2,0) -> 0 | AB58: =IF(ISBLANK($A58),"",5+4*(I58+IF(AA58=0,0,VLOOKUP($A58,'Final Round'!$A$14:$K$18,COLUMN('Final Round'!$G$1),FALSE)))+8*(H58+IF(AA58=0,0,IF(VLOOKUP($A58,'Final Round'!$A$14:$K$18,COLUMN('Final Round'!$J$1),FALSE)=1,1,0)))+$AA58)
F59: =IF(ISBLANK($A59),"",SUM(IF(ISNA(IF(VLOOKUP($A59,'Round 1'!$A$7:$J$306,COLUMN('Round 1'!$H$7),FALSE),1,NA())),0,1),IF(ISNA(IF(VLOOKUP($A59,'Round 2'!$A$7:$J$306,COLUMN('Round 1'!$H$7),FALSE),1,NA())),0,1),IF(ISNA(IF(VLOOKUP($A59,'Round 3'!$A$7:$J$306,COLUMN('Round 1'!$H$7),FALSE),1,NA())),0,1),IF(ISNA(IF(VLOOKUP($A59,'Final Round'!$A$14:$K$18,1,FALSE),1,NA())),0,1))) | H59: =IF(ISBLANK($A59),"",IF(ISERROR(VLOOKUP($A59,'Round 1'!$A$7:$I$306,COLUMN('Round 1'!$G$7),FALSE)),0,VLOOKUP($A59,'Round 1'!$A$7:$I$306,COLUMN('Round 1'!$G$7),FALSE))+IF(ISERROR(VLOOKUP($A59,'Round 2'!$A$7:$I$306,COLUMN('Round 2'!$G$7),FALSE)),0,VLOOKUP($A59,'Round 2'!$A$7:$I$306,COLUMN('Round 2'!$G$7),FALSE))+IF(ISERROR(VLOOKUP($A59,'Round 3'!$A$7:$I$306,COLUMN('Round 3'!$G$7),FALSE)),0,VLOOKUP($A59,'Round 3'!$A$7:$I$306,COLUMN('Round 3'!$G$7),FALSE))) | I59: =IF(ISBLANK($A59),"",IF(ISERROR(VLOOKUP($A59,'Round 1'!$A$7:$I$306,COLUMN('Round 1'!$F$7),FALSE)),0,VLOOKUP($A59,'Round 1'!$A$7:$I$306,COLUMN('Round 1'!$F$7),FALSE))+IF(ISERROR(VLOOKUP($A59,'Round 2'!$A$7:$I$306,COLUMN('Round 2'!$F$7),FALSE)),0,VLOOKUP($A59,'Round 2'!$A$7:$I$306,COLUMN('Round 2'!$F$7),FALSE))+IF(ISERROR(VLOOKUP($A59,'Round 3'!$A$7:$I$306,COLUMN('Round 3'!$F$7),FALSE)),0,VLOOKUP($A59,'Round 3'!$A$7:$I$306,COLUMN('Round 3'!$F$7),FALSE))) | J59: =IF(ISBLANK($A59),"",IF(ISERROR(VLOOKUP($A59,'Round 1'!$A$7:$I$306,COLUMN('Round 1'!$H$7),FALSE)),0,VLOOKUP($A59,'Round 1'!$A$7:$I$306,COLUMN('Round 1'!$H$7),FALSE))+IF(ISERROR(VLOOKUP($A59,'Round 2'!$A$7:$I$306,COLUMN('Round 2'!$H$7),FALSE)),0,VLOOKUP($A59,'Round 2'!$A$7:$I$306,COLUMN('Round 2'!$H$7),FALSE))+IF(ISERROR(VLOOKUP($A59,'Round 3'!$A$7:$I$306,COLUMN('Round 3'!$H$7),FALSE)),0,VLOOKUP($A59,'Round 3'!$A$7:$I$306,COLUMN('Round 3'!$H$7),FALSE))) | K59: =IF(ISBLANK(A59),"",RANK(P59,$P$7:$P$306)) | L59: =IF(ISBLANK($G59),IF($K59>5,"",IF(AND(ISNA(MATCH(K59+1,$K$7:$K$306,0)),$K59<$A$4),"TIE","")),"DQ") | N59: =IF(ISBLANK($G59),$R59,"DQ") | O59: =IF(ISBLANK(A59),"",$H59*$O$6+$I59) | P59: =IF(ISBLANK(A59),"",$O59*10*$P$6+$J59) | Q59: =IF(ISBLANK($G59),IF(ISBLANK($A59),-10,$P59*$Q$6+IF($M59>0,$Q$6-1-$M59,0)),-1) -> -10 | R59: =IF(ISBLANK($A59),"",RANK($Q59,$Q$7:$Q$306)) | S59: =IF(ISNA(MATCH($R59+1,$R$7:$R$306,0)),IF($R59=MAX($A$7:$A$306),$R59,-1),$R59) | T59: =$A59 -> 0 | U59: =IF(N('Final Round'!$J$14)>0,IF(ISBLANK($A59),"",IF($N59>5,$N59,VLOOKUP($A59,'Final Round'!$A$14:$K$18,COLUMN('Final Round'!$J$1),FALSE))),"") | V59: =IF(ISNUMBER($U59),$U59,$R59) | W59: =IF(ISBLANK($A59),"",($V$6-$V59)*$W$6+$W$6-$A59) | X59: =IF(ISBLANK($A59),"",RANK($W59,$W$7:$W$306)) | Y59: =$A59 -> 0 | Z59: =IF($U59="",$N59,$U59) | AA59: =IF($U59<6,INDEX($AA$1:$AA$5,$Z59)*$Z$2,0) -> 0 | AB59: =IF(ISBLANK($A59),"",5+4*(I59+IF(AA59=0,0,VLOOKUP($A59,'Final Round'!$A$14:$K$18,COLUMN('Final Round'!$G$1),FALSE)))+8*(H59+IF(AA59=0,0,IF(VLOOKUP($A59,'Final Round'!$A$14:$K$18,COLUMN('Final Round'!$J$1),FALSE)=1,1,0)))+$AA59)
... F306: =IF(ISBLANK($A306),"",SUM(IF(ISNA(IF(VLOOKUP($A306,'Round 1'!$A$7:$J$306,COLUMN('Round 1'!$H$7),FALSE),1,NA())),0,1),IF(ISNA(IF(VLOOKUP($A306,'Round 2'!$A$7:$J$306,COLUMN('Round 1'!$H$7),FALSE),1,NA())),0,1),IF(ISNA(IF(VLOOKUP($A306,'Round 3'!$A$7:$J$306,COLUMN('Round 1'!$H$7),FALSE),1,NA())),0,1),IF(ISNA(IF(VLOOKUP($A306,'Final Round'!$A$14:$K$18,1,FALSE),1,NA())),0,1))) | H306: =IF(ISBLANK($A306),"",IF(ISERROR(VLOOKUP($A306,'Round 1'!$A$7:$I$306,COLUMN('Round 1'!$G$7),FALSE)),0,VLOOKUP($A306,'Round 1'!$A$7:$I$306,COLUMN('Round 1'!$G$7),FALSE))+IF(ISERROR(VLOOKUP($A306,'Round 2'!$A$7:$I$306,COLUMN('Round 2'!$G$7),FALSE)),0,VLOOKUP($A306,'Round 2'!$A$7:$I$306,COLUMN('Round 2'!$G$7),FALSE))+IF(ISERROR(VLOOKUP($A306,'Round 3'!$A$7:$I$306,COLUMN('Round 3'!$G$7),FALSE)),0,VLOOKUP($A306,'Round 3'!$A$7:$I$306,COLUMN('Round 3'!$G$7),FALSE))) | I306: =IF(ISBLANK($A306),"",IF(ISERROR(VLOOKUP($A306,'Round 1'!$A$7:$I$306,COLUMN('Round 1'!$F$7),FALSE)),0,VLOOKUP($A306,'Round 1'!$A$7:$I$306,COLUMN('Round 1'!$F$7),FALSE))+IF(ISERROR(VLOOKUP($A306,'Round 2'!$A$7:$I$306,COLUMN('Round 2'!$F$7),FALSE)),0,VLOOKUP($A306,'Round 2'!$A$7:$I$306,COLUMN('Round 2'!$F$7),FALSE))+IF(ISERROR(VLOOKUP($A306,'Round 3'!$A$7:$I$306,COLUMN('Round 3'!$F$7),FALSE)),0,VLOOKUP($A306,'Round 3'!$A$7:$I$306,COLUMN('Round 3'!$F$7),FALSE))) | J306: =IF(ISBLANK($A306),"",IF(ISERROR(VLOOKUP($A306,'Round 1'!$A$7:$I$306,COLUMN('Round 1'!$H$7),FALSE)),0,VLOOKUP($A306,'Round 1'!$A$7:$I$306,COLUMN('Round 1'!$H$7),FALSE))+IF(ISERROR(VLOOKUP($A306,'Round 2'!$A$7:$I$306,COLUMN('Round 2'!$H$7),FALSE)),0,VLOOKUP($A306,'Round 2'!$A$7:$I$306,COLUMN('Round 2'!$H$7),FALSE))+IF(ISERROR(VLOOKUP($A306,'Round 3'!$A$7:$I$306,COLUMN('Round 3'!$H$7),FALSE)),0,VLOOKUP($A306,'Round 3'!$A$7:$I$306,COLUMN('Round 3'!$H$7),FALSE))) | K306: =IF(ISBLANK(A306),"",RANK(P306,$P$7:$P$306)) | L306: =IF(ISBLANK($G306),IF($K306>5,"",IF(AND(ISNA(MATCH(K306+1,$K$7:$K$306,0)),$K306<$A$4),"TIE","")),"DQ") | N306: =IF(ISBLANK($G306),$R306,"DQ") | O306: =IF(ISBLANK(A306),"",$H306*$O$6+$I306) | P306: =IF(ISBLANK(A306),"",$O306*10*$P$6+$J306) | Q306: =IF(ISBLANK($G306),IF(ISBLANK($A306),-10,$P306*$Q$6+IF($M306>0,$Q$6-1-$M306,0)),-1) -> -10 | R306: =IF(ISBLANK($A306),"",RANK($Q306,$Q$7:$Q$306)) | S306: =IF(ISNA(MATCH($R306+1,$R$7:$R$306,0)),IF($R306=MAX($A$7:$A$306),$R306,-1),$R306) | T306: =$A306 -> 0 | U306: =IF(N('Final Round'!$J$14)>0,IF(ISBLANK($A306),"",IF($N306>5,$N306,VLOOKUP($A306,'Final Round'!$A$14:$K$18,COLUMN('Final Round'!$J$1),FALSE))),"") | V306: =IF(ISNUMBER($U306),$U306,$R306) | W306: =IF(ISBLANK($A306),"",($V$6-$V306)*$W$6+$W$6-$A306) | X306: =IF(ISBLANK($A306),"",RANK($W306,$W$7:$W$306)) | Y306: =$A306 -> 0 | Z306: =IF($U306="",$N306,$U306) | AA306: =IF($U306<6,INDEX($AA$1:$AA$5,$Z306)*$Z$2,0) -> 0 | AB306: =IF(ISBLANK($A306),"",5+4*(I306+IF(AA306=0,0,VLOOKUP($A306,'Final Round'!$A$14:$K$18,COLUMN('Final Round'!$G$1),FALSE)))+8*(H306+IF(AA306=0,0,IF(VLOOKUP($A306,'Final Round'!$A$14:$K$18,COLUMN('Final Round'!$J$1),FALSE)=1,1,0)))+$AA306)

Sheet Standings
A1: =IF(ISBLANK('Tournament Info'!B3),"Vampire: The Eternal Struggle Tournament",'Tournament Info'!B3) -> VtES Finnish Nationals 2026
A3: =IF($B$4,"Final Standings","Current Standings") -> Final Standings
B4: =N('Final Round'!$J$14)>0 -> TRUE
A5: =IF($B$4,"Final Rank","Current Rank") -> Final Rank | B5: Target Rank | C5: # | D5: Name | E5: Prelim GWs | F5: Prelim VPs | G5: Final VPs | H5: TPs
A6: =IF(ISNUMBER($C6),VLOOKUP($C6,Methuselahs!$Y$7:$Z$306,2,FALSE),"") -> 1 | B6: =IF(ROW()-ROW($A$6)<Methuselahs!$A$4,ROW()-ROW($A$5),"") -> 1 | C6: =IF(ISNUMBER($B6),VLOOKUP($B6,Methuselahs!$X$7:$Y$306,2,FALSE),"") -> 15 | D6: =IF(ISNUMBER($C6),T(VLOOKUP($C6,Methuselahs!$A$7:$E$306,2,FALSE))&" "&T(VLOOKUP($C6,Methuselahs!$A$7:$E$306,3,FALSE)),"") -> Tommi Hakomaa | E6: =IF(ISNUMBER($C6),VLOOKUP($C6,Methuselahs!$A$7:$I$306,COLUMN(Methuselahs!$H$6),FALSE),"") -> 2 | F6: =IF(ISNUMBER($C6),VLOOKUP($C6,Methuselahs!$A$7:$I$306,COLUMN(Methuselahs!$I$6),FALSE),"") -> 8.5 | G6: =IF(AND(ISNUMBER($C6),$B$4),VLOOKUP($C6,'Final Round'!$A$14:$G$18,6,FALSE),"") -> 1.5 | H6: =IF(ISNUMBER($C6),VLOOKUP($C6,Methuselahs!$A$7:$J$306,COLUMN(Methuselahs!$J$6),FALSE),"") -> 168
A7: =IF(ISNUMBER($C7),VLOOKUP($C7,Methuselahs!$Y$7:$Z$306,2,FALSE),"") -> 2 | B7: =IF(ROW()-ROW($A$6)<Methuselahs!$A$4,ROW()-ROW($A$5),"") -> 2 | C7: =IF(ISNUMBER($B7),VLOOKUP($B7,Methuselahs!$X$7:$Y$306,2,FALSE),"") -> 3 | D7: =IF(ISNUMBER($C7),T(VLOOKUP($C7,Methuselahs!$A$7:$E$306,2,FALSE))&" "&T(VLOOKUP($C7,Methuselahs!$A$7:$E$306,3,FALSE)),"") -> Michael Holmström | E7: =IF(ISNUMBER($C7),VLOOKUP($C7,Methuselahs!$A$7:$I$306,COLUMN(Methuselahs!$H$6),FALSE),"") -> 2 | F7: =IF(ISNUMBER($C7),VLOOKUP($C7,Methuselahs!$A$7:$I$306,COLUMN(Methuselahs!$I$6),FALSE),"") -> 6.5 | G7: =IF(AND(ISNUMBER($C7),$B$4),VLOOKUP($C7,'Final Round'!$A$14:$G$18,6,FALSE),"") -> 1.5 | H7: =IF(ISNUMBER($C7),VLOOKUP($C7,Methuselahs!$A$7:$J$306,COLUMN(Methuselahs!$J$6),FALSE),"") -> 156
A8: =IF(ISNUMBER($C8),VLOOKUP($C8,Methuselahs!$Y$7:$Z$306,2,FALSE),"") -> 2 | B8: =IF(ROW()-ROW($A$6)<Methuselahs!$A$4,ROW()-ROW($A$5),"") -> 3 | C8: =IF(ISNUMBER($B8),VLOOKUP($B8,Methuselahs!$X$7:$Y$306,2,FALSE),"") -> 23 | D8: =IF(ISNUMBER($C8),T(VLOOKUP($C8,Methuselahs!$A$7:$E$306,2,FALSE))&" "&T(VLOOKUP($C8,Methuselahs!$A$7:$E$306,3,FALSE)),"") -> Peitsa Suominen | E8: =IF(ISNUMBER($C8),VLOOKUP($C8,Methuselahs!$A$7:$I$306,COLUMN(Methuselahs!$H$6),FALSE),"") -> 2 | F8: =IF(ISNUMBER($C8),VLOOKUP($C8,Methuselahs!$A$7:$I$306,COLUMN(Methuselahs!$I$6),FALSE),"") -> 6.5 | G8: =IF(AND(ISNUMBER($C8),$B$4),VLOOKUP($C8,'Final Round'!$A$14:$G$18,6,FALSE),"") -> 1 | H8: =IF(ISNUMBER($C8),VLOOKUP($C8,Methuselahs!$A$7:$J$306,COLUMN(Methuselahs!$J$6),FALSE),"") -> 156
A9: =IF(ISNUMBER($C9),VLOOKUP($C9,Methuselahs!$Y$7:$Z$306,2,FALSE),"") -> 2 | B9: =IF(ROW()-ROW($A$6)<Methuselahs!$A$4,ROW()-ROW($A$5),"") -> 4 | C9: =IF(ISNUMBER($B9),VLOOKUP($B9,Methuselahs!$X$7:$Y$306,2,FALSE),"") -> 26 | D9: =IF(ISNUMBER($C9),T(VLOOKUP($C9,Methuselahs!$A$7:$E$306,2,FALSE))&" "&T(VLOOKUP($C9,Methuselahs!$A$7:$E$306,3,FALSE)),"") -> Erik Wallgren | E9: =IF(ISNUMBER($C9),VLOOKUP($C9,Methuselahs!$A$7:$I$306,COLUMN(Methuselahs!$H$6),FALSE),"") -> 1 | F9: =IF(ISNUMBER($C9),VLOOKUP($C9,Methuselahs!$A$7:$I$306,COLUMN(Methuselahs!$I$6),FALSE),"") -> 6 | G9: =IF(AND(ISNUMBER($C9),$B$4),VLOOKUP($C9,'Final Round'!$A$14:$G$18,6,FALSE),"") -> 0 | H9: =IF(ISNUMBER($C9),VLOOKUP($C9,Methuselahs!$A$7:$J$306,COLUMN(Methuselahs!$J$6),FALSE),"") -> 156
A10: =IF(ISNUMBER($C10),VLOOKUP($C10,Methuselahs!$Y$7:$Z$306,2,FALSE),"") -> 2 | B10: =IF(ROW()-ROW($A$6)<Methuselahs!$A$4,ROW()-ROW($A$5),"") -> 5 | C10: =IF(ISNUMBER($B10),VLOOKUP($B10,Methuselahs!$X$7:$Y$306,2,FALSE),"") -> 28 | D10: =IF(ISNUMBER($C10),T(VLOOKUP($C10,Methuselahs!$A$7:$E$306,2,FALSE))&" "&T(VLOOKUP($C10,Methuselahs!$A$7:$E$306,3,FALSE)),"") -> Marko Saari | E10: =IF(ISNUMBER($C10),VLOOKUP($C10,Methuselahs!$A$7:$I$306,COLUMN(Methuselahs!$H$6),FALSE),"") -> 2 | F10: =IF(ISNUMBER($C10),VLOOKUP($C10,Methuselahs!$A$7:$I$306,COLUMN(Methuselahs!$I$6),FALSE),"") -> 7 | G10: =IF(AND(ISNUMBER($C10),$B$4),VLOOKUP($C10,'Final Round'!$A$14:$G$18,6,FALSE),"") -> 0 | H10: =IF(ISNUMBER($C10),VLOOKUP($C10,Methuselahs!$A$7:$J$306,COLUMN(Methuselahs!$J$6),FALSE),"") -> 162
A11: =IF(ISNUMBER($C11),VLOOKUP($C11,Methuselahs!$Y$7:$Z$306,2,FALSE),"") -> 6 | B11: =IF(ROW()-ROW($A$6)<Methuselahs!$A$4,ROW()-ROW($A$5),"") -> 6 | C11: =IF(ISNUMBER($B11),VLOOKUP($B11,Methuselahs!$X$7:$Y$306,2,FALSE),"") -> 6 | D11: =IF(ISNUMBER($C11),T(VLOOKUP($C11,Methuselahs!$A$7:$E$306,2,FALSE))&" "&T(VLOOKUP($C11,Methuselahs!$A$7:$E$306,3,FALSE)),"") -> Antti Penttilä | E11: =IF(ISNUMBER($C11),VLOOKUP($C11,Methuselahs!$A$7:$I$306,COLUMN(Methuselahs!$H$6),FALSE),"") -> 1 | F11: =IF(ISNUMBER($C11),VLOOKUP($C11,Methuselahs!$A$7:$I$306,COLUMN(Methuselahs!$I$6),FALSE),"") -> 5.5 | H11: =IF(ISNUMBER($C11),VLOOKUP($C11,Methuselahs!$A$7:$J$306,COLUMN(Methuselahs!$J$6),FALSE),"") -> 162
A12: =IF(ISNUMBER($C12),VLOOKUP($C12,Methuselahs!$Y$7:$Z$306,2,FALSE),"") -> 7 | B12: =IF(ROW()-ROW($A$6)<Methuselahs!$A$4,ROW()-ROW($A$5),"") -> 7 | C12: =IF(ISNUMBER($B12),VLOOKUP($B12,Methuselahs!$X$7:$Y$306,2,FALSE),"") -> 16 | D12: =IF(ISNUMBER($C12),T(VLOOKUP($C12,Methuselahs!$A$7:$E$306,2,FALSE))&" "&T(VLOOKUP($C12,Methuselahs!$A$7:$E$306,3,FALSE)),"") -> Lech Ivanov | E12: =IF(ISNUMBER($C12),VLOOKUP($C12,Methuselahs!$A$7:$I$306,COLUMN(Methuselahs!$H$6),FALSE),"") -> 1 | F12: =IF(ISNUMBER($C12),VLOOKUP($C12,Methuselahs!$A$7:$I$306,COLUMN(Methuselahs!$I$6),FALSE),"") -> 5.5 | H12: =IF(ISNUMBER($C12),VLOOKUP($C12,Methuselahs!$A$7:$J$306,COLUMN(Methuselahs!$J$6),FALSE),"") -> 156
A13: =IF(ISNUMBER($C13),VLOOKUP($C13,Methuselahs!$Y$7:$Z$306,2,FALSE),"") -> 8 | B13: =IF(ROW()-ROW($A$6)<Methuselahs!$A$4,ROW()-ROW($A$5),"") -> 8 | C13: =IF(ISNUMBER($B13),VLOOKUP($B13,Methuselahs!$X$7:$Y$306,2,FALSE),"") -> 37 | D13: =IF(ISNUMBER($C13),T(VLOOKUP($C13,Methuselahs!$A$7:$E$306,2,FALSE))&" "&T(VLOOKUP($C13,Methuselahs!$A$7:$E$306,3,FALSE)),"") -> Joona Tuominen | E13: =IF(ISNUMBER($C13),VLOOKUP($C13,Methuselahs!$A$7:$I$306,COLUMN(Methuselahs!$H$6),FALSE),"") -> 1 | F13: =IF(ISNUMBER($C13),VLOOKUP($C13,Methuselahs!$A$7:$I$306,COLUMN(Methuselahs!$I$6),FALSE),"") -> 5 | H13: =IF(ISNUMBER($C13),VLOOKUP($C13,Methuselahs!$A$7:$J$306,COLUMN(Methuselahs!$J$6),FALSE),"") -> 126
A14: =IF(ISNUMBER($C14),VLOOKUP($C14,Methuselahs!$Y$7:$Z$306,2,FALSE),"") -> 9 | B14: =IF(ROW()-ROW($A$6)<Methuselahs!$A$4,ROW()-ROW($A$5),"") -> 9 | C14: =IF(ISNUMBER($B14),VLOOKUP($B14,Methuselahs!$X$7:$Y$306,2,FALSE),"") -> 27 | D14: =IF(ISNUMBER($C14),T(VLOOKUP($C14,Methuselahs!$A$7:$E$306,2,FALSE))&" "&T(VLOOKUP($C14,Methuselahs!$A$7:$E$306,3,FALSE)),"") -> Niina Lindroos | E14: =IF(ISNUMBER($C14),VLOOKUP($C14,Methuselahs!$A$7:$I$306,COLUMN(Methuselahs!$H$6),FALSE),"") -> 1 | F14: =IF(ISNUMBER($C14),VLOOKUP($C14,Methuselahs!$A$7:$I$306,COLUMN(Methuselahs!$I$6),FALSE),"") -> 4.5 | H14: =IF(ISNUMBER($C14),VLOOKUP($C14,Methuselahs!$A$7:$J$306,COLUMN(Methuselahs!$J$6),FALSE),"") -> 138
A15: =IF(ISNUMBER($C15),VLOOKUP($C15,Methuselahs!$Y$7:$Z$306,2,FALSE),"") -> 10 | B15: =IF(ROW()-ROW($A$6)<Methuselahs!$A$4,ROW()-ROW($A$5),"") -> 10 | C15: =IF(ISNUMBER($B15),VLOOKUP($B15,Methuselahs!$X$7:$Y$306,2,FALSE),"") -> 35 | D15: =IF(ISNUMBER($C15),T(VLOOKUP($C15,Methuselahs!$A$7:$E$306,2,FALSE))&" "&T(VLOOKUP($C15,Methuselahs!$A$7:$E$306,3,FALSE)),"") -> Nerijus Mikalajunas | E15: =IF(ISNUMBER($C15),VLOOKUP($C15,Methuselahs!$A$7:$I$306,COLUMN(Methuselahs!$H$6),FALSE),"") -> 1 | F15: =IF(ISNUMBER($C15),VLOOKUP($C15,Methuselahs!$A$7:$I$306,COLUMN(Methuselahs!$I$6),FALSE),"") -> 4.5 | H15: =IF(ISNUMBER($C15),VLOOKUP($C15,Methuselahs!$A$7:$J$306,COLUMN(Methuselahs!$J$6),FALSE),"") -> 126
A16: =IF(ISNUMBER($C16),VLOOKUP($C16,Methuselahs!$Y$7:$Z$306,2,FALSE),"") -> 11 | B16: =IF(ROW()-ROW($A$6)<Methuselahs!$A$4,ROW()-ROW($A$5),"") -> 11 | C16: =IF(ISNUMBER($B16),VLOOKUP($B16,Methuselahs!$X$7:$Y$306,2,FALSE),"") -> 10 | D16: =IF(ISNUMBER($C16),T(VLOOKUP($C16,Methuselahs!$A$7:$E$306,2,FALSE))&" "&T(VLOOKUP($C16,Methuselahs!$A$7:$E$306,3,FALSE)),"") -> Janne Lönnqvist | E16: =IF(ISNUMBER($C16),VLOOKUP($C16,Methuselahs!$A$7:$I$306,COLUMN(Methuselahs!$H$6),FALSE),"") -> 1 | F16: =IF(ISNUMBER($C16),VLOOKUP($C16,Methuselahs!$A$7:$I$306,COLUMN(Methuselahs!$I$6),FALSE),"") -> 4.5 | H16: =IF(ISNUMBER($C16),VLOOKUP($C16,Methuselahs!$A$7:$J$306,COLUMN(Methuselahs!$J$6),FALSE),"") -> 120
A17: =IF(ISNUMBER($C17),VLOOKUP($C17,Methuselahs!$Y$7:$Z$306,2,FALSE),"") -> 12 | B17: =IF(ROW()-ROW($A$6)<Methuselahs!$A$4,ROW()-ROW($A$5),"") -> 12 | C17: =IF(ISNUMBER($B17),VLOOKUP($B17,Methuselahs!$X$7:$Y$306,2,FALSE),"") -> 38 | D17: =IF(ISNUMBER($C17),T(VLOOKUP($C17,Methuselahs!$A$7:$E$306,2,FALSE))&" "&T(VLOOKUP($C17,Methuselahs!$A$7:$E$306,3,FALSE)),"") -> Juha Nyholm | E17: =IF(ISNUMBER($C17),VLOOKUP($C17,Methuselahs!$A$7:$I$306,COLUMN(Methuselahs!$H$6),FALSE),"") -> 1 | F17: =IF(ISNUMBER($C17),VLOOKUP($C17,Methuselahs!$A$7:$I$306,COLUMN(Methuselahs!$I$6),FALSE),"") -> 4 | H17: =IF(ISNUMBER($C17),VLOOKUP($C17,Methuselahs!$A$7:$J$306,COLUMN(Methuselahs!$J$6),FALSE),"") -> 138
A18: =IF(ISNUMBER($C18),VLOOKUP($C18,Methuselahs!$Y$7:$Z$306,2,FALSE),"") -> 13 | B18: =IF(ROW()-ROW($A$6)<Methuselahs!$A$4,ROW()-ROW($A$5),"") -> 13 | C18: =IF(ISNUMBER($B18),VLOOKUP($B18,Methuselahs!$X$7:$Y$306,2,FALSE),"") -> 5 | D18: =IF(ISNUMBER($C18),T(VLOOKUP($C18,Methuselahs!$A$7:$E$306,2,FALSE))&" "&T(VLOOKUP($C18,Methuselahs!$A$7:$E$306,3,FALSE)),"") -> Otto Kallokoski | E18: =IF(ISNUMBER($C18),VLOOKUP($C18,Methuselahs!$A$7:$I$306,COLUMN(Methuselahs!$H$6),FALSE),"") -> 1 | F18: =IF(ISNUMBER($C18),VLOOKUP($C18,Methuselahs!$A$7:$I$306,COLUMN(Methuselahs!$I$6),FALSE),"") -> 4 | H18: =IF(ISNUMBER($C18),VLOOKUP($C18,Methuselahs!$A$7:$J$306,COLUMN(Methuselahs!$J$6),FALSE),"") -> 132
A19: =IF(ISNUMBER($C19),VLOOKUP($C19,Methuselahs!$Y$7:$Z$306,2,FALSE),"") -> 14 | B19: =IF(ROW()-ROW($A$6)<Methuselahs!$A$4,ROW()-ROW($A$5),"") -> 14 | C19: =IF(ISNUMBER($B19),VLOOKUP($B19,Methuselahs!$X$7:$Y$306,2,FALSE),"") -> 33 | D19: =IF(ISNUMBER($C19),T(VLOOKUP($C19,Methuselahs!$A$7:$E$306,2,FALSE))&" "&T(VLOOKUP($C19,Methuselahs!$A$7:$E$306,3,FALSE)),"") -> Petri Wessman | E19: =IF(ISNUMBER($C19),VLOOKUP($C19,Methuselahs!$A$7:$I$306,COLUMN(Methuselahs!$H$6),FALSE),"") -> 1 | F19: =IF(ISNUMBER($C19),VLOOKUP($C19,Methuselahs!$A$7:$I$306,COLUMN(Methuselahs!$I$6),FALSE),"") -> 4 | H19: =IF(ISNUMBER($C19),VLOOKUP($C19,Methuselahs!$A$7:$J$306,COLUMN(Methuselahs!$J$6),FALSE),"") -> 96
A20: =IF(ISNUMBER($C20),VLOOKUP($C20,Methuselahs!$Y$7:$Z$306,2,FALSE),"") -> 15 | B20: =IF(ROW()-ROW($A$6)<Methuselahs!$A$4,ROW()-ROW($A$5),"") -> 15 | C20: =IF(ISNUMBER($B20),VLOOKUP($B20,Methuselahs!$X$7:$Y$306,2,FALSE),"") -> 36 | D20: =IF(ISNUMBER($C20),T(VLOOKUP($C20,Methuselahs!$A$7:$E$306,2,FALSE))&" "&T(VLOOKUP($C20,Methuselahs!$A$7:$E$306,3,FALSE)),"") -> Lasse Pöyry | E20: =IF(ISNUMBER($C20),VLOOKUP($C20,Methuselahs!$A$7:$I$306,COLUMN(Methuselahs!$H$6),FALSE),"") -> 1 | F20: =IF(ISNUMBER($C20),VLOOKUP($C20,Methuselahs!$A$7:$I$306,COLUMN(Methuselahs!$I$6),FALSE),"") -> 3.5 | H20: =IF(ISNUMBER($C20),VLOOKUP($C20,Methuselahs!$A$7:$J$306,COLUMN(Methuselahs!$J$6),FALSE),"") -> 120
A21: =IF(ISNUMBER($C21),VLOOKUP($C21,Methuselahs!$Y$7:$Z$306,2,FALSE),"") -> 16 | B21: =IF(ROW()-ROW($A$6)<Methuselahs!$A$4,ROW()-ROW($A$5),"") -> 16 | C21: =IF(ISNUMBER($B21),VLOOKUP($B21,Methuselahs!$X$7:$Y$306,2,FALSE),"") -> 1 | D21: =IF(ISNUMBER($C21),T(VLOOKUP($C21,Methuselahs!$A$7:$E$306,2,FALSE))&" "&T(VLOOKUP($C21,Methuselahs!$A$7:$E$306,3,FALSE)),"") -> Tero Aalto | E21: =IF(ISNUMBER($C21),VLOOKUP($C21,Methuselahs!$A$7:$I$306,COLUMN(Methuselahs!$H$6),FALSE),"") -> 1 | F21: =IF(ISNUMBER($C21),VLOOKUP($C21,Methuselahs!$A$7:$I$306,COLUMN(Methuselahs!$I$6),FALSE),"") -> 3.5 | H21: =IF(ISNUMBER($C21),VLOOKUP($C21,Methuselahs!$A$7:$J$306,COLUMN(Methuselahs!$J$6),FALSE),"") -> 114
A22: =IF(ISNUMBER($C22),VLOOKUP($C22,Methuselahs!$Y$7:$Z$306,2,FALSE),"") -> 17 | B22: =IF(ROW()-ROW($A$6)<Methuselahs!$A$4,ROW()-ROW($A$5),"") -> 17 | C22: =IF(ISNUMBER($B22),VLOOKUP($B22,Methuselahs!$X$7:$Y$306,2,FALSE),"") -> 40 | D22: =IF(ISNUMBER($C22),T(VLOOKUP($C22,Methuselahs!$A$7:$E$306,2,FALSE))&" "&T(VLOOKUP($C22,Methuselahs!$A$7:$E$306,3,FALSE)),"") -> Pasi Karjalainen | E22: =IF(ISNUMBER($C22),VLOOKUP($C22,Methuselahs!$A$7:$I$306,COLUMN(Methuselahs!$H$6),FALSE),"") -> 0 | F22: =IF(ISNUMBER($C22),VLOOKUP($C22,Methuselahs!$A$7:$I$306,COLUMN(Methuselahs!$I$6),FALSE),"") -> 3 | H22: =IF(ISNUMBER($C22),VLOOKUP($C22,Methuselahs!$A$7:$J$306,COLUMN(Methuselahs!$J$6),FALSE),"") -> 126
... A305: =IF(ISNUMBER($C305),VLOOKUP($C305,Methuselahs!$Y$7:$Z$306,2,FALSE),"") | B305: =IF(ROW()-ROW($A$6)<Methuselahs!$A$4,ROW()-ROW($A$5),"") | C305: =IF(ISNUMBER($B305),VLOOKUP($B305,Methuselahs!$X$7:$Y$306,2,FALSE),"") | D305: =IF(ISNUMBER($C305),T(VLOOKUP($C305,Methuselahs!$A$7:$E$306,2,FALSE))&" "&T(VLOOKUP($C305,Methuselahs!$A$7:$E$306,3,FALSE)),"") | E305: =IF(ISNUMBER($C305),VLOOKUP($C305,Methuselahs!$A$7:$I$306,COLUMN(Methuselahs!$H$6),FALSE),"") | F305: =IF(ISNUMBER($C305),VLOOKUP($C305,Methuselahs!$A$7:$I$306,COLUMN(Methuselahs!$I$6),FALSE),"") | H305: =IF(ISNUMBER($C305),VLOOKUP($C305,Methuselahs!$A$7:$J$306,COLUMN(Methuselahs!$J$6),FALSE),"")

Sheet Round 1
A1: =IF(ISBLANK('Tournament Info'!B3),"Vampire: The Eternal Struggle Tournament",'Tournament Info'!B3) -> VtES Finnish Nationals 2026
H2: Round Start Time:
A3: Round 1 | H3: Round End Time:
V4: 1
A5: Table Seating | E5: Round Results | K5: The arduous formulas for "Tournament Point" calculation... :) | S5: VP Validity Checking
A6: # | B6: Player First Name | C6: Player Last Name | D6: Table# | E6: VPs | F6: VPs | G6: GW | H6: TPs | I6: Tbl Rank | J6: #@T | K6: RawRank | L6: TPBase | M6: TP-2 | N6: TP-3 | O6: TP-4 | P6: TP-5 | Q6: TPcal | R6: TPshare | S6: #P | T6: Ceil(VP) | U6: Sum(Ceil) | W6: RawTblRank | X6: AdjRank | Y6: Re-Rank | Z6: DCI# | AA6: RawTblRank
A7: =IF(ISBLANK('Tournament Info'!$B$11),"",INDIRECT(ADDRESS(ROW(),1,1,1,"Optimal Seating "&'Tournament Info'!$B$11-1&"R+F"))) -> 1 | B7: =IF(ISNUMBER(A7),VLOOKUP(A7,Methuselahs!$A$7:$E$306,2,FALSE),"") -> Tero | C7: =IF(ISNUMBER(A7),VLOOKUP(A7,Methuselahs!$A$7:$E$306,3,FALSE),"") -> Aalto | D7: =IF(ISNUMBER(A7),FLOOR((ROW()-ROW($A$7))/5,1)+1,"") -> 1 | E7: 0.5 | F7: =IF(ISNUMBER(E7),E7,0) -> 0.5 | G7: =IF(ISNUMBER($A7),IF(AND($F7>=2,$H7=60),1,0),"") -> 0 | H7: =IF(ISNUMBER(A7),IF(OR($S7=$U7,NOT(ISNA(MATCH($D7*5+$V$4,Override!$C$6:$C$125,0)))),$Q7,0),"") -> 36 | I7: =IF(ISNUMBER(A7),IF(J7=5,K7,IF(AND(J7=4,OR(K7=4,K7=3)),K7+1,K7)),"") -> 1 | J7: =COUNT(A7:A11) -> 5 | K7: =IF(ISNUMBER(A7),RANK(F7,F7:F11),"") -> 1 | L7: =IF(J7=5,VLOOKUP(K7,TPMatrix!$A$6:$B$10,2,FALSE),IF(J7=4,VLOOKUP(K7,TPMatrix!$D$6:$E$9,2,FALSE),0)) -> 60 | M7: =IF(COUNTIF(K7:K11,K7)>=2,IF(J7=5,VLOOKUP(K7+1,TPMatrix!$A$6:$B$10,2,FALSE),IF(J7=4,VLOOKUP(K7+1,TPMatrix!$D$6:$E$9,2,FALSE),0)),"") -> 48 | N7: =IF(COUNTIF(K7:K11,K7)>=3,IF(J7=5,VLOOKUP(K7+2,TPMatrix!$A$6:$B$10,2,FALSE),IF(J7=4,VLOOKUP(K7+2,TPMatrix!$D$6:$E$9,2,FALSE),0)),"") -> 36 | O7: =IF(COUNTIF(K7:K11,K7)>=4,IF(J7=5,VLOOKUP(K7+3,TPMatrix!$A$6:$B$10,2,FALSE),IF(J7=4,VLOOKUP(K7+3,TPMatrix!$D$6:$E$9,2,FALSE),0)),"") -> 24 | P7: =IF(COUNTIF(K7:K11,K7)>=5,IF(J7=5,VLOOKUP(K7+4,TPMatrix!$A$6:$B$10,2,FALSE),IF(J7=4,VLOOKUP(K7+4,TPMatrix!$D$6:$E$9,2,FALSE),0)),"") -> 12 | Q7: =SUM(L7:P7)/COUNT(L7:P7) -> 36 | R7: =COUNT(L7:P7) -> 5 | S7: =IF(ISNUMBER($A7),COUNTIF($D$7:$D$306,$D7),0) -> 5 | T7: =CEILING($F7,1) -> 1 | U7: =SUM(OFFSET(T7,-MOD(ROW()-ROW($U$7),5),0,5,1)) -> 5 | W7: =$I7 -> 1 | X7: =IF(ISNUMBER($A7),$W7*(Methuselahs!$A$4+1)+$A7,"") -> 43 | Y7: =IF(ISNUMBER($A7),RANK($X7,$X7:$X11,1),"") -> 1 | Z7: =IF(ISNUMBER($A7),VLOOKUP($A7,Methuselahs!$A$7:$X$306,5),"") -> #N/A | AA7: =$I7 -> 1
A8: =IF(ISBLANK('Tournament Info'!$B$11),"",INDIRECT(ADDRESS(ROW(),1,1,1,"Optimal Seating "&'Tournament Info'!$B$11-1&"R+F"))) -> 2 | B8: =IF(ISNUMBER(A8),VLOOKUP(A8,Methuselahs!$A$7:$E$306,2,FALSE),"") -> Christian | C8: =IF(ISNUMBER(A8),VLOOKUP(A8,Methuselahs!$A$7:$E$306,3,FALSE),"") -> Nislev | D8: =IF(ISNUMBER(A8),FLOOR((ROW()-ROW($A$7))/5,1)+1,"") -> 1 | E8: 0.5 | F8: =IF(ISNUMBER(E8),E8,0) -> 0.5 | G8: =IF(ISNUMBER($A8),IF(AND($F8>=2,$H8=60),1,0),"") -> 0 | H8: =IF(ISNUMBER(A8),IF(OR($S8=$U8,NOT(ISNA(MATCH($D8*5+$V$4,Override!$C$6:$C$125,0)))),$Q8,0),"") -> 36 | I8: =IF(ISNUMBER(A8),IF(J8=5,K8,IF(AND(J8=4,OR(K8=4,K8=3)),K8+1,K8)),"") -> 1 | J8: =COUNT(A7:A11) -> 5 | K8: =IF(ISNUMBER(A8),RANK(F8,F7:F11),"") -> 1 | L8: =IF(J8=5,VLOOKUP(K8,TPMatrix!$A$6:$B$10,2,FALSE),IF(J8=4,VLOOKUP(K8,TPMatrix!$D$6:$E$9,2,FALSE),0)) -> 60 | M8: =IF(COUNTIF(K7:K11,K8)>=2,IF(J8=5,VLOOKUP(K8+1,TPMatrix!$A$6:$B$10,2,FALSE),IF(J8=4,VLOOKUP(K8+1,TPMatrix!$D$6:$E$9,2,FALSE),0)),"") -> 48 | N8: =IF(COUNTIF(K7:K11,K8)>=3,IF(J8=5,VLOOKUP(K8+2,TPMatrix!$A$6:$B$10,2,FALSE),IF(J8=4,VLOOKUP(K8+2,TPMatrix!$D$6:$E$9,2,FALSE),0)),"") -> 36 | O8: =IF(COUNTIF(K7:K11,K8)>=4,IF(J8=5,VLOOKUP(K8+3,TPMatrix!$A$6:$B$10,2,FALSE),IF(J8=4,VLOOKUP(K8+3,TPMatrix!$D$6:$E$9,2,FALSE),0)),"") -> 24 | P8: =IF(COUNTIF(K7:K11,K8)>=5,IF(J8=5,VLOOKUP(K8+4,TPMatrix!$A$6:$B$10,2,FALSE),IF(J8=4,VLOOKUP(K8+4,TPMatrix!$D$6:$E$9,2,FALSE),0)),"") -> 12 | Q8: =SUM(L8:P8)/COUNT(L8:P8) -> 36 | R8: =COUNT(L8:P8) -> 5 | S8: =IF(ISNUMBER($A8),COUNTIF($D$7:$D$306,$D8),0) -> 5 | T8: =CEILING($F8,1) -> 1 | U8: =SUM(OFFSET(T8,-MOD(ROW()-ROW($U$7),5),0,5,1)) -> 5 | W8: =$I8 -> 1 | X8: =IF(ISNUMBER($A8),$W8*(Methuselahs!$A$4+1)+$A8,"") -> 44 | Y8: =IF(ISNUMBER($A8),RANK($X8,$X8:$X12,1),"") -> 1 | Z8: =IF(ISNUMBER($A8),VLOOKUP($A8,Methuselahs!$A$7:$X$306,5),"") -> #N/A | AA8: =$I8 -> 1
A9: =IF(ISBLANK('Tournament Info'!$B$11),"",INDIRECT(ADDRESS(ROW(),1,1,1,"Optimal Seating "&'Tournament Info'!$B$11-1&"R+F"))) -> 3 | B9: =IF(ISNUMBER(A9),VLOOKUP(A9,Methuselahs!$A$7:$E$306,2,FALSE),"") -> Michael | C9: =IF(ISNUMBER(A9),VLOOKUP(A9,Methuselahs!$A$7:$E$306,3,FALSE),"") -> Holmström | D9: =IF(ISNUMBER(A9),FLOOR((ROW()-ROW($A$7))/5,1)+1,"") -> 1 | E9: 0.5 | F9: =IF(ISNUMBER(E9),E9,0) -> 0.5 | G9: =IF(ISNUMBER($A9),IF(AND($F9>=2,$H9=60),1,0),"") -> 0 | H9: =IF(ISNUMBER(A9),IF(OR($S9=$U9,NOT(ISNA(MATCH($D9*5+$V$4,Override!$C$6:$C$125,0)))),$Q9,0),"") -> 36 | I9: =IF(ISNUMBER(A9),IF(J9=5,K9,IF(AND(J9=4,OR(K9=4,K9=3)),K9+1,K9)),"") -> 1 | J9: =COUNT(A7:A11) -> 5 | K9: =IF(ISNUMBER(A9),RANK(F9,F7:F11),"") -> 1 | L9: =IF(J9=5,VLOOKUP(K9,TPMatrix!$A$6:$B$10,2,FALSE),IF(J9=4,VLOOKUP(K9,TPMatrix!$D$6:$E$9,2,FALSE),0)) -> 60 | M9: =IF(COUNTIF(K7:K11,K9)>=2,IF(J9=5,VLOOKUP(K9+1,TPMatrix!$A$6:$B$10,2,FALSE),IF(J9=4,VLOOKUP(K9+1,TPMatrix!$D$6:$E$9,2,FALSE),0)),"") -> 48 | N9: =IF(COUNTIF(K7:K11,K9)>=3,IF(J9=5,VLOOKUP(K9+2,TPMatrix!$A$6:$B$10,2,FALSE),IF(J9=4,VLOOKUP(K9+2,TPMatrix!$D$6:$E$9,2,FALSE),0)),"") -> 36 | O9: =IF(COUNTIF(K7:K11,K9)>=4,IF(J9=5,VLOOKUP(K9+3,TPMatrix!$A$6:$B$10,2,FALSE),IF(J9=4,VLOOKUP(K9+3,TPMatrix!$D$6:$E$9,2,FALSE),0)),"") -> 24 | P9: =IF(COUNTIF(K7:K11,K9)>=5,IF(J9=5,VLOOKUP(K9+4,TPMatrix!$A$6:$B$10,2,FALSE),IF(J9=4,VLOOKUP(K9+4,TPMatrix!$D$6:$E$9,2,FALSE),0)),"") -> 12 | Q9: =SUM(L9:P9)/COUNT(L9:P9) -> 36 | R9: =COUNT(L9:P9) -> 5 | S9: =IF(ISNUMBER($A9),COUNTIF($D$7:$D$306,$D9),0) -> 5 | T9: =CEILING($F9,1) -> 1 | U9: =SUM(OFFSET(T9,-MOD(ROW()-ROW($U$7),5),0,5,1)) -> 5 | W9: =$I9 -> 1 | X9: =IF(ISNUMBER($A9),$W9*(Methuselahs!$A$4+1)+$A9,"") -> 45 | Y9: =IF(ISNUMBER($A9),RANK($X9,$X9:$X13,1),"") -> 1 | Z9: =IF(ISNUMBER($A9),VLOOKUP($A9,Methuselahs!$A$7:$X$306,5),"") -> #N/A | AA9: =$I9 -> 1
A10: =IF(ISBLANK('Tournament Info'!$B$11),"",INDIRECT(ADDRESS(ROW(),1,1,1,"Optimal Seating "&'Tournament Info'!$B$11-1&"R+F"))) -> 4 | B10: =IF(ISNUMBER(A10),VLOOKUP(A10,Methuselahs!$A$7:$E$306,2,FALSE),"") -> Motiejus | C10: =IF(ISNUMBER(A10),VLOOKUP(A10,Methuselahs!$A$7:$E$306,3,FALSE),"") -> Simonis | D10: =IF(ISNUMBER(A10),FLOOR((ROW()-ROW($A$7))/5,1)+1,"") -> 1 | E10: 0.5 | F10: =IF(ISNUMBER(E10),E10,0) -> 0.5 | G10: =IF(ISNUMBER($A10),IF(AND($F10>=2,$H10=60),1,0),"") -> 0 | H10: =IF(ISNUMBER(A10),IF(OR($S10=$U10,NOT(ISNA(MATCH($D10*5+$V$4,Override!$C$6:$C$125,0)))),$Q10,0),"") -> 36 | I10: =IF(ISNUMBER(A10),IF(J10=5,K10,IF(AND(J10=4,OR(K10=4,K10=3)),K10+1,K10)),"") -> 1 | J10: =COUNT(A7:A11) -> 5 | K10: =IF(ISNUMBER(A10),RANK(F10,F7:F11),"") -> 1 | L10: =IF(J10=5,VLOOKUP(K10,TPMatrix!$A$6:$B$10,2,FALSE),IF(J10=4,VLOOKUP(K10,TPMatrix!$D$6:$E$9,2,FALSE),0)) -> 60 | M10: =IF(COUNTIF(K7:K11,K10)>=2,IF(J10=5,VLOOKUP(K10+1,TPMatrix!$A$6:$B$10,2,FALSE),IF(J10=4,VLOOKUP(K10+1,TPMatrix!$D$6:$E$9,2,FALSE),0)),"") -> 48 | N10: =IF(COUNTIF(K7:K11,K10)>=3,IF(J10=5,VLOOKUP(K10+2,TPMatrix!$A$6:$B$10,2,FALSE),IF(J10=4,VLOOKUP(K10+2,TPMatrix!$D$6:$E$9,2,FALSE),0)),"") -> 36 | O10: =IF(COUNTIF(K7:K11,K10)>=4,IF(J10=5,VLOOKUP(K10+3,TPMatrix!$A$6:$B$10,2,FALSE),IF(J10=4,VLOOKUP(K10+3,TPMatrix!$D$6:$E$9,2,FALSE),0)),"") -> 24 | P10: =IF(COUNTIF(K7:K11,K10)>=5,IF(J10=5,VLOOKUP(K10+4,TPMatrix!$A$6:$B$10,2,FALSE),IF(J10=4,VLOOKUP(K10+4,TPMatrix!$D$6:$E$9,2,FALSE),0)),"") -> 12 | Q10: =SUM(L10:P10)/COUNT(L10:P10) -> 36 | R10: =COUNT(L10:P10) -> 5 | S10: =IF(ISNUMBER($A10),COUNTIF($D$7:$D$306,$D10),0) -> 5 | T10: =CEILING($F10,1) -> 1 | U10: =SUM(OFFSET(T10,-MOD(ROW()-ROW($U$7),5),0,5,1)) -> 5 | W10: =$I10 -> 1 | X10: =IF(ISNUMBER($A10),$W10*(Methuselahs!$A$4+1)+$A10,"") -> 46 | Y10: =IF(ISNUMBER($A10),RANK($X10,$X10:$X14,1),"") -> 1 | Z10: =IF(ISNUMBER($A10),VLOOKUP($A10,Methuselahs!$A$7:$X$306,5),"") -> #N/A | AA10: =$I10 -> 1
A11: =IF(ISBLANK('Tournament Info'!$B$11),"",INDIRECT(ADDRESS(ROW(),1,1,1,"Optimal Seating "&'Tournament Info'!$B$11-1&"R+F"))) -> 5 | B11: =IF(ISNUMBER(A11),VLOOKUP(A11,Methuselahs!$A$7:$E$306,2,FALSE),"") -> Otto | C11: =IF(ISNUMBER(A11),VLOOKUP(A11,Methuselahs!$A$7:$E$306,3,FALSE),"") -> Kallokoski | D11: =IF(ISNUMBER(A11),FLOOR((ROW()-ROW($A$7))/5,1)+1,"") -> 1 | E11: 0.5 | F11: =IF(ISNUMBER(E11),E11,0) -> 0.5 | G11: =IF(ISNUMBER($A11),IF(AND($F11>=2,$H11=60),1,0),"") -> 0 | H11: =IF(ISNUMBER(A11),IF(OR($S11=$U11,NOT(ISNA(MATCH($D11*5+$V$4,Override!$C$6:$C$125,0)))),$Q11,0),"") -> 36 | I11: =IF(ISNUMBER(A11),IF(J11=5,K11,IF(AND(J11=4,OR(K11=4,K11=3)),K11+1,K11)),"") -> 1 | J11: =COUNT(A7:A11) -> 5 | K11: =IF(ISNUMBER(A11),RANK(F11,F7:F11),"") -> 1 | L11: =IF(J11=5,VLOOKUP(K11,TPMatrix!$A$6:$B$10,2,FALSE),IF(J11=4,VLOOKUP(K11,TPMatrix!$D$6:$E$9,2,FALSE),0)) -> 60 | M11: =IF(COUNTIF(K7:K11,K11)>=2,IF(J11=5,VLOOKUP(K11+1,TPMatrix!$A$6:$B$10,2,FALSE),IF(J11=4,VLOOKUP(K11+1,TPMatrix!$D$6:$E$9,2,FALSE),0)),"") -> 48 | N11: =IF(COUNTIF(K7:K11,K11)>=3,IF(J11=5,VLOOKUP(K11+2,TPMatrix!$A$6:$B$10,2,FALSE),IF(J11=4,VLOOKUP(K11+2,TPMatrix!$D$6:$E$9,2,FALSE),0)),"") -> 36 | O11: =IF(COUNTIF(K7:K11,K11)>=4,IF(J11=5,VLOOKUP(K11+3,TPMatrix!$A$6:$B$10,2,FALSE),IF(J11=4,VLOOKUP(K11+3,TPMatrix!$D$6:$E$9,2,FALSE),0)),"") -> 24 | P11: =IF(COUNTIF(K7:K11,K11)>=5,IF(J11=5,VLOOKUP(K11+4,TPMatrix!$A$6:$B$10,2,FALSE),IF(J11=4,VLOOKUP(K11+4,TPMatrix!$D$6:$E$9,2,FALSE),0)),"") -> 12 | Q11: =SUM(L11:P11)/COUNT(L11:P11) -> 36 | R11: =COUNT(L11:P11) -> 5 | S11: =IF(ISNUMBER($A11),COUNTIF($D$7:$D$306,$D11),0) -> 5 | T11: =CEILING($F11,1) -> 1 | U11: =SUM(OFFSET(T11,-MOD(ROW()-ROW($U$7),5),0,5,1)) -> 5 | W11: =$I11 -> 1 | X11: =IF(ISNUMBER($A11),$W11*(Methuselahs!$A$4+1)+$A11,"") -> 47 | Y11: =IF(ISNUMBER($A11),RANK($X11,$X11:$X15,1),"") -> 1 | Z11: =IF(ISNUMBER($A11),VLOOKUP($A11,Methuselahs!$A$7:$X$306,5),"") -> #N/A | AA11: =$I11 -> 1
A12: =IF(ISBLANK('Tournament Info'!$B$11),"",INDIRECT(ADDRESS(ROW(),1,1,1,"Optimal Seating "&'Tournament Info'!$B$11-1&"R+F"))) -> 6 | B12: =IF(ISNUMBER(A12),VLOOKUP(A12,Methuselahs!$A$7:$E$306,2,FALSE),"") -> Antti | C12: =IF(ISNUMBER(A12),VLOOKUP(A12,Methuselahs!$A$7:$E$306,3,FALSE),"") -> Penttilä | D12: =IF(ISNUMBER(A12),FLOOR((ROW()-ROW($A$7))/5,1)+1,"") -> 2 | E12: 3 | F12: =IF(ISNUMBER(E12),E12,0) -> 3 | G12: =IF(ISNUMBER($A12),IF(AND($F12>=2,$H12=60),1,0),"") -> 1 | H12: =IF(ISNUMBER(A12),IF(OR($S12=$U12,NOT(ISNA(MATCH($D12*5+$V$4,Override!$C$6:$C$125,0)))),$Q12,0),"") -> 60 | I12: =IF(ISNUMBER(A12),IF(J12=5,K12,IF(AND(J12=4,OR(K12=4,K12=3)),K12+1,K12)),"") -> 1 | J12: =COUNT(A12:A16) -> 5 | K12: =IF(ISNUMBER(A12),RANK(F12,F12:F16),"") -> 1 | L12: =IF(J12=5,VLOOKUP(K12,TPMatrix!$A$6:$B$10,2,FALSE),IF(J12=4,VLOOKUP(K12,TPMatrix!$D$6:$E$9,2,FALSE),0)) -> 60 | M12: =IF(COUNTIF(K12:K16,K12)>=2,IF(J12=5,VLOOKUP(K12+1,TPMatrix!$A$6:$B$10,2,FALSE),IF(J12=4,VLOOKUP(K12+1,TPMatrix!$D$6:$E$9,2,FALSE),0)),"") | N12: =IF(COUNTIF(K12:K16,K12)>=3,IF(J12=5,VLOOKUP(K12+2,TPMatrix!$A$6:$B$10,2,FALSE),IF(J12=4,VLOOKUP(K12+2,TPMatrix!$D$6:$E$9,2,FALSE),0)),"") | O12: =IF(COUNTIF(K12:K16,K12)>=4,IF(J12=5,VLOOKUP(K12+3,TPMatrix!$A$6:$B$10,2,FALSE),IF(J12=4,VLOOKUP(K12+3,TPMatrix!$D$6:$E$9,2,FALSE),0)),"") | P12: =IF(COUNTIF(K12:K16,K12)>=5,IF(J12=5,VLOOKUP(K12+4,TPMatrix!$A$6:$B$10,2,FALSE),IF(J12=4,VLOOKUP(K12+4,TPMatrix!$D$6:$E$9,2,FALSE),0)),"") | Q12: =SUM(L12:P12)/COUNT(L12:P12) -> 60 | R12: =COUNT(L12:P12) -> 1 | S12: =IF(ISNUMBER($A12),COUNTIF($D$7:$D$306,$D12),0) -> 5 | T12: =CEILING($F12,1) -> 3 | U12: =SUM(OFFSET(T12,-MOD(ROW()-ROW($U$7),5),0,5,1)) -> 5 | W12: =$I12 -> 1 | X12: =IF(ISNUMBER($A12),$W12*(Methuselahs!$A$4+1)+$A12,"") -> 48 | Y12: =IF(ISNUMBER($A12),RANK($X12,$X12:$X16,1),"") -> 1 | Z12: =IF(ISNUMBER($A12),VLOOKUP($A12,Methuselahs!$A$7:$X$306,5),"") -> 106 | AA12: =$I12 -> 1
A13: =IF(ISBLANK('Tournament Info'!$B$11),"",INDIRECT(ADDRESS(ROW(),1,1,1,"Optimal Seating "&'Tournament Info'!$B$11-1&"R+F"))) -> 7 | B13: =IF(ISNUMBER(A13),VLOOKUP(A13,Methuselahs!$A$7:$E$306,2,FALSE),"") -> Antti | C13: =IF(ISNUMBER(A13),VLOOKUP(A13,Methuselahs!$A$7:$E$306,3,FALSE),"") -> Kauhanen | D13: =IF(ISNUMBER(A13),FLOOR((ROW()-ROW($A$7))/5,1)+1,"") -> 2 | F13: =IF(ISNUMBER(E13),E13,0) -> 0 | G13: =IF(ISNUMBER($A13),IF(AND($F13>=2,$H13=60),1,0),"") -> 0 | H13: =IF(ISNUMBER(A13),IF(OR($S13=$U13,NOT(ISNA(MATCH($D13*5+$V$4,Override!$C$6:$C$125,0)))),$Q13,0),"") -> 24 | I13: =IF(ISNUMBER(A13),IF(J13=5,K13,IF(AND(J13=4,OR(K13=4,K13=3)),K13+1,K13)),"") -> 3 | J13: =COUNT(A12:A16) -> 5 | K13: =IF(ISNUMBER(A13),RANK(F13,F12:F16),"") -> 3 | L13: =IF(J13=5,VLOOKUP(K13,TPMatrix!$A$6:$B$10,2,FALSE),IF(J13=4,VLOOKUP(K13,TPMatrix!$D$6:$E$9,2,FALSE),0)) -> 36 | M13: =IF(COUNTIF(K12:K16,K13)>=2,IF(J13=5,VLOOKUP(K13+1,TPMatrix!$A$6:$B$10,2,FALSE),IF(J13=4,VLOOKUP(K13+1,TPMatrix!$D$6:$E$9,2,FALSE),0)),"") -> 24 | N13: =IF(COUNTIF(K12:K16,K13)>=3,IF(J13=5,VLOOKUP(K13+2,TPMatrix!$A$6:$B$10,2,FALSE),IF(J13=4,VLOOKUP(K13+2,TPMatrix!$D$6:$E$9,2,FALSE),0)),"") -> 12 | O13: =IF(COUNTIF(K12:K16,K13)>=4,IF(J13=5,VLOOKUP(K13+3,TPMatrix!$A$6:$B$10,2,FALSE),IF(J13=4,VLOOKUP(K13+3,TPMatrix!$D$6:$E$9,2,FALSE),0)),"") | P13: =IF(COUNTIF(K12:K16,K13)>=5,IF(J13=5,VLOOKUP(K13+4,TPMatrix!$A$6:$B$10,2,FALSE),IF(J13=4,VLOOKUP(K13+4,TPMatrix!$D$6:$E$9,2,FALSE),0)),"") | Q13: =SUM(L13:P13)/COUNT(L13:P13) -> 24 | R13: =COUNT(L13:P13) -> 3 | S13: =IF(ISNUMBER($A13),COUNTIF($D$7:$D$306,$D13),0) -> 5 | T13: =CEILING($F13,1) -> 0 | U13: =SUM(OFFSET(T13,-MOD(ROW()-ROW($U$7),5),0,5,1)) -> 5 | W13: =$I13 -> 3 | X13: =IF(ISNUMBER($A13),$W13*(Methuselahs!$A$4+1)+$A13,"") -> 133 | Y13: =IF(ISNUMBER($A13),RANK($X13,$X13:$X17,1),"") -> 3 | Z13: =IF(ISNUMBER($A13),VLOOKUP($A13,Methuselahs!$A$7:$X$306,5),"") -> 131 | AA13: =$I13 -> 3
A14: =IF(ISBLANK('Tournament Info'!$B$11),"",INDIRECT(ADDRESS(ROW(),1,1,1,"Optimal Seating "&'Tournament Info'!$B$11-1&"R+F"))) -> 8 | B14: =IF(ISNUMBER(A14),VLOOKUP(A14,Methuselahs!$A$7:$E$306,2,FALSE),"") -> Aleksi | C14: =IF(ISNUMBER(A14),VLOOKUP(A14,Methuselahs!$A$7:$E$306,3,FALSE),"") -> Salonen | D14: =IF(ISNUMBER(A14),FLOOR((ROW()-ROW($A$7))/5,1)+1,"") -> 2 | F14: =IF(ISNUMBER(E14),E14,0) -> 0 | G14: =IF(ISNUMBER($A14),IF(AND($F14>=2,$H14=60),1,0),"") -> 0 | H14: =IF(ISNUMBER(A14),IF(OR($S14=$U14,NOT(ISNA(MATCH($D14*5+$V$4,Override!$C$6:$C$125,0)))),$Q14,0),"") -> 24 | I14: =IF(ISNUMBER(A14),IF(J14=5,K14,IF(AND(J14=4,OR(K14=4,K14=3)),K14+1,K14)),"") -> 3 | J14: =COUNT(A12:A16) -> 5 | K14: =IF(ISNUMBER(A14),RANK(F14,F12:F16),"") -> 3 | L14: =IF(J14=5,VLOOKUP(K14,TPMatrix!$A$6:$B$10,2,FALSE),IF(J14=4,VLOOKUP(K14,TPMatrix!$D$6:$E$9,2,FALSE),0)) -> 36 | M14: =IF(COUNTIF(K12:K16,K14)>=2,IF(J14=5,VLOOKUP(K14+1,TPMatrix!$A$6:$B$10,2,FALSE),IF(J14=4,VLOOKUP(K14+1,TPMatrix!$D$6:$E$9,2,FALSE),0)),"") -> 24 | N14: =IF(COUNTIF(K12:K16,K14)>=3,IF(J14=5,VLOOKUP(K14+2,TPMatrix!$A$6:$B$10,2,FALSE),IF(J14=4,VLOOKUP(K14+2,TPMatrix!$D$6:$E$9,2,FALSE),0)),"") -> 12 | O14: =IF(COUNTIF(K12:K16,K14)>=4,IF(J14=5,VLOOKUP(K14+3,TPMatrix!$A$6:$B$10,2,FALSE),IF(J14=4,VLOOKUP(K14+3,TPMatrix!$D$6:$E$9,2,FALSE),0)),"") | P14: =IF(COUNTIF(K12:K16,K14)>=5,IF(J14=5,VLOOKUP(K14+4,TPMatrix!$A$6:$B$10,2,FALSE),IF(J14=4,VLOOKUP(K14+4,TPMatrix!$D$6:$E$9,2,FALSE),0)),"") | Q14: =SUM(L14:P14)/COUNT(L14:P14) -> 24 | R14: =COUNT(L14:P14) -> 3 | S14: =IF(ISNUMBER($A14),COUNTIF($D$7:$D$306,$D14),0) -> 5 | T14: =CEILING($F14,1) -> 0 | U14: =SUM(OFFSET(T14,-MOD(ROW()-ROW($U$7),5),0,5,1)) -> 5 | W14: =$I14 -> 3 | X14: =IF(ISNUMBER($A14),$W14*(Methuselahs!$A$4+1)+$A14,"") -> 134 | Y14: =IF(ISNUMBER($A14),RANK($X14,$X14:$X18,1),"") -> 4 | Z14: =IF(ISNUMBER($A14),VLOOKUP($A14,Methuselahs!$A$7:$X$306,5),"") -> 131 | AA14: =$I14 -> 3
A15: =IF(ISBLANK('Tournament Info'!$B$11),"",INDIRECT(ADDRESS(ROW(),1,1,1,"Optimal Seating "&'Tournament Info'!$B$11-1&"R+F"))) -> 9 | B15: =IF(ISNUMBER(A15),VLOOKUP(A15,Methuselahs!$A$7:$E$306,2,FALSE),"") -> Niko | C15: =IF(ISNUMBER(A15),VLOOKUP(A15,Methuselahs!$A$7:$E$306,3,FALSE),"") -> Vanhatalo | D15: =IF(ISNUMBER(A15),FLOOR((ROW()-ROW($A$7))/5,1)+1,"") -> 2 | E15: 1.5 | F15: =IF(ISNUMBER(E15),E15,0) -> 1.5 | G15: =IF(ISNUMBER($A15),IF(AND($F15>=2,$H15=60),1,0),"") -> 0 | H15: =IF(ISNUMBER(A15),IF(OR($S15=$U15,NOT(ISNA(MATCH($D15*5+$V$4,Override!$C$6:$C$125,0)))),$Q15,0),"") -> 48 | I15: =IF(ISNUMBER(A15),IF(J15=5,K15,IF(AND(J15=4,OR(K15=4,K15=3)),K15+1,K15)),"") -> 2 | J15: =COUNT(A12:A16) -> 5 | K15: =IF(ISNUMBER(A15),RANK(F15,F12:F16),"") -> 2 | L15: =IF(J15=5,VLOOKUP(K15,TPMatrix!$A$6:$B$10,2,FALSE),IF(J15=4,VLOOKUP(K15,TPMatrix!$D$6:$E$9,2,FALSE),0)) -> 48 | M15: =IF(COUNTIF(K12:K16,K15)>=2,IF(J15=5,VLOOKUP(K15+1,TPMatrix!$A$6:$B$10,2,FALSE),IF(J15=4,VLOOKUP(K15+1,TPMatrix!$D$6:$E$9,2,FALSE),0)),"") | N15: =IF(COUNTIF(K12:K16,K15)>=3,IF(J15=5,VLOOKUP(K15+2,TPMatrix!$A$6:$B$10,2,FALSE),IF(J15=4,VLOOKUP(K15+2,TPMatrix!$D$6:$E$9,2,FALSE),0)),"") | O15: =IF(COUNTIF(K12:K16,K15)>=4,IF(J15=5,VLOOKUP(K15+3,TPMatrix!$A$6:$B$10,2,FALSE),IF(J15=4,VLOOKUP(K15+3,TPMatrix!$D$6:$E$9,2,FALSE),0)),"") | P15: =IF(COUNTIF(K12:K16,K15)>=5,IF(J15=5,VLOOKUP(K15+4,TPMatrix!$A$6:$B$10,2,FALSE),IF(J15=4,VLOOKUP(K15+4,TPMatrix!$D$6:$E$9,2,FALSE),0)),"") | Q15: =SUM(L15:P15)/COUNT(L15:P15) -> 48 | R15: =COUNT(L15:P15) -> 1 | S15: =IF(ISNUMBER($A15),COUNTIF($D$7:$D$306,$D15),0) -> 5 | T15: =CEILING($F15,1) -> 2 | U15: =SUM(OFFSET(T15,-MOD(ROW()-ROW($U$7),5),0,5,1)) -> 5 | W15: =$I15 -> 2 | X15: =IF(ISNUMBER($A15),$W15*(Methuselahs!$A$4+1)+$A15,"") -> 93 | Y15: =IF(ISNUMBER($A15),RANK($X15,$X15:$X19,1),"") -> 1 | Z15: =IF(ISNUMBER($A15),VLOOKUP($A15,Methuselahs!$A$7:$X$306,5),"") -> 131 | AA15: =$I15 -> 2
A16: =IF(ISBLANK('Tournament Info'!$B$11),"",INDIRECT(ADDRESS(ROW(),1,1,1,"Optimal Seating "&'Tournament Info'!$B$11-1&"R+F"))) -> 10 | B16: =IF(ISNUMBER(A16),VLOOKUP(A16,Methuselahs!$A$7:$E$306,2,FALSE),"") -> Janne | C16: =IF(ISNUMBER(A16),VLOOKUP(A16,Methuselahs!$A$7:$E$306,3,FALSE),"") -> Lönnqvist | D16: =IF(ISNUMBER(A16),FLOOR((ROW()-ROW($A$7))/5,1)+1,"") -> 2 | F16: =IF(ISNUMBER(E16),E16,0) -> 0 | G16: =IF(ISNUMBER($A16),IF(AND($F16>=2,$H16=60),1,0),"") -> 0 | H16: =IF(ISNUMBER(A16),IF(OR($S16=$U16,NOT(ISNA(MATCH($D16*5+$V$4,Override!$C$6:$C$125,0)))),$Q16,0),"") -> 24 | I16: =IF(ISNUMBER(A16),IF(J16=5,K16,IF(AND(J16=4,OR(K16=4,K16=3)),K16+1,K16)),"") -> 3 | J16: =COUNT(A12:A16) -> 5 | K16: =IF(ISNUMBER(A16),RANK(F16,F12:F16),"") -> 3 | L16: =IF(J16=5,VLOOKUP(K16,TPMatrix!$A$6:$B$10,2,FALSE),IF(J16=4,VLOOKUP(K16,TPMatrix!$D$6:$E$9,2,FALSE),0)) -> 36 | M16: =IF(COUNTIF(K12:K16,K16)>=2,IF(J16=5,VLOOKUP(K16+1,TPMatrix!$A$6:$B$10,2,FALSE),IF(J16=4,VLOOKUP(K16+1,TPMatrix!$D$6:$E$9,2,FALSE),0)),"") -> 24 | N16: =IF(COUNTIF(K12:K16,K16)>=3,IF(J16=5,VLOOKUP(K16+2,TPMatrix!$A$6:$B$10,2,FALSE),IF(J16=4,VLOOKUP(K16+2,TPMatrix!$D$6:$E$9,2,FALSE),0)),"") -> 12 | O16: =IF(COUNTIF(K12:K16,K16)>=4,IF(J16=5,VLOOKUP(K16+3,TPMatrix!$A$6:$B$10,2,FALSE),IF(J16=4,VLOOKUP(K16+3,TPMatrix!$D$6:$E$9,2,FALSE),0)),"") | P16: =IF(COUNTIF(K12:K16,K16)>=5,IF(J16=5,VLOOKUP(K16+4,TPMatrix!$A$6:$B$10,2,FALSE),IF(J16=4,VLOOKUP(K16+4,TPMatrix!$D$6:$E$9,2,FALSE),0)),"") | Q16: =SUM(L16:P16)/COUNT(L16:P16) -> 24 | R16: =COUNT(L16:P16) -> 3 | S16: =IF(ISNUMBER($A16),COUNTIF($D$7:$D$306,$D16),0) -> 5 | T16: =CEILING($F16,1) -> 0 | U16: =SUM(OFFSET(T16,-MOD(ROW()-ROW($U$7),5),0,5,1)) -> 5 | W16: =$I16 -> 3 | X16: =IF(ISNUMBER($A16),$W16*(Methuselahs!$A$4+1)+$A16,"") -> 136 | Y16: =IF(ISNUMBER($A16),RANK($X16,$X16:$X20,1),"") -> 5 | Z16: =IF(ISNUMBER($A16),VLOOKUP($A16,Methuselahs!$A$7:$X$306,5),"") -> 111 | AA16: =$I16 -> 3
A17: =IF(ISBLANK('Tournament Info'!$B$11),"",INDIRECT(ADDRESS(ROW(),1,1,1,"Optimal Seating "&'Tournament Info'!$B$11-1&"R+F"))) -> 11 | B17: =IF(ISNUMBER(A17),VLOOKUP(A17,Methuselahs!$A$7:$E$306,2,FALSE),"") -> Robin | C17: =IF(ISNUMBER(A17),VLOOKUP(A17,Methuselahs!$A$7:$E$306,3,FALSE),"") -> Vossen | D17: =IF(ISNUMBER(A17),FLOOR((ROW()-ROW($A$7))/5,1)+1,"") -> 3 | F17: =IF(ISNUMBER(E17),E17,0) -> 0 | G17: =IF(ISNUMBER($A17),IF(AND($F17>=2,$H17=60),1,0),"") -> 0 | H17: =IF(ISNUMBER(A17),IF(OR($S17=$U17,NOT(ISNA(MATCH($D17*5+$V$4,Override!$C$6:$C$125,0)))),$Q17,0),"") -> 30 | I17: =IF(ISNUMBER(A17),IF(J17=5,K17,IF(AND(J17=4,OR(K17=4,K17=3)),K17+1,K17)),"") -> 2 | J17: =COUNT(A17:A21) -> 5 | K17: =IF(ISNUMBER(A17),RANK(F17,F17:F21),"") -> 2 | L17: =IF(J17=5,VLOOKUP(K17,TPMatrix!$A$6:$B$10,2,FALSE),IF(J17=4,VLOOKUP(K17,TPMatrix!$D$6:$E$9,2,FALSE),0)) -> 48 | M17: =IF(COUNTIF(K17:K21,K17)>=2,IF(J17=5,VLOOKUP(K17+1,TPMatrix!$A$6:$B$10,2,FALSE),IF(J17=4,VLOOKUP(K17+1,TPMatrix!$D$6:$E$9,2,FALSE),0)),"") -> 36 | N17: =IF(COUNTIF(K17:K21,K17)>=3,IF(J17=5,VLOOKUP(K17+2,TPMatrix!$A$6:$B$10,2,FALSE),IF(J17=4,VLOOKUP(K17+2,TPMatrix!$D$6:$E$9,2,FALSE),0)),"") -> 24 | O17: =IF(COUNTIF(K17:K21,K17)>=4,IF(J17=5,VLOOKUP(K17+3,TPMatrix!$A$6:$B$10,2,FALSE),IF(J17=4,VLOOKUP(K17+3,TPMatrix!$D$6:$E$9,2,FALSE),0)),"") -> 12 | P17: =IF(COUNTIF(K17:K21,K17)>=5,IF(J17=5,VLOOKUP(K17+4,TPMatrix!$A$6:$B$10,2,FALSE),IF(J17=4,VLOOKUP(K17+4,TPMatrix!$D$6:$E$9,2,FALSE),0)),"") | Q17: =SUM(L17:P17)/COUNT(L17:P17) -> 30 | R17: =COUNT(L17:P17) -> 4 | S17: =IF(ISNUMBER($A17),COUNTIF($D$7:$D$306,$D17),0) -> 5 | T17: =CEILING($F17,1) -> 0 | U17: =SUM(OFFSET(T17,-MOD(ROW()-ROW($U$7),5),0,5,1)) -> 5 | W17: =$I17 -> 2 | X17: =IF(ISNUMBER($A17),$W17*(Methuselahs!$A$4+1)+$A17,"") -> 95 | Y17: =IF(ISNUMBER($A17),RANK($X17,$X17:$X21,1),"") -> 2 | Z17: =IF(ISNUMBER($A17),VLOOKUP($A17,Methuselahs!$A$7:$X$306,5),"") -> 111 | AA17: =$I17 -> 2
A18: =IF(ISBLANK('Tournament Info'!$B$11),"",INDIRECT(ADDRESS(ROW(),1,1,1,"Optimal Seating "&'Tournament Info'!$B$11-1&"R+F"))) -> 12 | B18: =IF(ISNUMBER(A18),VLOOKUP(A18,Methuselahs!$A$7:$E$306,2,FALSE),"") -> Timo | C18: =IF(ISNUMBER(A18),VLOOKUP(A18,Methuselahs!$A$7:$E$306,3,FALSE),"") -> Tahvanainen | D18: =IF(ISNUMBER(A18),FLOOR((ROW()-ROW($A$7))/5,1)+1,"") -> 3 | F18: =IF(ISNUMBER(E18),E18,0) -> 0 | G18: =IF(ISNUMBER($A18),IF(AND($F18>=2,$H18=60),1,0),"") -> 0 | H18: =IF(ISNUMBER(A18),IF(OR($S18=$U18,NOT(ISNA(MATCH($D18*5+$V$4,Override!$C$6:$C$125,0)))),$Q18,0),"") -> 30 | I18: =IF(ISNUMBER(A18),IF(J18=5,K18,IF(AND(J18=4,OR(K18=4,K18=3)),K18+1,K18)),"") -> 2 | J18: =COUNT(A17:A21) -> 5 | K18: =IF(ISNUMBER(A18),RANK(F18,F17:F21),"") -> 2 | L18: =IF(J18=5,VLOOKUP(K18,TPMatrix!$A$6:$B$10,2,FALSE),IF(J18=4,VLOOKUP(K18,TPMatrix!$D$6:$E$9,2,FALSE),0)) -> 48 | M18: =IF(COUNTIF(K17:K21,K18)>=2,IF(J18=5,VLOOKUP(K18+1,TPMatrix!$A$6:$B$10,2,FALSE),IF(J18=4,VLOOKUP(K18+1,TPMatrix!$D$6:$E$9,2,FALSE),0)),"") -> 36 | N18: =IF(COUNTIF(K17:K21,K18)>=3,IF(J18=5,VLOOKUP(K18+2,TPMatrix!$A$6:$B$10,2,FALSE),IF(J18=4,VLOOKUP(K18+2,TPMatrix!$D$6:$E$9,2,FALSE),0)),"") -> 24 | O18: =IF(COUNTIF(K17:K21,K18)>=4,IF(J18=5,VLOOKUP(K18+3,TPMatrix!$A$6:$B$10,2,FALSE),IF(J18=4,VLOOKUP(K18+3,TPMatrix!$D$6:$E$9,2,FALSE),0)),"") -> 12 | P18: =IF(COUNTIF(K17:K21,K18)>=5,IF(J18=5,VLOOKUP(K18+4,TPMatrix!$A$6:$B$10,2,FALSE),IF(J18=4,VLOOKUP(K18+4,TPMatrix!$D$6:$E$9,2,FALSE),0)),"") | Q18: =SUM(L18:P18)/COUNT(L18:P18) -> 30 | R18: =COUNT(L18:P18) -> 4 | S18: =IF(ISNUMBER($A18),COUNTIF($D$7:$D$306,$D18),0) -> 5 | T18: =CEILING($F18,1) -> 0 | U18: =SUM(OFFSET(T18,-MOD(ROW()-ROW($U$7),5),0,5,1)) -> 5 | W18: =$I18 -> 2 | X18: =IF(ISNUMBER($A18),$W18*(Methuselahs!$A$4+1)+$A18,"") -> 96 | Y18: =IF(ISNUMBER($A18),RANK($X18,$X18:$X22,1),"") -> 3 | Z18: =IF(ISNUMBER($A18),VLOOKUP($A18,Methuselahs!$A$7:$X$306,5),"") -> 111 | AA18: =$I18 -> 2
A19: =IF(ISBLANK('Tournament Info'!$B$11),"",INDIRECT(ADDRESS(ROW(),1,1,1,"Optimal Seating "&'Tournament Info'!$B$11-1&"R+F"))) -> 13 | B19: =IF(ISNUMBER(A19),VLOOKUP(A19,Methuselahs!$A$7:$E$306,2,FALSE),"") -> Tommi | C19: =IF(ISNUMBER(A19),VLOOKUP(A19,Methuselahs!$A$7:$E$306,3,FALSE),"") -> Ketonen | D19: =IF(ISNUMBER(A19),FLOOR((ROW()-ROW($A$7))/5,1)+1,"") -> 3 | F19: =IF(ISNUMBER(E19),E19,0) -> 0 | G19: =IF(ISNUMBER($A19),IF(AND($F19>=2,$H19=60),1,0),"") -> 0 | H19: =IF(ISNUMBER(A19),IF(OR($S19=$U19,NOT(ISNA(MATCH($D19*5+$V$4,Override!$C$6:$C$125,0)))),$Q19,0),"") -> 30 | I19: =IF(ISNUMBER(A19),IF(J19=5,K19,IF(AND(J19=4,OR(K19=4,K19=3)),K19+1,K19)),"") -> 2 | J19: =COUNT(A17:A21) -> 5 | K19: =IF(ISNUMBER(A19),RANK(F19,F17:F21),"") -> 2 | L19: =IF(J19=5,VLOOKUP(K19,TPMatrix!$A$6:$B$10,2,FALSE),IF(J19=4,VLOOKUP(K19,TPMatrix!$D$6:$E$9,2,FALSE),0)) -> 48 | M19: =IF(COUNTIF(K17:K21,K19)>=2,IF(J19=5,VLOOKUP(K19+1,TPMatrix!$A$6:$B$10,2,FALSE),IF(J19=4,VLOOKUP(K19+1,TPMatrix!$D$6:$E$9,2,FALSE),0)),"") -> 36 | N19: =IF(COUNTIF(K17:K21,K19)>=3,IF(J19=5,VLOOKUP(K19+2,TPMatrix!$A$6:$B$10,2,FALSE),IF(J19=4,VLOOKUP(K19+2,TPMatrix!$D$6:$E$9,2,FALSE),0)),"") -> 24 | O19: =IF(COUNTIF(K17:K21,K19)>=4,IF(J19=5,VLOOKUP(K19+3,TPMatrix!$A$6:$B$10,2,FALSE),IF(J19=4,VLOOKUP(K19+3,TPMatrix!$D$6:$E$9,2,FALSE),0)),"") -> 12 | P19: =IF(COUNTIF(K17:K21,K19)>=5,IF(J19=5,VLOOKUP(K19+4,TPMatrix!$A$6:$B$10,2,FALSE),IF(J19=4,VLOOKUP(K19+4,TPMatrix!$D$6:$E$9,2,FALSE),0)),"") | Q19: =SUM(L19:P19)/COUNT(L19:P19) -> 30 | R19: =COUNT(L19:P19) -> 4 | S19: =IF(ISNUMBER($A19),COUNTIF($D$7:$D$306,$D19),0) -> 5 | T19: =CEILING($F19,1) -> 0 | U19: =SUM(OFFSET(T19,-MOD(ROW()-ROW($U$7),5),0,5,1)) -> 5 | W19: =$I19 -> 2 | X19: =IF(ISNUMBER($A19),$W19*(Methuselahs!$A$4+1)+$A19,"") -> 97 | Y19: =IF(ISNUMBER($A19),RANK($X19,$X19:$X23,1),"") -> 3 | Z19: =IF(ISNUMBER($A19),VLOOKUP($A19,Methuselahs!$A$7:$X$306,5),"") -> 111 | AA19: =$I19 -> 2
A20: =IF(ISBLANK('Tournament Info'!$B$11),"",INDIRECT(ADDRESS(ROW(),1,1,1,"Optimal Seating "&'Tournament Info'!$B$11-1&"R+F"))) -> 14 | B20: =IF(ISNUMBER(A20),VLOOKUP(A20,Methuselahs!$A$7:$E$306,2,FALSE),"") -> Pekka | C20: =IF(ISNUMBER(A20),VLOOKUP(A20,Methuselahs!$A$7:$E$306,3,FALSE),"") -> Kinnunen | D20: =IF(ISNUMBER(A20),FLOOR((ROW()-ROW($A$7))/5,1)+1,"") -> 3 | F20: =IF(ISNUMBER(E20),E20,0) -> 0 | G20: =IF(ISNUMBER($A20),IF(AND($F20>=2,$H20=60),1,0),"") -> 0 | H20: =IF(ISNUMBER(A20),IF(OR($S20=$U20,NOT(ISNA(MATCH($D20*5+$V$4,Override!$C$6:$C$125,0)))),$Q20,0),"") -> 30 | I20: =IF(ISNUMBER(A20),IF(J20=5,K20,IF(AND(J20=4,OR(K20=4,K20=3)),K20+1,K20)),"") -> 2 | J20: =COUNT(A17:A21) -> 5 | K20: =IF(ISNUMBER(A20),RANK(F20,F17:F21),"") -> 2 | L20: =IF(J20=5,VLOOKUP(K20,TPMatrix!$A$6:$B$10,2,FALSE),IF(J20=4,VLOOKUP(K20,TPMatrix!$D$6:$E$9,2,FALSE),0)) -> 48 | M20: =IF(COUNTIF(K17:K21,K20)>=2,IF(J20=5,VLOOKUP(K20+1,TPMatrix!$A$6:$B$10,2,FALSE),IF(J20=4,VLOOKUP(K20+1,TPMatrix!$D$6:$E$9,2,FALSE),0)),"") -> 36 | N20: =IF(COUNTIF(K17:K21,K20)>=3,IF(J20=5,VLOOKUP(K20+2,TPMatrix!$A$6:$B$10,2,FALSE),IF(J20=4,VLOOKUP(K20+2,TPMatrix!$D$6:$E$9,2,FALSE),0)),"") -> 24 | O20: =IF(COUNTIF(K17:K21,K20)>=4,IF(J20=5,VLOOKUP(K20+3,TPMatrix!$A$6:$B$10,2,FALSE),IF(J20=4,VLOOKUP(K20+3,TPMatrix!$D$6:$E$9,2,FALSE),0)),"") -> 12 | P20: =IF(COUNTIF(K17:K21,K20)>=5,IF(J20=5,VLOOKUP(K20+4,TPMatrix!$A$6:$B$10,2,FALSE),IF(J20=4,VLOOKUP(K20+4,TPMatrix!$D$6:$E$9,2,FALSE),0)),"") | Q20: =SUM(L20:P20)/COUNT(L20:P20) -> 30 | R20: =COUNT(L20:P20) -> 4 | S20: =IF(ISNUMBER($A20),COUNTIF($D$7:$D$306,$D20),0) -> 5 | T20: =CEILING($F20,1) -> 0 | U20: =SUM(OFFSET(T20,-MOD(ROW()-ROW($U$7),5),0,5,1)) -> 5 | W20: =$I20 -> 2 | X20: =IF(ISNUMBER($A20),$W20*(Methuselahs!$A$4+1)+$A20,"") -> 98 | Y20: =IF(ISNUMBER($A20),RANK($X20,$X20:$X24,1),"") -> 3 | Z20: =IF(ISNUMBER($A20),VLOOKUP($A20,Methuselahs!$A$7:$X$306,5),"") -> 111 | AA20: =$I20 -> 2
